date,tmean,tmax,tmin,n_obs,rain,humidity,month,year,season
1996-01-01,15.341666666666667,21.7,9.6,24,0.0,67.29166666666667,1,1996,Winter
1996-01-02,15.4375,21.7,9.2,24,0.4,69.79166666666667,1,1996,Winter
1996-01-03,15.5,21.9,9.2,24,0.0,69.29166666666667,1,1996,Winter
1996-01-04,14.829166666666666,21.9,8.7,24,0.0,62.875,1,1996,Winter
1996-01-05,14.308333333333332,21.5,8.2,24,0.0,58.5,1,1996,Winter
1996-01-06,13.174999999999999,21.1,5.5,24,0.0,60.5,1,1996,Winter
1996-01-07,12.970833333333333,20.3,5.2,24,0.0,61.791666666666664,1,1996,Winter
1996-01-08,13.8375,20.5,7.1,24,0.0,64.20833333333333,1,1996,Winter
1996-01-09,13.983333333333334,20.5,8.4,24,0.0,64.79166666666667,1,1996,Winter
1996-01-10,13.950000000000001,20.1,8.7,24,0.0,66.70833333333333,1,1996,Winter
1996-01-11,13.183333333333332,20.3,6.1,24,0.0,69.79166666666667,1,1996,Winter
1996-01-12,14.183333333333332,21.5,7.1,24,0.0,63.375,1,1996,Winter
1996-01-13,15.6,22.1,9.4,24,0.0,54.291666666666664,1,1996,Winter
1996-01-14,15.237499999999999,19.8,12.5,24,2.6,57.916666666666664,1,1996,Winter
1996-01-15,15.362499999999999,19.7,13.2,24,16.900000000000002,79.5,1,1996,Winter
1996-01-16,14.179166666666667,17.8,10.4,24,4.9,82.875,1,1996,Winter
1996-01-17,12.558333333333332,17.8,7.8,24,0.30000000000000004,79.41666666666667,1,1996,Winter
1996-01-18,11.491666666666667,17.4,7.1,24,0.0,74.58333333333333,1,1996,Winter
1996-01-19,11.458333333333334,17.8,5.6,24,0.0,67.58333333333333,1,1996,Winter
1996-01-20,12.066666666666668,19.3,6.0,24,0.0,63.0,1,1996,Winter
1996-01-21,12.683333333333332,19.8,5.8,24,0.0,66.75,1,1996,Winter
1996-01-22,15.070833333333333,21.5,10.2,24,0.1,68.04166666666667,1,1996,Winter
1996-01-23,13.720833333333333,19.9,8.5,24,0.0,75.0,1,1996,Winter
1996-01-24,12.683333333333332,18.4,7.3,24,0.0,54.625,1,1996,Winter
1996-01-25,13.8125,20.3,9.6,24,0.0,53.666666666666664,1,1996,Winter
1996-01-26,13.354166666666666,20.1,6.9,24,0.0,66.70833333333333,1,1996,Winter
1996-01-27,12.858333333333334,20.4,6.1,24,0.0,59.083333333333336,1,1996,Winter
1996-01-28,12.966666666666667,20.1,7.2,24,0.0,51.541666666666664,1,1996,Winter
1996-01-29,12.208333333333334,19.3,6.3,24,0.0,42.125,1,1996,Winter
1996-01-30,12.516666666666666,21.0,5.9,24,0.0,42.208333333333336,1,1996,Winter
1996-01-31,12.383333333333333,21.3,3.5,24,0.0,53.75,1,1996,Winter
1996-02-01,13.708333333333334,21.1,7.2,24,0.0,59.875,2,1996,Winter
1996-02-02,13.308333333333332,21.5,5.3,24,0.0,70.58333333333333,2,1996,Winter
1996-02-03,14.6,23.2,7.2,24,0.0,62.75,2,1996,Winter
1996-02-04,14.633333333333333,23.4,5.8,24,0.0,58.708333333333336,2,1996,Winter
1996-02-05,15.054166666666667,24.0,6.4,24,0.0,56.875,2,1996,Winter
1996-02-06,16.608333333333334,25.3,8.1,24,0.0,56.791666666666664,2,1996,Winter
1996-02-07,18.5125,26.9,10.8,24,0.0,57.416666666666664,2,1996,Winter
1996-02-08,19.400000000000002,26.7,12.9,24,10.6,59.458333333333336,2,1996,Winter
1996-02-09,15.595833333333333,19.4,13.7,24,11.3,83.54166666666667,2,1996,Winter
1996-02-10,13.920833333333334,16.0,13.0,24,13.9,90.66666666666667,2,1996,Winter
1996-02-11,15.4,19.1,12.8,24,0.1,76.79166666666667,2,1996,Winter
1996-02-12,14.975,21.1,9.3,24,0.0,75.91666666666667,2,1996,Winter
1996-02-13,15.045833333333334,21.7,8.3,24,0.0,75.75,2,1996,Winter
1996-02-14,16.733333333333334,23.4,9.5,24,0.0,72.70833333333333,2,1996,Winter
1996-02-15,16.345833333333335,21.2,11.9,24,10.1,78.625,2,1996,Winter
1996-02-16,15.729166666666666,22.1,9.9,24,0.0,76.08333333333333,2,1996,Winter
1996-02-17,15.491666666666667,22.3,10.1,24,0.0,66.0,2,1996,Winter
1996-02-18,16.204166666666666,23.7,10.1,24,0.0,56.458333333333336,2,1996,Winter
1996-02-19,16.25,23.8,10.2,24,0.0,60.208333333333336,2,1996,Winter
1996-02-20,16.466666666666665,24.3,9.6,24,0.0,61.625,2,1996,Winter
1996-02-21,17.891666666666666,25.3,11.4,24,0.0,58.916666666666664,2,1996,Winter
1996-02-22,18.658333333333335,25.5,11.7,24,0.0,65.16666666666667,2,1996,Winter
1996-02-23,18.470833333333335,24.3,13.5,24,0.7000000000000001,62.416666666666664,2,1996,Winter
1996-02-24,19.320833333333333,26.5,14.3,24,4.0,69.08333333333333,2,1996,Winter
1996-02-25,17.770833333333332,23.5,14.8,24,16.3,85.75,2,1996,Winter
1996-02-26,16.354166666666668,19.5,13.0,24,14.1,84.33333333333333,2,1996,Winter
1996-02-27,15.525,21.9,10.1,24,0.0,80.125,2,1996,Winter
1996-02-28,16.650000000000002,23.6,10.8,24,0.0,70.41666666666667,2,1996,Winter
1996-02-29,17.633333333333333,25.4,11.3,24,0.0,69.0,2,1996,Winter
1996-03-01,18.120833333333334,26.2,11.4,24,0.0,68.41666666666667,3,1996,Summer
1996-03-02,18.545833333333334,23.5,14.1,24,12.4,75.08333333333333,3,1996,Summer
1996-03-03,19.0125,25.8,13.4,24,0.0,76.83333333333333,3,1996,Summer
1996-03-04,20.191666666666666,26.9,14.4,24,0.0,72.54166666666667,3,1996,Summer
1996-03-05,20.745833333333334,27.1,15.2,24,0.0,67.875,3,1996,Summer
1996-03-06,21.304166666666667,28.7,13.4,24,0.0,65.29166666666667,3,1996,Summer
1996-03-07,21.454166666666666,29.1,15.4,24,0.0,68.875,3,1996,Summer
1996-03-08,21.204166666666666,27.9,14.7,24,0.0,59.791666666666664,3,1996,Summer
1996-03-09,22.016666666666666,29.1,15.5,24,0.0,57.916666666666664,3,1996,Summer
1996-03-10,22.858333333333334,30.0,16.2,24,0.0,57.666666666666664,3,1996,Summer
1996-03-11,24.59166666666667,31.6,18.3,24,0.0,53.166666666666664,3,1996,Summer
1996-03-12,24.883333333333336,34.0,17.4,24,0.0,54.708333333333336,3,1996,Summer
1996-03-13,24.224999999999998,31.1,18.2,24,0.0,51.291666666666664,3,1996,Summer
1996-03-14,24.28333333333333,31.6,17.0,24,0.0,51.458333333333336,3,1996,Summer
1996-03-15,24.633333333333336,31.5,18.3,24,1.1,53.625,3,1996,Summer
1996-03-16,23.7375,28.7,19.8,24,0.1,54.416666666666664,3,1996,Summer
1996-03-17,21.525000000000002,27.3,16.7,24,2.8,66.29166666666667,3,1996,Summer
1996-03-18,21.075,26.4,16.4,24,1.1,64.16666666666667,3,1996,Summer
1996-03-19,21.1125,27.3,15.3,24,0.30000000000000004,67.66666666666667,3,1996,Summer
1996-03-20,21.650000000000002,28.3,15.0,24,0.0,61.541666666666664,3,1996,Summer
1996-03-21,22.02916666666667,28.4,13.9,24,0.5,56.541666666666664,3,1996,Summer
1996-03-22,21.52916666666667,26.9,16.9,24,0.7,59.5,3,1996,Summer
1996-03-23,21.433333333333334,28.0,14.6,24,0.0,54.25,3,1996,Summer
1996-03-24,22.587500000000002,29.4,15.9,24,0.0,50.625,3,1996,Summer
1996-03-25,24.45,31.9,16.0,24,0.0,49.541666666666664,3,1996,Summer
1996-03-26,25.0,32.0,17.9,24,0.1,44.833333333333336,3,1996,Summer
1996-03-27,25.84166666666667,33.7,18.1,24,0.0,41.291666666666664,3,1996,Summer
1996-03-28,27.808333333333334,35.9,19.2,24,0.0,38.458333333333336,3,1996,Summer
1996-03-29,28.15833333333333,35.8,19.2,24,0.0,35.791666666666664,3,1996,Summer
1996-03-30,25.2375,31.6,19.8,24,0.0,23.583333333333332,3,1996,Summer
1996-03-31,22.691666666666666,29.6,15.8,24,0.0,31.458333333333332,3,1996,Summer
1996-04-01,22.22083333333333,30.3,13.7,24,0.0,28.375,4,1996,Summer
1996-04-02,23.6375,32.3,13.5,24,0.0,29.333333333333332,4,1996,Summer
1996-04-03,25.020833333333332,34.5,14.1,24,0.0,30.958333333333332,4,1996,Summer
1996-04-04,26.650000000000002,35.3,17.2,24,0.0,30.333333333333332,4,1996,Summer
1996-04-05,28.220833333333335,36.6,18.9,24,0.0,26.958333333333332,4,1996,Summer
1996-04-06,28.570833333333336,35.5,20.0,24,0.4,27.208333333333332,4,1996,Summer
1996-04-07,28.416666666666668,36.0,20.1,24,0.1,30.875,4,1996,Summer
1996-04-08,26.400000000000002,33.6,19.8,24,0.0,21.583333333333332,4,1996,Summer
1996-04-09,25.804166666666664,33.2,17.3,24,0.0,24.125,4,1996,Summer
1996-04-10,25.474999999999998,33.7,15.1,24,0.0,27.916666666666668,4,1996,Summer
1996-04-11,27.004166666666666,35.4,16.1,24,0.0,27.333333333333332,4,1996,Summer
1996-04-12,29.57083333333333,37.0,21.2,24,0.0,21.25,4,1996,Summer
1996-04-13,28.995833333333334,37.8,19.5,24,0.1,24.041666666666668,4,1996,Summer
1996-04-14,28.604166666666668,36.9,19.8,24,0.0,25.083333333333332,4,1996,Summer
1996-04-15,29.5,37.7,19.1,24,0.0,27.083333333333332,4,1996,Summer
1996-04-16,30.545833333333334,38.3,20.9,24,0.0,30.916666666666668,4,1996,Summer
1996-04-17,30.691666666666666,37.7,23.8,24,0.0,33.5,4,1996,Summer
1996-04-18,31.8,38.6,24.8,24,0.1,33.708333333333336,4,1996,Summer
1996-04-19,30.6875,38.4,23.3,24,0.2,31.666666666666668,4,1996,Summer
1996-04-20,29.787499999999998,36.4,23.4,24,0.1,33.958333333333336,4,1996,Summer
1996-04-21,29.770833333333332,36.6,22.5,24,0.3,30.333333333333332,4,1996,Summer
1996-04-22,28.90416666666667,35.6,22.7,24,3.9000000000000004,38.833333333333336,4,1996,Summer
1996-04-23,27.991666666666664,34.8,20.8,24,0.0,48.708333333333336,4,1996,Summer
1996-04-24,29.254166666666666,36.8,20.7,24,0.0,41.041666666666664,4,1996,Summer
1996-04-25,29.829166666666666,37.8,21.3,24,0.0,38.083333333333336,4,1996,Summer
1996-04-26,30.425,37.8,23.1,24,0.0,39.291666666666664,4,1996,Summer
1996-04-27,31.650000000000002,37.9,25.2,24,0.0,38.625,4,1996,Summer
1996-04-28,33.012499999999996,39.5,25.9,24,0.0,38.0,4,1996,Summer
1996-04-29,33.55833333333333,40.5,25.4,24,0.3,32.0,4,1996,Summer
1996-04-30,33.237500000000004,42.0,26.1,24,1.3,31.166666666666668,4,1996,Summer
1996-05-01,32.56666666666667,40.7,24.1,24,0.0,30.958333333333332,5,1996,Summer
1996-05-02,32.65833333333333,41.0,23.9,24,0.0,21.333333333333332,5,1996,Summer
1996-05-03,32.525,40.2,24.8,24,0.0,21.125,5,1996,Summer
1996-05-04,32.208333333333336,40.5,22.7,24,0.0,23.875,5,1996,Summer
1996-05-05,32.82083333333333,40.9,23.1,24,0.0,20.875,5,1996,Summer
1996-05-06,32.225,40.5,23.1,24,0.0,14.708333333333334,5,1996,Summer
1996-05-07,31.958333333333332,39.8,23.0,24,0.0,11.666666666666666,5,1996,Summer
1996-05-08,32.99166666666667,41.5,23.0,24,0.0,16.208333333333332,5,1996,Summer
1996-05-09,33.65,41.7,25.2,24,0.0,14.541666666666666,5,1996,Summer
1996-05-10,33.97083333333333,41.2,25.6,24,0.0,13.125,5,1996,Summer
1996-05-11,33.05833333333333,39.8,26.5,24,0.4,29.125,5,1996,Summer
1996-05-12,31.412499999999998,38.5,23.7,24,0.0,31.5,5,1996,Summer
1996-05-13,32.44583333333333,40.0,23.6,24,0.0,26.375,5,1996,Summer
1996-05-14,31.770833333333332,39.2,24.8,24,2.1,34.125,5,1996,Summer
1996-05-15,29.708333333333332,37.3,23.3,24,3.8,55.166666666666664,5,1996,Summer
1996-05-16,29.0625,36.3,22.8,24,0.1,52.041666666666664,5,1996,Summer
1996-05-17,30.266666666666666,36.8,22.7,24,0.0,43.666666666666664,5,1996,Summer
1996-05-18,30.7375,37.6,22.9,24,0.0,33.791666666666664,5,1996,Summer
1996-05-19,29.97083333333333,36.5,24.3,24,0.4,38.208333333333336,5,1996,Summer
1996-05-20,30.391666666666666,36.4,22.6,24,0.0,40.333333333333336,5,1996,Summer
1996-05-21,32.15,39.0,24.8,24,0.0,32.291666666666664,5,1996,Summer
1996-05-22,32.06666666666667,38.7,25.8,24,0.3,32.916666666666664,5,1996,Summer
1996-05-23,32.225,38.2,25.1,24,0.2,41.0,5,1996,Summer
1996-05-24,33.670833333333334,39.9,27.3,24,0.0,37.833333333333336,5,1996,Summer
1996-05-25,33.1875,38.9,27.3,24,0.0,36.041666666666664,5,1996,Summer
1996-05-26,33.28333333333334,39.5,26.5,24,0.0,33.083333333333336,5,1996,Summer
1996-05-27,34.987500000000004,41.9,27.0,24,0.0,29.875,5,1996,Summer
1996-05-28,35.916666666666664,43.2,28.2,24,0.0,23.333333333333332,5,1996,Summer
1996-05-29,35.49166666666667,42.4,29.0,24,2.6,27.625,5,1996,Summer
1996-05-30,35.637499999999996,42.4,28.9,24,0.0,29.75,5,1996,Summer
1996-05-31,35.0625,42.0,27.8,24,0.0,32.916666666666664,5,1996,Summer
1996-06-01,36.11666666666667,43.8,27.4,24,0.0,21.583333333333332,6,1996,Monsoon
1996-06-02,35.77916666666667,42.7,28.8,24,0.0,21.375,6,1996,Monsoon
1996-06-03,35.0875,43.0,26.4,24,0.0,29.583333333333332,6,1996,Monsoon
1996-06-04,33.6625,43.0,27.4,24,1.5000000000000002,46.166666666666664,6,1996,Monsoon
1996-06-05,30.191666666666666,36.6,25.7,24,0.9,56.791666666666664,6,1996,Monsoon
1996-06-06,30.0625,36.3,24.4,24,1.2,59.416666666666664,6,1996,Monsoon
1996-06-07,33.05416666666667,37.9,27.6,24,0.2,50.583333333333336,6,1996,Monsoon
1996-06-08,33.420833333333334,38.6,28.7,24,0.1,46.75,6,1996,Monsoon
1996-06-09,31.587500000000002,35.5,26.7,24,1.7,56.5,6,1996,Monsoon
1996-06-10,31.974999999999998,36.9,27.5,24,3.2,55.125,6,1996,Monsoon
1996-06-11,34.358333333333334,39.4,28.9,24,0.0,47.083333333333336,6,1996,Monsoon
1996-06-12,34.324999999999996,39.2,29.5,24,0.5,47.791666666666664,6,1996,Monsoon
1996-06-13,30.90416666666667,35.2,26.6,24,11.2,66.29166666666667,6,1996,Monsoon
1996-06-14,31.0,35.8,27.1,24,4.3,67.41666666666667,6,1996,Monsoon
1996-06-15,31.833333333333332,36.6,28.1,24,9.0,64.16666666666667,6,1996,Monsoon
1996-06-16,31.84166666666667,36.3,29.0,24,0.8999999999999999,66.25,6,1996,Monsoon
1996-06-17,32.525,37.5,27.5,24,0.30000000000000004,60.416666666666664,6,1996,Monsoon
1996-06-18,33.09583333333334,38.2,29.1,24,0.5,58.0,6,1996,Monsoon
1996-06-19,32.38333333333333,36.7,29.0,24,2.9000000000000004,61.458333333333336,6,1996,Monsoon
1996-06-20,31.25,36.5,27.4,24,4.1,68.70833333333333,6,1996,Monsoon
1996-06-21,30.5,35.3,27.1,24,1.7000000000000002,68.375,6,1996,Monsoon
1996-06-22,27.358333333333334,30.2,25.8,24,20.7,80.625,6,1996,Monsoon
1996-06-23,25.666666666666668,26.4,25.1,24,31.400000000000002,91.5,6,1996,Monsoon
1996-06-24,25.983333333333334,28.0,25.3,24,86.7,91.70833333333333,6,1996,Monsoon
1996-06-25,27.675,31.4,25.2,24,15.7,84.375,6,1996,Monsoon
1996-06-26,28.5,32.2,26.1,24,11.0,81.16666666666667,6,1996,Monsoon
1996-06-27,29.620833333333334,34.0,25.4,24,4.0,76.83333333333333,6,1996,Monsoon
1996-06-28,30.7,34.8,27.0,24,0.0,65.5,6,1996,Monsoon
1996-06-29,30.662499999999998,34.1,27.9,24,0.0,62.625,6,1996,Monsoon
1996-06-30,29.787499999999998,32.7,26.4,24,1.5,67.0,6,1996,Monsoon
1996-07-01,28.208333333333332,32.5,24.2,24,7.1,80.08333333333333,7,1996,Monsoon
1996-07-02,29.233333333333334,34.3,25.2,24,1.4,75.66666666666667,7,1996,Monsoon
1996-07-03,30.391666666666666,35.2,26.1,24,1.5,67.91666666666667,7,1996,Monsoon
1996-07-04,29.741666666666664,34.6,26.1,24,1.9000000000000001,73.29166666666667,7,1996,Monsoon
1996-07-05,30.133333333333336,35.2,26.5,24,1.7000000000000002,68.66666666666667,7,1996,Monsoon
1996-07-06,30.016666666666666,35.1,25.2,24,3.4,70.95833333333333,7,1996,Monsoon
1996-07-07,30.512500000000003,34.8,26.1,24,0.2,70.91666666666667,7,1996,Monsoon
1996-07-08,30.270833333333332,33.5,27.3,24,0.5,75.70833333333333,7,1996,Monsoon
1996-07-09,30.516666666666666,34.5,27.2,24,0.5,74.79166666666667,7,1996,Monsoon
1996-07-10,30.474999999999998,35.9,26.2,24,5.9,76.95833333333333,7,1996,Monsoon
1996-07-11,31.349999999999998,36.7,28.1,24,0.9000000000000001,70.29166666666667,7,1996,Monsoon
1996-07-12,30.495833333333334,35.5,27.0,24,0.30000000000000004,73.16666666666667,7,1996,Monsoon
1996-07-13,31.025000000000002,36.0,26.3,24,0.4,70.29166666666667,7,1996,Monsoon
1996-07-14,30.658333333333335,35.2,26.8,24,0.9,73.16666666666667,7,1996,Monsoon
1996-07-15,28.099999999999998,31.4,24.8,24,15.1,81.75,7,1996,Monsoon
1996-07-16,29.258333333333336,32.6,26.1,24,0.8,77.91666666666667,7,1996,Monsoon
1996-07-17,28.900000000000002,32.8,25.5,24,8.2,80.16666666666667,7,1996,Monsoon
1996-07-18,29.09583333333333,33.3,25.7,24,5.9,81.125,7,1996,Monsoon
1996-07-19,29.829166666666666,34.2,26.1,24,2.5,82.75,7,1996,Monsoon
1996-07-20,29.295833333333334,34.2,25.9,24,3.8,82.08333333333333,7,1996,Monsoon
1996-07-21,27.879166666666666,30.1,26.0,24,2.1,87.0,7,1996,Monsoon
1996-07-22,27.391666666666666,30.7,25.7,24,12.3,87.95833333333333,7,1996,Monsoon
1996-07-23,28.6125,32.3,26.0,24,3.4000000000000004,83.16666666666667,7,1996,Monsoon
1996-07-24,27.691666666666666,30.5,25.6,24,13.7,89.04166666666667,7,1996,Monsoon
1996-07-25,27.6125,31.1,25.6,24,19.3,89.66666666666667,7,1996,Monsoon
1996-07-26,29.712500000000002,33.9,26.0,24,4.4,83.79166666666667,7,1996,Monsoon
1996-07-27,29.104166666666668,32.7,26.6,24,3.4,82.08333333333333,7,1996,Monsoon
1996-07-28,28.270833333333332,31.3,26.0,24,1.7999999999999998,80.45833333333333,7,1996,Monsoon
1996-07-29,28.77916666666667,32.4,25.7,24,2.1,77.20833333333333,7,1996,Monsoon
1996-07-30,28.708333333333332,32.3,26.4,24,6.0,81.33333333333333,7,1996,Monsoon
1996-07-31,28.641666666666666,31.4,26.9,24,2.1,74.66666666666667,7,1996,Monsoon
1996-08-01,28.2,31.7,26.2,24,5.7,77.33333333333333,8,1996,Monsoon
1996-08-02,27.53333333333333,30.5,25.6,24,9.8,86.875,8,1996,Monsoon
1996-08-03,26.5,29.1,25.0,24,9.0,90.54166666666667,8,1996,Monsoon
1996-08-04,27.6375,31.2,24.6,24,3.3000000000000003,85.70833333333333,8,1996,Monsoon
1996-08-05,28.179166666666664,31.6,26.0,24,4.800000000000001,85.33333333333333,8,1996,Monsoon
1996-08-06,28.21666666666667,31.5,26.0,24,4.1,83.79166666666667,8,1996,Monsoon
1996-08-07,28.15416666666667,31.1,25.8,24,4.800000000000001,84.29166666666667,8,1996,Monsoon
1996-08-08,28.09166666666667,31.6,25.4,24,3.0,81.70833333333333,8,1996,Monsoon
1996-08-09,28.433333333333334,32.8,25.5,24,3.3,77.08333333333333,8,1996,Monsoon
1996-08-10,27.575,29.7,26.0,24,2.3,84.79166666666667,8,1996,Monsoon
1996-08-11,27.108333333333334,29.7,25.8,24,12.1,88.20833333333333,8,1996,Monsoon
1996-08-12,28.020833333333332,31.6,25.5,24,8.2,85.45833333333333,8,1996,Monsoon
1996-08-13,27.037499999999998,30.2,25.2,24,23.6,89.25,8,1996,Monsoon
1996-08-14,26.3125,28.3,25.0,24,22.2,91.54166666666667,8,1996,Monsoon
1996-08-15,25.599999999999998,27.7,24.5,24,14.4,92.33333333333333,8,1996,Monsoon
1996-08-16,25.7375,28.2,24.3,24,18.5,91.33333333333333,8,1996,Monsoon
1996-08-17,25.795833333333334,28.3,24.5,24,11.4,92.41666666666667,8,1996,Monsoon
1996-08-18,26.108333333333334,29.2,24.3,24,10.7,91.125,8,1996,Monsoon
1996-08-19,26.78333333333333,29.7,24.2,24,5.8999999999999995,87.0,8,1996,Monsoon
1996-08-20,25.400000000000002,27.9,24.3,24,31.1,92.70833333333333,8,1996,Monsoon
1996-08-21,25.53333333333333,28.0,24.1,24,12.5,90.08333333333333,8,1996,Monsoon
1996-08-22,24.40416666666667,25.0,23.2,24,8.0,91.58333333333333,8,1996,Monsoon
1996-08-23,24.537499999999998,27.0,22.7,24,57.199999999999996,93.29166666666667,8,1996,Monsoon
1996-08-24,26.40833333333333,30.7,22.8,24,2.1,85.58333333333333,8,1996,Monsoon
1996-08-25,27.712500000000002,31.7,23.8,24,1.0,82.58333333333333,8,1996,Monsoon
1996-08-26,28.883333333333336,32.4,24.6,24,0.30000000000000004,80.375,8,1996,Monsoon
1996-08-27,28.883333333333336,32.0,26.0,24,0.9,83.04166666666667,8,1996,Monsoon
1996-08-28,28.837500000000002,31.6,26.1,24,1.7000000000000002,85.16666666666667,8,1996,Monsoon
1996-08-29,28.28333333333333,31.8,25.6,24,1.1,84.66666666666667,8,1996,Monsoon
1996-08-30,26.95,30.1,24.5,24,21.599999999999998,89.125,8,1996,Monsoon
1996-08-31,27.366666666666664,31.2,25.1,24,3.0,87.33333333333333,8,1996,Monsoon
1996-09-01,27.829166666666666,31.9,24.1,24,5.8,83.0,9,1996,Monsoon
1996-09-02,27.379166666666666,30.7,24.8,24,1.3,87.25,9,1996,Monsoon
1996-09-03,24.883333333333336,25.4,24.5,24,22.3,93.83333333333333,9,1996,Monsoon
1996-09-04,25.804166666666664,28.3,23.8,24,9.4,90.20833333333333,9,1996,Monsoon
1996-09-05,25.15833333333333,27.0,24.0,24,14.8,92.125,9,1996,Monsoon
1996-09-06,25.166666666666668,28.1,23.5,24,5.1,90.33333333333333,9,1996,Monsoon
1996-09-07,24.6875,26.1,23.6,24,4.0,91.125,9,1996,Monsoon
1996-09-08,24.412499999999998,26.3,23.3,24,12.4,93.875,9,1996,Monsoon
1996-09-09,24.6375,27.1,23.1,24,14.6,92.375,9,1996,Monsoon
1996-09-10,25.375,28.5,23.2,24,16.0,90.04166666666667,9,1996,Monsoon
1996-09-11,27.145833333333332,31.3,23.9,24,1.2,84.95833333333333,9,1996,Monsoon
1996-09-12,27.5,30.7,24.6,24,0.9,87.04166666666667,9,1996,Monsoon
1996-09-13,27.5625,31.7,24.2,24,1.7,84.375,9,1996,Monsoon
1996-09-14,28.166666666666668,32.2,24.4,24,0.5,83.91666666666667,9,1996,Monsoon
1996-09-15,27.6125,31.4,25.1,24,4.1,84.95833333333333,9,1996,Monsoon
1996-09-16,26.90833333333333,30.7,23.8,24,6.6,85.08333333333333,9,1996,Monsoon
1996-09-17,27.375,32.4,23.6,24,2.2,82.875,9,1996,Monsoon
1996-09-18,26.90416666666667,31.3,23.7,24,2.9000000000000004,80.20833333333333,9,1996,Monsoon
1996-09-19,27.21666666666667,31.4,23.8,24,0.9,75.83333333333333,9,1996,Monsoon
1996-09-20,27.541666666666668,31.6,24.0,24,0.30000000000000004,70.91666666666667,9,1996,Monsoon
1996-09-21,27.833333333333332,32.4,24.2,24,0.2,70.83333333333333,9,1996,Monsoon
1996-09-22,27.854166666666668,32.9,23.5,24,0.0,69.625,9,1996,Monsoon
1996-09-23,27.804166666666664,33.1,23.2,24,0.0,71.41666666666667,9,1996,Monsoon
1996-09-24,28.087500000000002,33.3,22.7,24,0.0,72.70833333333333,9,1996,Monsoon
1996-09-25,27.879166666666666,33.8,22.2,24,0.0,71.91666666666667,9,1996,Monsoon
1996-09-26,27.037499999999998,33.8,21.5,24,0.0,64.04166666666667,9,1996,Monsoon
1996-09-27,26.754166666666666,33.2,20.5,24,0.0,62.166666666666664,9,1996,Monsoon
1996-09-28,26.954166666666666,33.7,21.1,24,0.0,71.5,9,1996,Monsoon
1996-09-29,27.587500000000002,33.8,22.6,24,0.0,69.375,9,1996,Monsoon
1996-09-30,27.3625,33.2,22.0,24,0.0,71.66666666666667,9,1996,Monsoon
1996-10-01,27.96666666666667,33.7,22.6,24,0.0,69.54166666666667,10,1996,Post-monsoon
1996-10-02,27.8,32.4,23.0,24,0.0,73.08333333333333,10,1996,Post-monsoon
1996-10-03,27.816666666666666,32.4,23.4,24,0.1,70.54166666666667,10,1996,Post-monsoon
1996-10-04,25.650000000000002,29.2,23.3,24,6.300000000000001,80.04166666666667,10,1996,Post-monsoon
1996-10-05,24.599999999999998,28.9,21.4,24,0.4,78.33333333333333,10,1996,Post-monsoon
1996-10-06,23.983333333333334,29.6,18.9,24,0.0,67.66666666666667,10,1996,Post-monsoon
1996-10-07,24.041666666666668,30.6,17.9,24,0.0,65.04166666666667,10,1996,Post-monsoon
1996-10-08,24.666666666666668,31.8,17.8,24,0.0,66.41666666666667,10,1996,Post-monsoon
1996-10-09,25.02916666666667,32.4,18.1,24,0.0,61.791666666666664,10,1996,Post-monsoon
1996-10-10,25.041666666666668,32.7,18.0,24,0.0,59.916666666666664,10,1996,Post-monsoon
1996-10-11,25.683333333333334,32.2,18.7,24,0.0,64.58333333333333,10,1996,Post-monsoon
1996-10-12,25.9375,32.1,19.5,24,0.0,66.75,10,1996,Post-monsoon
1996-10-13,26.34583333333333,32.1,20.9,24,0.1,61.333333333333336,10,1996,Post-monsoon
1996-10-14,25.204166666666666,32.0,18.5,24,0.0,56.041666666666664,10,1996,Post-monsoon
1996-10-15,24.429166666666664,31.8,17.1,24,0.0,57.5,10,1996,Post-monsoon
1996-10-16,24.666666666666668,31.8,17.5,24,0.0,57.708333333333336,10,1996,Post-monsoon
1996-10-17,25.412499999999998,32.0,20.0,24,0.0,55.416666666666664,10,1996,Post-monsoon
1996-10-18,25.204166666666666,31.9,18.2,24,0.0,63.083333333333336,10,1996,Post-monsoon
1996-10-19,25.754166666666666,32.3,19.6,24,0.0,62.875,10,1996,Post-monsoon
1996-10-20,26.058333333333334,32.2,20.6,24,0.2,60.5,10,1996,Post-monsoon
1996-10-21,24.787499999999998,31.3,20.6,24,1.0,67.33333333333333,10,1996,Post-monsoon
1996-10-22,24.133333333333336,29.5,18.9,24,0.0,67.04166666666667,10,1996,Post-monsoon
1996-10-23,23.75,28.4,19.4,24,0.0,61.125,10,1996,Post-monsoon
1996-10-24,22.608333333333334,26.7,18.8,24,0.0,52.75,10,1996,Post-monsoon
1996-10-25,22.458333333333332,29.1,16.3,24,0.0,50.291666666666664,10,1996,Post-monsoon
1996-10-26,23.079166666666666,29.6,15.5,24,0.0,57.166666666666664,10,1996,Post-monsoon
1996-10-27,23.09583333333333,30.0,16.9,24,0.0,57.791666666666664,10,1996,Post-monsoon
1996-10-28,23.233333333333334,30.6,17.2,24,0.0,47.541666666666664,10,1996,Post-monsoon
1996-10-29,22.59583333333333,30.5,16.8,24,0.0,41.458333333333336,10,1996,Post-monsoon
1996-10-30,21.854166666666668,30.4,14.0,24,0.0,46.583333333333336,10,1996,Post-monsoon
1996-10-31,21.883333333333336,30.2,13.5,24,0.0,53.666666666666664,10,1996,Post-monsoon
1996-11-01,22.0,30.5,13.9,24,0.0,56.583333333333336,11,1996,Post-monsoon
1996-11-02,22.329166666666666,31.1,15.6,24,0.0,48.458333333333336,11,1996,Post-monsoon
1996-11-03,22.075,29.6,14.2,24,0.0,56.375,11,1996,Post-monsoon
1996-11-04,22.079166666666666,29.2,15.9,24,0.0,56.041666666666664,11,1996,Post-monsoon
1996-11-05,22.258333333333336,29.6,14.4,24,0.0,53.791666666666664,11,1996,Post-monsoon
1996-11-06,21.78333333333333,29.2,15.4,24,0.0,53.208333333333336,11,1996,Post-monsoon
1996-11-07,21.033333333333335,29.0,14.8,24,0.0,47.333333333333336,11,1996,Post-monsoon
1996-11-08,20.520833333333332,28.7,12.5,24,0.0,51.833333333333336,11,1996,Post-monsoon
1996-11-09,20.654166666666665,28.9,13.0,24,0.0,53.958333333333336,11,1996,Post-monsoon
1996-11-10,20.7,29.0,13.4,24,0.0,48.25,11,1996,Post-monsoon
1996-11-11,20.1375,28.9,12.0,24,0.0,50.333333333333336,11,1996,Post-monsoon
1996-11-12,21.379166666666666,29.0,14.7,24,0.0,47.916666666666664,11,1996,Post-monsoon
1996-11-13,21.629166666666666,28.4,15.4,24,0.0,54.583333333333336,11,1996,Post-monsoon
1996-11-14,20.875,28.9,13.4,24,0.0,55.166666666666664,11,1996,Post-monsoon
1996-11-15,19.220833333333335,26.3,13.5,24,0.0,46.291666666666664,11,1996,Post-monsoon
1996-11-16,18.341666666666665,25.9,12.7,24,0.0,31.708333333333332,11,1996,Post-monsoon
1996-11-17,17.466666666666665,25.7,10.4,24,0.0,33.75,11,1996,Post-monsoon
1996-11-18,17.570833333333333,25.9,9.8,24,0.0,45.958333333333336,11,1996,Post-monsoon
1996-11-19,17.6375,25.8,10.6,24,0.0,50.5,11,1996,Post-monsoon
1996-11-20,18.654166666666665,25.5,13.5,24,0.0,55.25,11,1996,Post-monsoon
1996-11-21,18.229166666666668,25.0,11.4,24,0.0,64.54166666666667,11,1996,Post-monsoon
1996-11-22,16.837500000000002,23.3,10.7,24,0.0,56.583333333333336,11,1996,Post-monsoon
1996-11-23,16.075,23.2,9.6,24,0.0,52.333333333333336,11,1996,Post-monsoon
1996-11-24,16.408333333333335,23.7,10.5,24,0.0,50.791666666666664,11,1996,Post-monsoon
1996-11-25,16.283333333333335,24.2,9.3,24,0.0,49.0,11,1996,Post-monsoon
1996-11-26,16.816666666666666,24.9,9.9,24,0.0,55.166666666666664,11,1996,Post-monsoon
1996-11-27,16.712500000000002,24.6,9.4,24,0.0,59.833333333333336,11,1996,Post-monsoon
1996-11-28,15.766666666666666,23.6,8.7,24,0.0,54.5,11,1996,Post-monsoon
1996-11-29,14.754166666666668,22.6,7.3,24,0.0,54.916666666666664,11,1996,Post-monsoon
1996-11-30,14.370833333333332,22.2,6.9,24,0.0,51.458333333333336,11,1996,Post-monsoon
1996-12-01,13.75,21.8,6.3,24,0.0,54.5,12,1996,Winter
1996-12-02,14.5625,22.5,7.1,24,0.0,56.208333333333336,12,1996,Winter
1996-12-03,15.420833333333334,23.1,8.8,24,0.0,60.708333333333336,12,1996,Winter
1996-12-04,16.3875,24.0,10.6,24,0.0,56.5,12,1996,Winter
1996-12-05,16.070833333333333,23.1,10.8,24,0.0,56.708333333333336,12,1996,Winter
1996-12-06,15.645833333333334,23.4,9.4,24,0.0,56.375,12,1996,Winter
1996-12-07,13.804166666666667,21.0,8.0,24,0.0,40.625,12,1996,Winter
1996-12-08,12.620833333333332,19.5,7.2,24,0.0,34.041666666666664,12,1996,Winter
1996-12-09,12.4375,20.2,6.3,24,0.0,29.958333333333332,12,1996,Winter
1996-12-10,12.495833333333332,20.7,6.7,24,0.0,31.875,12,1996,Winter
1996-12-11,11.595833333333333,20.2,4.0,24,0.0,39.708333333333336,12,1996,Winter
1996-12-12,12.299999999999999,20.9,4.6,24,0.0,44.625,12,1996,Winter
1996-12-13,12.583333333333334,21.2,5.0,24,0.0,50.583333333333336,12,1996,Winter
1996-12-14,13.108333333333334,21.8,5.7,24,0.0,49.666666666666664,12,1996,Winter
1996-12-15,13.883333333333333,22.4,7.2,24,0.0,45.125,12,1996,Winter
1996-12-16,13.995833333333332,22.3,5.9,24,0.0,52.25,12,1996,Winter
1996-12-17,13.920833333333334,22.4,6.0,24,0.0,61.041666666666664,12,1996,Winter
1996-12-18,14.479166666666666,22.6,8.1,24,0.0,57.708333333333336,12,1996,Winter
1996-12-19,13.6,21.8,5.5,24,0.0,61.875,12,1996,Winter
1996-12-20,13.458333333333334,21.9,5.5,24,0.0,64.66666666666667,12,1996,Winter
1996-12-21,13.016666666666666,21.5,5.1,24,0.0,65.83333333333333,12,1996,Winter
1996-12-22,13.116666666666667,21.2,5.8,24,0.0,65.58333333333333,12,1996,Winter
1996-12-23,13.137500000000001,21.3,5.7,24,0.0,61.833333333333336,12,1996,Winter
1996-12-24,14.395833333333334,21.9,7.6,24,0.0,55.916666666666664,12,1996,Winter
1996-12-25,15.041666666666666,22.1,9.5,24,0.0,57.75,12,1996,Winter
1996-12-26,15.625,23.8,9.0,24,0.0,63.458333333333336,12,1996,Winter
1996-12-27,15.145833333333334,22.1,9.3,24,0.0,61.25,12,1996,Winter
1996-12-28,14.754166666666668,22.2,8.6,24,0.0,58.5,12,1996,Winter
1996-12-29,14.5625,22.3,8.0,24,0.0,58.791666666666664,12,1996,Winter
1996-12-30,14.379166666666668,22.4,6.6,24,0.0,64.20833333333333,12,1996,Winter
1996-12-31,14.299999999999999,22.2,6.7,24,0.0,69.79166666666667,12,1996,Winter
1997-01-01,14.083333333333334,21.9,7.1,24,0.0,72.04166666666667,1,1997,Winter
1997-01-02,14.120833333333332,21.5,7.9,24,0.0,68.58333333333333,1,1997,Winter
1997-01-03,13.591666666666667,20.8,5.9,24,0.0,68.33333333333333,1,1997,Winter
1997-01-04,14.325000000000001,21.2,8.0,24,0.0,66.29166666666667,1,1997,Winter
1997-01-05,14.245833333333332,21.5,7.2,24,0.0,65.20833333333333,1,1997,Winter
1997-01-06,13.245833333333332,20.3,6.9,24,0.0,67.66666666666667,1,1997,Winter
1997-01-07,12.758333333333333,19.8,7.0,24,0.0,67.375,1,1997,Winter
1997-01-08,11.975,19.8,4.5,24,0.0,65.04166666666667,1,1997,Winter
1997-01-09,12.479166666666666,20.1,5.5,24,0.0,62.791666666666664,1,1997,Winter
1997-01-10,12.299999999999999,20.1,4.7,24,0.0,60.916666666666664,1,1997,Winter
1997-01-11,12.3125,20.1,4.7,24,0.0,59.583333333333336,1,1997,Winter
1997-01-12,11.945833333333333,20.0,4.1,24,0.0,60.5,1,1997,Winter
1997-01-13,11.725,20.1,4.0,24,0.0,57.875,1,1997,Winter
1997-01-14,11.554166666666667,19.4,3.3,24,0.0,61.25,1,1997,Winter
1997-01-15,11.954166666666666,19.9,3.5,24,0.0,61.583333333333336,1,1997,Winter
1997-01-16,12.375,20.3,5.6,24,0.0,59.25,1,1997,Winter
1997-01-17,13.254166666666668,20.5,7.2,24,0.0,53.916666666666664,1,1997,Winter
1997-01-18,13.183333333333332,20.9,4.8,24,0.0,57.625,1,1997,Winter
1997-01-19,12.591666666666667,15.2,11.0,24,23.8,74.70833333333333,1,1997,Winter
1997-01-20,11.058333333333332,15.5,7.2,24,0.0,79.66666666666667,1,1997,Winter
1997-01-21,9.525,15.1,4.6,24,0.1,81.20833333333333,1,1997,Winter
1997-01-22,9.729166666666666,15.7,4.7,24,0.0,69.20833333333333,1,1997,Winter
1997-01-23,10.904166666666667,17.0,5.9,24,0.0,66.95833333333333,1,1997,Winter
1997-01-24,11.583333333333334,18.0,6.0,24,0.0,62.875,1,1997,Winter
1997-01-25,11.254166666666668,18.7,5.4,24,0.0,60.625,1,1997,Winter
1997-01-26,11.174999999999999,18.8,4.2,24,0.0,63.083333333333336,1,1997,Winter
1997-01-27,12.8125,17.8,9.4,24,0.3,66.0,1,1997,Winter
1997-01-28,12.762500000000001,19.3,7.6,24,0.0,71.79166666666667,1,1997,Winter
1997-01-29,12.145833333333334,18.9,5.9,24,0.0,72.66666666666667,1,1997,Winter
1997-01-30,13.016666666666666,20.3,7.0,24,0.0,72.33333333333333,1,1997,Winter
1997-01-31,12.966666666666667,19.9,6.6,24,0.0,71.70833333333333,1,1997,Winter
1997-02-01,13.9625,21.4,7.1,24,0.0,69.04166666666667,2,1997,Winter
1997-02-02,14.666666666666666,19.4,11.5,24,2.5,72.45833333333333,2,1997,Winter
1997-02-03,13.887500000000001,19.4,9.6,24,1.0,74.5,2,1997,Winter
1997-02-04,13.170833333333334,18.6,9.1,24,0.0,70.91666666666667,2,1997,Winter
1997-02-05,12.554166666666667,19.1,6.8,24,0.0,61.958333333333336,2,1997,Winter
1997-02-06,12.441666666666668,19.7,6.2,24,0.0,50.458333333333336,2,1997,Winter
1997-02-07,13.454166666666666,21.8,6.1,24,0.0,50.333333333333336,2,1997,Winter
1997-02-08,15.512500000000001,23.8,5.9,24,0.0,55.0,2,1997,Winter
1997-02-09,14.945833333333333,22.0,8.7,24,0.0,60.416666666666664,2,1997,Winter
1997-02-10,14.4,21.2,8.6,24,0.0,55.916666666666664,2,1997,Winter
1997-02-11,12.8125,20.5,4.2,24,0.0,48.083333333333336,2,1997,Winter
1997-02-12,14.4625,21.5,9.1,24,0.0,45.333333333333336,2,1997,Winter
1997-02-13,16.037499999999998,23.8,9.9,24,0.0,37.916666666666664,2,1997,Winter
1997-02-14,16.883333333333333,24.4,9.3,24,0.0,45.75,2,1997,Winter
1997-02-15,16.529166666666665,23.7,9.5,24,0.0,54.916666666666664,2,1997,Winter
1997-02-16,16.508333333333333,23.0,10.6,24,0.0,44.75,2,1997,Winter
1997-02-17,14.841666666666667,22.7,6.3,24,0.0,43.458333333333336,2,1997,Winter
1997-02-18,15.337499999999999,23.4,6.9,24,0.4,49.708333333333336,2,1997,Winter
1997-02-19,16.412499999999998,23.0,10.0,24,0.0,45.625,2,1997,Winter
1997-02-20,15.291666666666666,23.2,6.7,24,0.0,47.708333333333336,2,1997,Winter
1997-02-21,15.970833333333333,24.2,7.4,24,0.0,43.625,2,1997,Winter
1997-02-22,16.816666666666666,25.1,8.0,24,0.0,45.75,2,1997,Winter
1997-02-23,17.8125,26.6,8.9,24,0.0,41.916666666666664,2,1997,Winter
1997-02-24,19.8125,28.5,10.6,24,0.0,48.583333333333336,2,1997,Winter
1997-02-25,21.004166666666666,27.5,16.0,24,0.0,49.916666666666664,2,1997,Winter
1997-02-26,20.479166666666668,27.7,14.1,24,0.0,54.333333333333336,2,1997,Winter
1997-02-27,18.991666666666667,26.5,11.6,24,0.0,50.833333333333336,2,1997,Winter
1997-02-28,19.6125,28.5,11.5,24,0.0,37.458333333333336,2,1997,Winter
1997-03-01,21.974999999999998,31.3,13.0,24,0.0,44.291666666666664,3,1997,Summer
1997-03-02,21.383333333333336,28.7,15.3,24,0.0,35.625,3,1997,Summer
1997-03-03,18.366666666666667,25.3,11.8,24,0.0,30.458333333333332,3,1997,Summer
1997-03-04,18.054166666666667,25.8,10.6,24,0.0,40.708333333333336,3,1997,Summer
1997-03-05,18.445833333333333,26.7,10.1,24,0.0,48.291666666666664,3,1997,Summer
1997-03-06,21.354166666666668,28.7,14.5,24,0.0,45.208333333333336,3,1997,Summer
1997-03-07,22.791666666666668,30.7,15.1,24,0.0,48.041666666666664,3,1997,Summer
1997-03-08,22.804166666666664,30.0,16.2,24,0.0,46.791666666666664,3,1997,Summer
1997-03-09,22.8875,30.5,15.5,24,0.0,50.458333333333336,3,1997,Summer
1997-03-10,22.5625,29.3,15.4,24,0.0,53.791666666666664,3,1997,Summer
1997-03-11,23.53333333333333,31.1,16.5,24,0.0,55.0,3,1997,Summer
1997-03-12,23.745833333333334,31.3,16.6,24,0.0,46.583333333333336,3,1997,Summer
1997-03-13,22.358333333333334,26.3,19.5,24,0.1,46.708333333333336,3,1997,Summer
1997-03-14,20.599999999999998,27.4,14.9,24,1.5,66.83333333333333,3,1997,Summer
1997-03-15,20.662499999999998,26.5,16.3,24,5.4,74.91666666666667,3,1997,Summer
1997-03-16,21.204166666666666,26.8,16.2,24,0.0,69.41666666666667,3,1997,Summer
1997-03-17,22.09166666666667,28.3,15.6,24,0.0,58.0,3,1997,Summer
1997-03-18,21.391666666666666,27.0,17.5,24,0.3,62.833333333333336,3,1997,Summer
1997-03-19,22.325,27.8,17.5,24,0.4,64.41666666666667,3,1997,Summer
1997-03-20,20.883333333333333,25.7,17.0,24,0.8,74.58333333333333,3,1997,Summer
1997-03-21,21.333333333333332,27.5,14.7,24,0.4,59.25,3,1997,Summer
1997-03-22,19.341666666666665,23.5,16.1,24,3.0,62.208333333333336,3,1997,Summer
1997-03-23,19.6875,26.9,12.4,24,0.0,54.25,3,1997,Summer
1997-03-24,20.816666666666666,28.3,13.8,24,0.0,42.333333333333336,3,1997,Summer
1997-03-25,22.075,29.9,14.5,24,0.0,40.708333333333336,3,1997,Summer
1997-03-26,22.599999999999998,30.5,13.3,24,0.0,44.875,3,1997,Summer
1997-03-27,24.52916666666667,32.2,16.7,24,0.0,46.333333333333336,3,1997,Summer
1997-03-28,23.554166666666664,29.9,18.1,24,0.0,52.291666666666664,3,1997,Summer
1997-03-29,20.816666666666666,25.9,17.1,24,8.8,69.16666666666667,3,1997,Summer
1997-03-30,21.395833333333332,27.7,14.5,24,0.0,57.5,3,1997,Summer
1997-03-31,22.875,29.0,16.4,24,0.1,53.125,3,1997,Summer
1997-04-01,21.3125,27.0,17.0,24,4.4,67.45833333333333,4,1997,Summer
1997-04-02,21.25,28.3,16.2,24,9.5,72.54166666666667,4,1997,Summer
1997-04-03,18.654166666666665,23.3,16.0,24,13.3,85.70833333333333,4,1997,Summer
1997-04-04,19.104166666666668,23.2,15.7,24,0.5,76.83333333333333,4,1997,Summer
1997-04-05,19.445833333333333,25.9,12.3,24,0.0,66.20833333333333,4,1997,Summer
1997-04-06,20.158333333333335,26.9,12.9,24,0.0,57.541666666666664,4,1997,Summer
1997-04-07,22.120833333333334,29.2,15.0,24,0.0,55.583333333333336,4,1997,Summer
1997-04-08,24.71666666666667,31.7,17.7,24,1.0,57.125,4,1997,Summer
1997-04-09,23.645833333333332,29.6,19.1,24,1.4000000000000001,63.666666666666664,4,1997,Summer
1997-04-10,23.724999999999998,29.2,17.5,24,0.2,66.875,4,1997,Summer
1997-04-11,25.3625,32.8,17.8,24,0.0,55.375,4,1997,Summer
1997-04-12,26.233333333333334,34.1,18.7,24,0.0,53.791666666666664,4,1997,Summer
1997-04-13,26.758333333333336,34.5,18.5,24,0.0,49.625,4,1997,Summer
1997-04-14,27.974999999999998,36.3,20.9,24,0.0,37.166666666666664,4,1997,Summer
1997-04-15,26.787499999999998,35.4,19.7,24,1.4,42.25,4,1997,Summer
1997-04-16,25.150000000000002,32.9,18.4,24,0.0,45.083333333333336,4,1997,Summer
1997-04-17,24.183333333333334,31.2,15.8,24,0.0,42.458333333333336,4,1997,Summer
1997-04-18,25.1875,32.2,17.9,24,0.0,34.958333333333336,4,1997,Summer
1997-04-19,26.916666666666668,35.2,17.8,24,0.0,32.708333333333336,4,1997,Summer
1997-04-20,28.179166666666664,36.2,18.5,24,0.0,30.666666666666668,4,1997,Summer
1997-04-21,29.45,37.1,20.8,24,0.0,29.375,4,1997,Summer
1997-04-22,29.724999999999998,37.5,20.2,24,0.0,28.166666666666668,4,1997,Summer
1997-04-23,30.258333333333336,38.6,20.7,24,0.0,29.125,4,1997,Summer
1997-04-24,31.745833333333334,39.6,22.4,24,0.0,24.416666666666668,4,1997,Summer
1997-04-25,31.483333333333334,39.7,22.2,24,0.0,24.125,4,1997,Summer
1997-04-26,30.166666666666668,38.5,22.8,24,2.5999999999999996,38.583333333333336,4,1997,Summer
1997-04-27,30.395833333333332,36.8,24.6,24,0.2,40.583333333333336,4,1997,Summer
1997-04-28,30.433333333333334,37.3,23.1,24,0.0,38.208333333333336,4,1997,Summer
1997-04-29,29.245833333333334,35.3,23.2,24,0.6,35.875,4,1997,Summer
1997-04-30,29.683333333333334,36.3,22.5,24,0.0,37.833333333333336,4,1997,Summer
1997-05-01,28.879166666666666,35.1,23.9,24,0.9,41.041666666666664,5,1997,Summer
1997-05-02,27.8875,35.3,21.9,24,0.6000000000000001,52.333333333333336,5,1997,Summer
1997-05-03,28.150000000000002,35.3,22.5,24,0.7,52.041666666666664,5,1997,Summer
1997-05-04,27.254166666666666,34.9,22.5,24,3.7,55.0,5,1997,Summer
1997-05-05,26.03333333333333,31.8,21.9,24,0.4,58.25,5,1997,Summer
1997-05-06,26.204166666666666,31.8,20.2,24,0.2,64.83333333333333,5,1997,Summer
1997-05-07,29.504166666666666,35.9,21.9,24,0.6000000000000001,47.5,5,1997,Summer
1997-05-08,28.633333333333336,34.2,23.7,24,0.8,49.125,5,1997,Summer
1997-05-09,29.1125,36.2,21.2,24,0.0,42.125,5,1997,Summer
1997-05-10,29.429166666666664,37.1,21.4,24,0.0,24.083333333333332,5,1997,Summer
1997-05-11,30.208333333333332,38.4,21.0,24,0.0,22.333333333333332,5,1997,Summer
1997-05-12,31.55,37.5,24.6,24,0.0,22.0,5,1997,Summer
1997-05-13,31.6125,38.0,24.5,24,0.0,24.166666666666668,5,1997,Summer
1997-05-14,31.816666666666666,39.6,23.1,24,0.0,25.0,5,1997,Summer
1997-05-15,31.629166666666666,39.1,23.3,24,0.0,18.416666666666668,5,1997,Summer
1997-05-16,31.020833333333332,37.9,22.4,24,0.0,21.25,5,1997,Summer
1997-05-17,31.9875,40.0,21.9,24,0.0,20.5,5,1997,Summer
1997-05-18,33.94166666666667,42.0,23.8,24,0.0,16.416666666666668,5,1997,Summer
1997-05-19,33.44166666666667,40.8,24.2,24,0.0,16.125,5,1997,Summer
1997-05-20,33.300000000000004,40.8,23.7,24,0.0,16.916666666666668,5,1997,Summer
1997-05-21,33.94583333333333,41.5,25.4,24,0.0,23.291666666666668,5,1997,Summer
1997-05-22,34.737500000000004,41.0,28.0,24,0.0,26.583333333333332,5,1997,Summer
1997-05-23,33.40833333333333,39.4,27.6,24,1.9000000000000001,29.333333333333332,5,1997,Summer
1997-05-24,32.55833333333333,39.5,25.7,24,0.6,35.166666666666664,5,1997,Summer
1997-05-25,32.483333333333334,39.2,24.8,24,0.0,36.833333333333336,5,1997,Summer
1997-05-26,32.55833333333333,39.6,26.7,24,2.7,42.791666666666664,5,1997,Summer
1997-05-27,32.983333333333334,40.2,25.4,24,0.7,47.125,5,1997,Summer
1997-05-28,32.2125,40.1,25.6,24,2.8,48.791666666666664,5,1997,Summer
1997-05-29,30.554166666666664,37.0,23.3,24,11.1,54.5,5,1997,Summer
1997-05-30,29.370833333333334,35.2,24.4,24,1.5,61.666666666666664,5,1997,Summer
1997-05-31,28.400000000000002,33.1,24.7,24,0.0,63.708333333333336,5,1997,Summer
1997-06-01,27.95,33.5,23.4,24,2.3,67.125,6,1997,Monsoon
1997-06-02,28.270833333333332,33.6,24.5,24,2.8,62.958333333333336,6,1997,Monsoon
1997-06-03,26.616666666666664,33.3,22.8,24,14.9,73.91666666666667,6,1997,Monsoon
1997-06-04,28.224999999999998,32.5,23.9,24,2.6,65.83333333333333,6,1997,Monsoon
1997-06-05,29.84583333333333,35.0,24.5,24,0.2,60.541666666666664,6,1997,Monsoon
1997-06-06,31.125,37.2,25.7,24,0.0,52.333333333333336,6,1997,Monsoon
1997-06-07,31.55,37.7,24.8,24,0.0,48.083333333333336,6,1997,Monsoon
1997-06-08,32.895833333333336,39.4,27.2,24,0.5,43.25,6,1997,Monsoon
1997-06-09,32.887499999999996,39.0,27.2,24,0.0,47.0,6,1997,Monsoon
1997-06-10,32.09166666666667,38.7,26.5,24,0.0,48.333333333333336,6,1997,Monsoon
1997-06-11,33.145833333333336,38.7,27.0,24,0.2,43.666666666666664,6,1997,Monsoon
1997-06-12,31.520833333333332,37.6,27.1,24,5.3,51.208333333333336,6,1997,Monsoon
1997-06-13,31.416666666666668,37.3,24.9,24,0.0,53.416666666666664,6,1997,Monsoon
1997-06-14,33.55833333333333,39.4,26.3,24,0.0,41.666666666666664,6,1997,Monsoon
1997-06-15,34.68333333333333,41.1,26.4,24,0.0,35.25,6,1997,Monsoon
1997-06-16,36.63333333333333,43.5,28.7,24,0.0,29.833333333333332,6,1997,Monsoon
1997-06-17,36.545833333333334,41.5,31.6,24,0.0,30.5,6,1997,Monsoon
1997-06-18,36.0,41.1,31.6,24,0.5,36.541666666666664,6,1997,Monsoon
1997-06-19,29.991666666666664,33.8,25.5,24,10.4,66.625,6,1997,Monsoon
1997-06-20,27.695833333333336,31.5,23.7,24,10.6,77.54166666666667,6,1997,Monsoon
1997-06-21,30.745833333333334,35.4,25.8,24,0.0,65.5,6,1997,Monsoon
1997-06-22,32.27916666666667,37.3,27.3,24,0.0,61.416666666666664,6,1997,Monsoon
1997-06-23,33.11666666666667,38.2,28.8,24,0.30000000000000004,55.083333333333336,6,1997,Monsoon
1997-06-24,29.925,34.9,25.8,24,18.0,76.16666666666667,6,1997,Monsoon
1997-06-25,30.420833333333334,35.5,25.3,24,11.700000000000001,74.25,6,1997,Monsoon
1997-06-26,30.05,34.5,26.7,24,1.1,76.83333333333333,6,1997,Monsoon
1997-06-27,30.25,33.7,26.6,24,2.3,73.66666666666667,6,1997,Monsoon
1997-06-28,28.675,33.5,25.3,24,9.1,81.83333333333333,6,1997,Monsoon
1997-06-29,29.375,34.7,25.5,24,4.9,77.83333333333333,6,1997,Monsoon
1997-06-30,29.7375,34.4,25.0,24,4.9,74.875,6,1997,Monsoon
1997-07-01,31.358333333333334,36.2,26.8,24,0.0,67.33333333333333,7,1997,Monsoon
1997-07-02,32.25416666666667,36.9,27.8,24,0.0,60.666666666666664,7,1997,Monsoon
1997-07-03,33.13333333333333,38.8,28.4,24,0.0,54.166666666666664,7,1997,Monsoon
1997-07-04,33.6875,39.2,28.5,24,0.0,49.875,7,1997,Monsoon
1997-07-05,32.87083333333333,38.7,27.9,24,0.0,62.75,7,1997,Monsoon
1997-07-06,33.104166666666664,38.7,28.5,24,0.0,62.041666666666664,7,1997,Monsoon
1997-07-07,32.074999999999996,37.3,27.9,24,0.2,67.83333333333333,7,1997,Monsoon
1997-07-08,30.054166666666664,36.1,25.9,24,15.1,77.91666666666667,7,1997,Monsoon
1997-07-09,29.75,35.4,27.4,24,13.8,80.58333333333333,7,1997,Monsoon
1997-07-10,30.983333333333334,36.1,26.7,24,7.9,69.58333333333333,7,1997,Monsoon
1997-07-11,29.358333333333334,33.4,25.7,24,3.0,80.33333333333333,7,1997,Monsoon
1997-07-12,29.15416666666667,33.5,26.1,24,25.2,83.125,7,1997,Monsoon
1997-07-13,28.616666666666664,33.9,25.6,24,21.1,82.66666666666667,7,1997,Monsoon
1997-07-14,27.858333333333334,32.4,25.3,24,14.6,86.75,7,1997,Monsoon
1997-07-15,28.620833333333334,32.7,26.8,24,13.2,84.0,7,1997,Monsoon
1997-07-16,26.625,27.5,25.1,24,31.5,87.75,7,1997,Monsoon
1997-07-17,29.179166666666664,33.5,25.2,24,0.6000000000000001,73.79166666666667,7,1997,Monsoon
1997-07-18,29.537499999999998,33.3,27.6,24,1.5,80.54166666666667,7,1997,Monsoon
1997-07-19,28.59166666666667,32.7,25.6,24,12.0,85.08333333333333,7,1997,Monsoon
1997-07-20,27.75,30.1,26.0,24,17.8,87.79166666666667,7,1997,Monsoon
1997-07-21,27.650000000000002,31.2,25.3,24,9.3,86.66666666666667,7,1997,Monsoon
1997-07-22,28.1875,32.1,26.1,24,4.9,84.875,7,1997,Monsoon
1997-07-23,28.7375,32.3,25.7,24,8.2,83.45833333333333,7,1997,Monsoon
1997-07-24,27.6125,30.7,25.1,24,22.3,87.16666666666667,7,1997,Monsoon
1997-07-25,28.75,32.1,26.0,24,3.5,82.66666666666667,7,1997,Monsoon
1997-07-26,29.191666666666666,32.4,26.2,24,2.1,81.91666666666667,7,1997,Monsoon
1997-07-27,29.366666666666664,32.6,26.6,24,0.9,80.91666666666667,7,1997,Monsoon
1997-07-28,29.183333333333334,32.5,27.0,24,3.2,82.20833333333333,7,1997,Monsoon
1997-07-29,29.308333333333334,33.2,26.3,24,8.4,82.375,7,1997,Monsoon
1997-07-30,27.625,29.9,25.7,24,7.0,87.41666666666667,7,1997,Monsoon
1997-07-31,27.245833333333334,30.4,25.2,24,19.0,89.25,7,1997,Monsoon
1997-08-01,27.775000000000002,31.0,26.4,24,10.5,87.95833333333333,8,1997,Monsoon
1997-08-02,25.858333333333334,27.3,25.0,24,115.0,94.125,8,1997,Monsoon
1997-08-03,27.462500000000002,31.5,24.3,24,13.5,84.29166666666667,8,1997,Monsoon
1997-08-04,28.55416666666667,32.2,25.2,24,0.7000000000000001,79.70833333333333,8,1997,Monsoon
1997-08-05,29.28333333333333,33.2,25.7,24,1.1,75.45833333333333,8,1997,Monsoon
1997-08-06,29.4875,32.9,25.9,24,0.8,77.16666666666667,8,1997,Monsoon
1997-08-07,29.03333333333333,31.5,26.7,24,2.5,76.125,8,1997,Monsoon
1997-08-08,27.308333333333334,29.6,25.3,24,0.2,76.0,8,1997,Monsoon
1997-08-09,27.90833333333333,30.8,25.5,24,0.5,77.58333333333333,8,1997,Monsoon
1997-08-10,28.629166666666666,32.8,26.0,24,1.7000000000000002,75.58333333333333,8,1997,Monsoon
1997-08-11,29.179166666666664,32.6,26.8,24,0.0,68.25,8,1997,Monsoon
1997-08-12,27.05,29.3,24.5,24,1.7,78.45833333333333,8,1997,Monsoon
1997-08-13,26.712500000000002,29.7,25.0,24,5.6000000000000005,88.25,8,1997,Monsoon
1997-08-14,26.870833333333334,32.3,23.9,24,10.1,86.08333333333333,8,1997,Monsoon
1997-08-15,28.333333333333332,32.9,25.0,24,1.5,82.25,8,1997,Monsoon
1997-08-16,28.795833333333334,32.9,25.2,24,1.3,77.29166666666667,8,1997,Monsoon
1997-08-17,29.308333333333334,33.4,26.2,24,0.30000000000000004,72.625,8,1997,Monsoon
1997-08-18,29.6375,33.4,26.5,24,0.30000000000000004,72.20833333333333,8,1997,Monsoon
1997-08-19,27.170833333333334,29.2,25.2,24,3.3,86.625,8,1997,Monsoon
1997-08-20,28.370833333333334,32.2,25.6,24,0.30000000000000004,83.625,8,1997,Monsoon
1997-08-21,28.695833333333336,32.6,25.6,24,6.6000000000000005,82.83333333333333,8,1997,Monsoon
1997-08-22,28.75,31.8,25.6,24,0.0,79.08333333333333,8,1997,Monsoon
1997-08-23,28.412499999999998,32.3,25.0,24,0.8,76.5,8,1997,Monsoon
1997-08-24,27.3625,30.8,25.4,24,6.0,80.95833333333333,8,1997,Monsoon
1997-08-25,25.804166666666664,29.2,24.6,24,11.1,88.91666666666667,8,1997,Monsoon
1997-08-26,25.983333333333334,28.1,24.5,24,6.9,87.91666666666667,8,1997,Monsoon
1997-08-27,26.150000000000002,29.6,24.4,24,14.6,89.58333333333333,8,1997,Monsoon
1997-08-28,27.425,31.3,24.3,24,2.4,88.25,8,1997,Monsoon
1997-08-29,27.820833333333336,31.5,24.6,24,6.1,84.25,8,1997,Monsoon
1997-08-30,28.21666666666667,32.0,24.8,24,0.0,78.0,8,1997,Monsoon
1997-08-31,28.2,32.6,23.4,24,0.0,78.5,8,1997,Monsoon
1997-09-01,28.804166666666664,33.0,25.5,24,1.2,78.45833333333333,9,1997,Monsoon
1997-09-02,27.65833333333333,30.0,26.0,24,0.0,75.54166666666667,9,1997,Monsoon
1997-09-03,27.508333333333336,30.7,25.1,24,0.1,79.79166666666667,9,1997,Monsoon
1997-09-04,28.704166666666666,32.5,26.1,24,0.0,72.70833333333333,9,1997,Monsoon
1997-09-05,28.816666666666666,32.7,25.4,24,0.0,68.625,9,1997,Monsoon
1997-09-06,29.0,33.2,25.6,24,0.0,66.91666666666667,9,1997,Monsoon
1997-09-07,28.129166666666666,31.8,25.7,24,1.8,77.41666666666667,9,1997,Monsoon
1997-09-08,27.079166666666666,30.5,25.3,24,11.8,86.625,9,1997,Monsoon
1997-09-09,27.604166666666668,31.3,25.3,24,3.4,83.625,9,1997,Monsoon
1997-09-10,27.4875,30.7,24.6,24,0.0,78.125,9,1997,Monsoon
1997-09-11,26.59166666666667,29.4,25.1,24,3.0,84.875,9,1997,Monsoon
1997-09-12,26.104166666666668,28.6,24.0,24,2.6,86.95833333333333,9,1997,Monsoon
1997-09-13,27.120833333333334,31.2,23.8,24,0.7,85.75,9,1997,Monsoon
1997-09-14,28.72083333333333,33.2,24.2,24,0.1,81.75,9,1997,Monsoon
1997-09-15,28.6875,32.8,25.4,24,0.5,78.91666666666667,9,1997,Monsoon
1997-09-16,28.420833333333334,31.5,25.6,24,0.2,78.5,9,1997,Monsoon
1997-09-17,28.837500000000002,33.0,25.2,24,0.0,75.08333333333333,9,1997,Monsoon
1997-09-18,29.258333333333336,33.7,25.4,24,0.0,72.58333333333333,9,1997,Monsoon
1997-09-19,28.870833333333334,33.8,24.7,24,0.0,66.66666666666667,9,1997,Monsoon
1997-09-20,28.77916666666667,33.6,24.9,24,0.0,66.5,9,1997,Monsoon
1997-09-21,28.712500000000002,33.6,24.9,24,0.0,70.33333333333333,9,1997,Monsoon
1997-09-22,28.204166666666666,33.5,23.9,24,0.0,75.58333333333333,9,1997,Monsoon
1997-09-23,28.804166666666664,34.4,24.1,24,0.0,65.04166666666667,9,1997,Monsoon
1997-09-24,28.554166666666664,35.0,22.9,24,0.0,62.875,9,1997,Monsoon
1997-09-25,28.816666666666666,36.0,22.4,24,0.0,63.958333333333336,9,1997,Monsoon
1997-09-26,29.599999999999998,36.5,22.6,24,0.0,54.25,9,1997,Monsoon
1997-09-27,29.34166666666667,35.9,23.3,24,0.0,46.25,9,1997,Monsoon
1997-09-28,28.733333333333334,34.9,23.6,24,0.1,51.875,9,1997,Monsoon
1997-09-29,26.116666666666664,31.0,22.2,24,4.2,66.54166666666667,9,1997,Monsoon
1997-09-30,23.1125,28.0,20.1,24,3.8,80.875,9,1997,Monsoon
1997-10-01,23.195833333333336,29.0,19.4,24,7.2,81.0,10,1997,Post-monsoon
1997-10-02,23.71666666666667,28.1,19.2,24,1.7,80.16666666666667,10,1997,Post-monsoon
1997-10-03,24.09583333333333,28.9,19.3,24,0.3,77.66666666666667,10,1997,Post-monsoon
1997-10-04,22.9375,28.1,19.8,24,4.1,82.66666666666667,10,1997,Post-monsoon
1997-10-05,21.825,26.3,19.4,24,5.9,88.95833333333333,10,1997,Post-monsoon
1997-10-06,21.7,25.8,18.6,24,3.6,90.16666666666667,10,1997,Post-monsoon
1997-10-07,22.766666666666666,27.7,18.4,24,0.0,83.125,10,1997,Post-monsoon
1997-10-08,23.866666666666664,29.4,19.1,24,0.0,75.04166666666667,10,1997,Post-monsoon
1997-10-09,24.820833333333336,30.9,18.5,24,0.0,67.29166666666667,10,1997,Post-monsoon
1997-10-10,24.587500000000002,30.4,18.6,24,0.0,65.20833333333333,10,1997,Post-monsoon
1997-10-11,23.9375,29.2,19.7,24,1.5,74.66666666666667,10,1997,Post-monsoon
1997-10-12,23.504166666666666,29.0,18.5,24,1.0,81.25,10,1997,Post-monsoon
1997-10-13,24.395833333333332,29.6,18.5,24,0.0,71.70833333333333,10,1997,Post-monsoon
1997-10-14,24.77916666666667,30.6,19.4,24,0.0,65.70833333333333,10,1997,Post-monsoon
1997-10-15,23.90416666666667,29.4,17.9,24,0.0,65.0,10,1997,Post-monsoon
1997-10-16,24.1375,29.9,18.5,24,0.3,67.75,10,1997,Post-monsoon
1997-10-17,24.241666666666664,30.7,19.2,24,4.9,69.20833333333333,10,1997,Post-monsoon
1997-10-18,23.8125,29.7,18.4,24,0.5,72.58333333333333,10,1997,Post-monsoon
1997-10-19,22.46666666666667,28.4,18.6,24,4.5,77.04166666666667,10,1997,Post-monsoon
1997-10-20,20.875,25.2,18.2,24,12.7,86.45833333333333,10,1997,Post-monsoon
1997-10-21,20.825,26.0,17.0,24,0.0,79.04166666666667,10,1997,Post-monsoon
1997-10-22,20.916666666666668,26.4,15.4,24,0.0,74.58333333333333,10,1997,Post-monsoon
1997-10-23,19.8,23.9,16.3,24,0.4,77.45833333333333,10,1997,Post-monsoon
1997-10-24,20.462500000000002,26.0,15.6,24,0.0,72.45833333333333,10,1997,Post-monsoon
1997-10-25,20.325,25.1,15.5,24,0.0,75.5,10,1997,Post-monsoon
1997-10-26,19.779166666666665,24.6,14.9,24,0.2,74.58333333333333,10,1997,Post-monsoon
1997-10-27,19.833333333333332,24.8,16.6,24,0.7,73.45833333333333,10,1997,Post-monsoon
1997-10-28,20.458333333333332,25.7,17.1,24,1.5,75.375,10,1997,Post-monsoon
1997-10-29,18.733333333333334,22.8,16.1,24,8.0,86.125,10,1997,Post-monsoon
1997-10-30,19.675,24.7,14.6,24,0.30000000000000004,82.5,10,1997,Post-monsoon
1997-10-31,20.533333333333335,25.4,16.0,24,0.0,77.08333333333333,10,1997,Post-monsoon
1997-11-01,20.474999999999998,26.0,15.7,24,0.0,72.95833333333333,11,1997,Post-monsoon
1997-11-02,20.041666666666668,26.1,14.6,24,0.0,69.08333333333333,11,1997,Post-monsoon
1997-11-03,20.045833333333334,26.4,13.9,24,0.0,69.25,11,1997,Post-monsoon
1997-11-04,20.441666666666666,26.9,14.1,24,0.0,65.20833333333333,11,1997,Post-monsoon
1997-11-05,20.254166666666666,27.2,14.0,24,0.0,67.04166666666667,11,1997,Post-monsoon
1997-11-06,20.841666666666665,27.0,14.7,24,0.0,66.45833333333333,11,1997,Post-monsoon
1997-11-07,21.525000000000002,26.5,15.9,24,0.0,65.41666666666667,11,1997,Post-monsoon
1997-11-08,20.2625,26.5,13.6,24,0.0,68.16666666666667,11,1997,Post-monsoon
1997-11-09,19.716666666666665,24.6,15.0,24,19.8,77.45833333333333,11,1997,Post-monsoon
1997-11-10,19.4375,23.7,16.3,24,2.0,78.95833333333333,11,1997,Post-monsoon
1997-11-11,19.25,24.2,14.3,24,0.0,76.79166666666667,11,1997,Post-monsoon
1997-11-12,18.6375,24.3,13.5,24,0.0,67.83333333333333,11,1997,Post-monsoon
1997-11-13,17.904166666666665,24.3,12.0,24,0.0,63.666666666666664,11,1997,Post-monsoon
1997-11-14,17.579166666666666,24.3,11.8,24,0.0,64.91666666666667,11,1997,Post-monsoon
1997-11-15,17.625,24.2,10.7,24,0.0,65.45833333333333,11,1997,Post-monsoon
1997-11-16,17.479166666666668,24.4,11.1,24,0.0,65.75,11,1997,Post-monsoon
1997-11-17,17.820833333333333,24.6,11.2,24,0.0,65.75,11,1997,Post-monsoon
1997-11-18,17.633333333333333,22.6,13.0,24,0.0,66.04166666666667,11,1997,Post-monsoon
1997-11-19,17.2375,24.0,10.8,24,0.0,70.79166666666667,11,1997,Post-monsoon
1997-11-20,17.720833333333335,24.1,11.3,24,0.0,71.45833333333333,11,1997,Post-monsoon
1997-11-21,17.466666666666665,24.5,11.2,24,0.0,63.416666666666664,11,1997,Post-monsoon
1997-11-22,17.416666666666668,23.9,11.9,24,0.4,59.583333333333336,11,1997,Post-monsoon
1997-11-23,17.220833333333335,22.6,12.5,24,0.0,66.29166666666667,11,1997,Post-monsoon
1997-11-24,17.316666666666666,23.4,10.9,24,0.0,63.333333333333336,11,1997,Post-monsoon
1997-11-25,17.566666666666666,21.0,14.8,24,6.9,79.125,11,1997,Post-monsoon
1997-11-26,17.729166666666668,20.6,15.4,24,1.9000000000000001,78.16666666666667,11,1997,Post-monsoon
1997-11-27,16.379166666666666,20.9,12.8,24,0.0,71.20833333333333,11,1997,Post-monsoon
1997-11-28,14.9625,21.0,10.2,24,0.0,72.54166666666667,11,1997,Post-monsoon
1997-11-29,14.595833333333333,20.5,8.5,24,0.0,69.75,11,1997,Post-monsoon
1997-11-30,15.545833333333334,20.1,9.7,24,0.0,69.41666666666667,11,1997,Post-monsoon
1997-12-01,14.862499999999999,20.6,10.0,24,0.0,75.25,12,1997,Winter
1997-12-02,13.570833333333333,20.4,7.4,24,0.0,74.08333333333333,12,1997,Winter
1997-12-03,13.629166666666668,19.6,8.0,24,0.0,75.16666666666667,12,1997,Winter
1997-12-04,14.370833333333332,19.2,9.7,24,0.0,72.75,12,1997,Winter
1997-12-05,15.362499999999999,21.4,8.8,24,0.0,74.20833333333333,12,1997,Winter
1997-12-06,16.370833333333334,22.4,11.1,24,0.0,73.41666666666667,12,1997,Winter
1997-12-07,17.195833333333333,21.0,14.1,24,0.7,82.875,12,1997,Winter
1997-12-08,17.320833333333333,20.4,14.8,24,4.6,88.95833333333333,12,1997,Winter
1997-12-09,16.591666666666665,19.2,14.0,24,33.4,92.08333333333333,12,1997,Winter
1997-12-10,15.612499999999999,19.3,12.4,24,0.2,85.58333333333333,12,1997,Winter
1997-12-11,14.916666666666666,19.0,10.3,24,0.0,81.08333333333333,12,1997,Winter
1997-12-12,14.645833333333334,17.5,11.5,24,0.0,78.33333333333333,12,1997,Winter
1997-12-13,14.237499999999999,17.4,11.5,24,1.7,79.83333333333333,12,1997,Winter
1997-12-14,12.470833333333333,17.5,8.7,24,0.0,83.95833333333333,12,1997,Winter
1997-12-15,12.366666666666667,17.0,7.1,24,0.0,80.41666666666667,12,1997,Winter
1997-12-16,12.8375,15.7,10.2,24,0.0,74.79166666666667,12,1997,Winter
1997-12-17,12.891666666666666,17.7,9.1,24,0.0,77.625,12,1997,Winter
1997-12-18,11.979166666666666,18.0,6.8,24,0.0,81.16666666666667,12,1997,Winter
1997-12-19,11.045833333333334,16.6,5.9,24,0.0,83.95833333333333,12,1997,Winter
1997-12-20,10.9125,16.6,6.5,24,0.0,81.79166666666667,12,1997,Winter
1997-12-21,11.058333333333332,17.7,6.2,24,0.0,76.83333333333333,12,1997,Winter
1997-12-22,10.5625,16.9,4.2,24,0.0,81.375,12,1997,Winter
1997-12-23,10.741666666666667,17.4,4.5,24,0.0,81.16666666666667,12,1997,Winter
1997-12-24,11.979166666666666,18.0,7.5,24,0.0,79.45833333333333,12,1997,Winter
1997-12-25,11.083333333333334,17.2,5.4,24,0.0,81.45833333333333,12,1997,Winter
1997-12-26,10.116666666666667,16.1,5.2,24,0.0,84.20833333333333,12,1997,Winter
1997-12-27,9.65,15.3,3.8,24,0.0,83.58333333333333,12,1997,Winter
1997-12-28,10.558333333333334,16.9,5.3,24,0.0,79.83333333333333,12,1997,Winter
1997-12-29,12.225,18.0,6.8,24,3.3000000000000003,80.41666666666667,12,1997,Winter
1997-12-30,10.737499999999999,15.2,6.9,24,5.3,81.0,12,1997,Winter
1997-12-31,9.758333333333335,16.3,4.5,24,0.0,77.625,12,1997,Winter
1998-01-01,9.883333333333333,17.0,4.6,24,0.0,67.0,1,1998,Winter
1998-01-02,9.9125,17.9,3.2,24,0.0,69.75,1,1998,Winter
1998-01-03,10.616666666666667,18.6,4.4,24,0.0,66.29166666666667,1,1998,Winter
1998-01-04,11.5,19.2,6.1,24,0.0,66.08333333333333,1,1998,Winter
1998-01-05,12.033333333333333,19.9,5.2,24,0.0,70.33333333333333,1,1998,Winter
1998-01-06,12.654166666666667,20.2,5.8,24,0.0,74.91666666666667,1,1998,Winter
1998-01-07,13.791666666666666,20.4,7.4,24,0.0,76.75,1,1998,Winter
1998-01-08,13.9375,20.5,7.4,24,0.0,80.54166666666667,1,1998,Winter
1998-01-09,13.9,20.9,7.6,24,0.0,79.16666666666667,1,1998,Winter
1998-01-10,14.191666666666668,21.4,8.8,24,0.0,69.58333333333333,1,1998,Winter
1998-01-11,13.683333333333332,19.6,9.0,24,0.1,74.16666666666667,1,1998,Winter
1998-01-12,14.5,21.7,8.1,24,0.0,74.95833333333333,1,1998,Winter
1998-01-13,13.829166666666666,19.4,9.0,24,0.0,75.33333333333333,1,1998,Winter
1998-01-14,13.383333333333333,19.7,8.8,24,0.0,69.29166666666667,1,1998,Winter
1998-01-15,14.279166666666667,21.3,8.5,24,0.0,73.16666666666667,1,1998,Winter
1998-01-16,10.983333333333334,17.1,6.0,24,0.0,62.625,1,1998,Winter
1998-01-17,9.679166666666667,16.9,2.5,24,0.0,64.58333333333333,1,1998,Winter
1998-01-18,9.558333333333334,16.9,2.3,24,0.0,66.375,1,1998,Winter
1998-01-19,10.241666666666667,17.6,3.9,24,0.0,63.375,1,1998,Winter
1998-01-20,9.741666666666667,17.1,2.6,24,0.0,66.08333333333333,1,1998,Winter
1998-01-21,10.304166666666667,17.8,3.1,24,0.0,67.83333333333333,1,1998,Winter
1998-01-22,11.200000000000001,18.3,4.2,24,0.0,63.791666666666664,1,1998,Winter
1998-01-23,12.424999999999999,18.8,7.0,24,0.0,62.416666666666664,1,1998,Winter
1998-01-24,12.004166666666668,19.7,4.6,24,0.0,67.33333333333333,1,1998,Winter
1998-01-25,12.625,19.5,6.3,24,0.0,61.083333333333336,1,1998,Winter
1998-01-26,11.729166666666666,19.3,4.2,24,0.0,63.416666666666664,1,1998,Winter
1998-01-27,12.158333333333333,18.5,5.2,24,0.0,69.20833333333333,1,1998,Winter
1998-01-28,14.487499999999999,21.2,8.6,24,0.0,66.66666666666667,1,1998,Winter
1998-01-29,14.504166666666668,20.9,8.7,24,0.0,77.29166666666667,1,1998,Winter
1998-01-30,14.520833333333334,20.5,9.0,24,0.0,77.16666666666667,1,1998,Winter
1998-01-31,15.674999999999999,22.5,10.3,24,0.0,71.58333333333333,1,1998,Winter
1998-02-01,16.4875,22.7,9.8,24,0.0,66.95833333333333,2,1998,Winter
1998-02-02,15.854166666666666,19.5,12.8,24,12.600000000000001,82.95833333333333,2,1998,Winter
1998-02-03,15.183333333333332,21.7,10.1,24,0.0,76.625,2,1998,Winter
1998-02-04,14.612499999999999,21.3,9.4,24,0.0,63.208333333333336,2,1998,Winter
1998-02-05,13.408333333333333,21.0,6.7,24,0.0,54.916666666666664,2,1998,Winter
1998-02-06,13.049999999999999,20.8,5.3,24,0.0,58.0,2,1998,Winter
1998-02-07,13.387500000000001,21.3,5.6,24,0.0,61.625,2,1998,Winter
1998-02-08,13.983333333333334,22.0,6.5,24,0.0,59.666666666666664,2,1998,Winter
1998-02-09,14.420833333333334,22.9,6.0,24,0.0,58.041666666666664,2,1998,Winter
1998-02-10,16.0125,23.9,7.8,24,0.0,62.583333333333336,2,1998,Winter
1998-02-11,17.379166666666666,25.2,8.4,24,0.0,64.0,2,1998,Winter
1998-02-12,18.166666666666668,26.8,10.6,24,0.0,61.5,2,1998,Winter
1998-02-13,18.870833333333334,26.5,11.0,24,0.0,61.208333333333336,2,1998,Winter
1998-02-14,20.454166666666666,27.3,14.1,24,0.30000000000000004,62.0,2,1998,Winter
1998-02-15,19.541666666666668,25.5,16.2,24,2.9,74.54166666666667,2,1998,Winter
1998-02-16,18.349999999999998,25.3,13.5,24,0.0,73.375,2,1998,Winter
1998-02-17,17.941666666666666,24.2,12.9,24,0.0,69.08333333333333,2,1998,Winter
1998-02-18,18.308333333333334,24.3,13.7,24,0.0,65.25,2,1998,Winter
1998-02-19,16.2375,22.9,10.1,24,0.0,56.291666666666664,2,1998,Winter
1998-02-20,14.791666666666666,21.9,7.0,24,0.0,56.5,2,1998,Winter
1998-02-21,16.258333333333333,22.5,9.6,24,0.0,63.041666666666664,2,1998,Winter
1998-02-22,16.966666666666665,23.1,10.7,24,0.0,60.166666666666664,2,1998,Winter
1998-02-23,16.579166666666666,22.2,11.0,24,1.3,57.125,2,1998,Winter
1998-02-24,16.0,19.8,13.4,24,15.0,75.33333333333333,2,1998,Winter
1998-02-25,15.350000000000001,19.8,11.9,24,3.7,77.70833333333333,2,1998,Winter
1998-02-26,14.566666666666668,20.2,9.7,24,0.0,72.5,2,1998,Winter
1998-02-27,14.445833333333333,20.6,8.3,24,0.0,69.75,2,1998,Winter
1998-02-28,15.174999999999999,22.0,8.4,24,0.0,68.875,2,1998,Winter
1998-03-01,16.479166666666668,23.7,9.6,24,0.0,65.54166666666667,3,1998,Summer
1998-03-02,17.304166666666667,23.9,10.9,24,0.0,64.58333333333333,3,1998,Summer
1998-03-03,16.866666666666667,21.2,12.6,24,0.6000000000000001,72.54166666666667,3,1998,Summer
1998-03-04,16.129166666666666,18.5,14.3,24,12.4,90.625,3,1998,Summer
1998-03-05,17.166666666666668,21.8,14.1,24,8.5,86.91666666666667,3,1998,Summer
1998-03-06,16.891666666666666,21.8,13.2,24,1.7,75.79166666666667,3,1998,Summer
1998-03-07,15.870833333333332,21.9,10.6,24,0.0,61.375,3,1998,Summer
1998-03-08,15.799999999999999,22.8,9.2,24,0.0,57.958333333333336,3,1998,Summer
1998-03-09,16.900000000000002,24.8,9.1,24,0.0,59.208333333333336,3,1998,Summer
1998-03-10,18.25,26.1,10.9,24,0.0,59.666666666666664,3,1998,Summer
1998-03-11,19.0625,26.8,12.3,24,3.3,65.08333333333333,3,1998,Summer
1998-03-12,17.95,24.8,13.6,24,8.8,81.20833333333333,3,1998,Summer
1998-03-13,16.454166666666666,21.5,12.2,24,0.30000000000000004,80.58333333333333,3,1998,Summer
1998-03-14,16.804166666666667,23.7,10.6,24,0.0,71.16666666666667,3,1998,Summer
1998-03-15,17.479166666666668,24.8,10.3,24,0.0,66.0,3,1998,Summer
1998-03-16,19.541666666666668,26.3,12.7,24,0.0,61.125,3,1998,Summer
1998-03-17,20.666666666666668,26.9,15.0,24,0.2,63.291666666666664,3,1998,Summer
1998-03-18,20.537499999999998,27.2,14.4,24,0.0,62.583333333333336,3,1998,Summer
1998-03-19,20.3625,26.6,13.4,24,0.0,62.958333333333336,3,1998,Summer
1998-03-20,21.391666666666666,28.0,15.4,24,0.0,60.541666666666664,3,1998,Summer
1998-03-21,23.041666666666668,29.8,16.5,24,0.0,60.125,3,1998,Summer
1998-03-22,23.650000000000002,31.3,17.2,24,0.2,61.333333333333336,3,1998,Summer
1998-03-23,22.758333333333336,29.6,17.5,24,1.5,55.083333333333336,3,1998,Summer
1998-03-24,20.458333333333332,27.7,13.4,24,0.0,43.0,3,1998,Summer
1998-03-25,20.108333333333334,28.5,11.6,24,0.0,39.875,3,1998,Summer
1998-03-26,21.304166666666667,31.0,11.2,24,0.0,38.75,3,1998,Summer
1998-03-27,23.52916666666667,32.4,13.2,24,0.0,39.666666666666664,3,1998,Summer
1998-03-28,24.770833333333332,32.0,17.3,24,0.0,43.833333333333336,3,1998,Summer
1998-03-29,21.52916666666667,26.7,17.5,24,5.4,65.08333333333333,3,1998,Summer
1998-03-30,21.295833333333334,27.9,15.8,24,0.0,68.04166666666667,3,1998,Summer
1998-03-31,23.866666666666664,32.2,14.7,24,0.0,54.958333333333336,3,1998,Summer
1998-04-01,25.72083333333333,33.3,17.9,24,0.0,55.5,4,1998,Summer
1998-04-02,27.875,34.9,20.4,24,0.0,54.458333333333336,4,1998,Summer
1998-04-03,26.070833333333336,33.0,21.8,24,1.9000000000000001,60.0,4,1998,Summer
1998-04-04,26.025000000000002,32.3,19.2,24,0.0,60.541666666666664,4,1998,Summer
1998-04-05,26.75,34.4,18.3,24,0.0,50.291666666666664,4,1998,Summer
1998-04-06,27.150000000000002,34.8,19.3,24,0.0,42.708333333333336,4,1998,Summer
1998-04-07,27.958333333333332,35.7,19.7,24,0.6,45.5,4,1998,Summer
1998-04-08,26.349999999999998,34.3,22.3,24,0.8,55.25,4,1998,Summer
1998-04-09,24.383333333333336,30.6,19.2,24,0.6,58.666666666666664,4,1998,Summer
1998-04-10,25.7625,32.5,17.4,24,0.0,50.916666666666664,4,1998,Summer
1998-04-11,27.020833333333332,34.1,20.1,24,0.0,43.666666666666664,4,1998,Summer
1998-04-12,26.866666666666664,34.2,19.1,24,0.0,31.875,4,1998,Summer
1998-04-13,26.47083333333333,33.6,17.3,24,0.0,33.041666666666664,4,1998,Summer
1998-04-14,27.583333333333332,34.9,19.9,24,0.0,34.708333333333336,4,1998,Summer
1998-04-15,28.820833333333336,36.6,19.6,24,0.0,29.625,4,1998,Summer
1998-04-16,28.708333333333332,36.6,19.0,24,0.0,27.375,4,1998,Summer
1998-04-17,29.741666666666664,38.9,18.7,24,0.0,28.416666666666668,4,1998,Summer
1998-04-18,31.77916666666667,40.0,21.0,24,0.0,24.166666666666668,4,1998,Summer
1998-04-19,32.395833333333336,41.1,22.8,24,0.0,22.875,4,1998,Summer
1998-04-20,32.262499999999996,40.8,22.1,24,0.0,22.583333333333332,4,1998,Summer
1998-04-21,31.554166666666664,39.1,24.0,24,0.6,32.25,4,1998,Summer
1998-04-22,32.291666666666664,40.2,24.2,24,0.0,30.708333333333332,4,1998,Summer
1998-04-23,32.99583333333333,40.6,24.7,24,0.0,25.333333333333332,4,1998,Summer
1998-04-24,32.199999999999996,40.1,24.1,24,1.2,36.583333333333336,4,1998,Summer
1998-04-25,30.995833333333334,38.6,25.5,24,0.5,47.708333333333336,4,1998,Summer
1998-04-26,28.329166666666666,34.1,24.1,24,3.2,63.666666666666664,4,1998,Summer
1998-04-27,30.666666666666668,38.2,23.6,24,0.0,45.708333333333336,4,1998,Summer
1998-04-28,31.625,38.8,23.9,24,0.0,30.916666666666668,4,1998,Summer
1998-04-29,32.27916666666667,39.8,23.7,24,0.0,31.25,4,1998,Summer
1998-04-30,32.80416666666667,39.9,26.7,24,0.7000000000000001,30.208333333333332,4,1998,Summer
1998-05-01,33.32083333333333,40.6,26.1,24,0.0,30.25,5,1998,Summer
1998-05-02,33.75833333333333,41.1,26.0,24,0.0,28.458333333333332,5,1998,Summer
1998-05-03,34.104166666666664,41.3,26.4,24,0.0,29.958333333333332,5,1998,Summer
1998-05-04,33.979166666666664,40.6,27.3,24,0.0,29.083333333333332,5,1998,Summer
1998-05-05,33.56666666666667,40.5,25.6,24,0.0,25.375,5,1998,Summer
1998-05-06,32.55416666666667,38.1,26.9,24,0.1,30.083333333333332,5,1998,Summer
1998-05-07,27.620833333333334,30.5,23.9,24,6.7,59.625,5,1998,Summer
1998-05-08,26.858333333333334,32.2,21.9,24,18.5,62.333333333333336,5,1998,Summer
1998-05-09,26.245833333333334,31.9,21.3,24,7.8999999999999995,59.75,5,1998,Summer
1998-05-10,26.75,32.3,21.5,24,1.9,51.166666666666664,5,1998,Summer
1998-05-11,27.308333333333334,33.1,20.4,24,0.0,53.833333333333336,5,1998,Summer
1998-05-12,30.487499999999997,38.1,22.9,24,0.0,42.375,5,1998,Summer
1998-05-13,32.762499999999996,40.3,23.9,24,0.0,30.791666666666668,5,1998,Summer
1998-05-14,33.175000000000004,41.5,23.5,24,0.0,33.458333333333336,5,1998,Summer
1998-05-15,34.50833333333333,43.1,25.3,24,0.0,31.416666666666668,5,1998,Summer
1998-05-16,34.86666666666667,42.6,25.4,24,0.0,27.208333333333332,5,1998,Summer
1998-05-17,34.5375,41.8,26.7,24,0.0,37.583333333333336,5,1998,Summer
1998-05-18,34.583333333333336,41.1,28.2,24,0.0,44.666666666666664,5,1998,Summer
1998-05-19,35.3375,41.9,28.8,24,0.0,38.375,5,1998,Summer
1998-05-20,35.358333333333334,42.6,26.7,24,0.0,27.166666666666668,5,1998,Summer
1998-05-21,35.4375,44.2,24.7,24,0.0,22.875,5,1998,Summer
1998-05-22,36.824999999999996,45.2,27.1,24,0.0,19.791666666666668,5,1998,Summer
1998-05-23,37.19166666666667,45.0,28.1,24,0.0,18.125,5,1998,Summer
1998-05-24,38.199999999999996,45.8,30.0,24,0.0,21.166666666666668,5,1998,Summer
1998-05-25,36.75416666666667,44.5,28.7,24,0.0,34.208333333333336,5,1998,Summer
1998-05-26,37.30416666666667,46.8,28.3,24,0.0,37.375,5,1998,Summer
1998-05-27,37.55833333333333,46.0,29.2,24,0.0,32.458333333333336,5,1998,Summer
1998-05-28,38.112500000000004,46.2,30.2,24,0.0,28.833333333333332,5,1998,Summer
1998-05-29,36.36666666666667,44.7,26.8,24,0.0,19.958333333333332,5,1998,Summer
1998-05-30,36.012499999999996,43.9,26.7,24,0.0,17.416666666666668,5,1998,Summer
1998-05-31,36.9375,44.6,28.0,24,0.0,17.25,5,1998,Summer
1998-06-01,37.61666666666667,44.2,31.2,24,0.0,19.25,6,1998,Monsoon
1998-06-02,36.454166666666666,43.6,28.1,24,0.0,22.375,6,1998,Monsoon
1998-06-03,34.96666666666667,41.7,29.7,24,2.6,35.666666666666664,6,1998,Monsoon
1998-06-04,35.104166666666664,42.0,27.4,24,0.0,34.0,6,1998,Monsoon
1998-06-05,35.09166666666667,41.8,27.5,24,0.0,33.958333333333336,6,1998,Monsoon
1998-06-06,35.6625,42.6,28.0,24,0.0,29.166666666666668,6,1998,Monsoon
1998-06-07,36.55833333333333,43.0,30.0,24,0.0,25.291666666666668,6,1998,Monsoon
1998-06-08,36.375,41.6,31.1,24,0.0,29.041666666666668,6,1998,Monsoon
1998-06-09,34.920833333333334,40.3,30.6,24,0.0,40.041666666666664,6,1998,Monsoon
1998-06-10,30.4875,36.8,26.3,24,6.0,55.416666666666664,6,1998,Monsoon
1998-06-11,28.125,33.5,23.0,24,4.3999999999999995,69.625,6,1998,Monsoon
1998-06-12,29.616666666666664,34.8,23.8,24,0.0,66.29166666666667,6,1998,Monsoon
1998-06-13,30.75,36.2,25.2,24,0.0,58.791666666666664,6,1998,Monsoon
1998-06-14,31.34583333333333,37.0,25.0,24,0.0,49.5,6,1998,Monsoon
1998-06-15,31.879166666666666,38.0,25.4,24,2.7,55.416666666666664,6,1998,Monsoon
1998-06-16,28.28333333333333,30.8,25.7,24,15.2,76.83333333333333,6,1998,Monsoon
1998-06-17,26.733333333333334,30.2,24.8,24,12.2,86.08333333333333,6,1998,Monsoon
1998-06-18,29.09583333333333,34.2,25.0,24,1.5,78.875,6,1998,Monsoon
1998-06-19,32.737500000000004,38.7,28.4,24,0.0,58.916666666666664,6,1998,Monsoon
1998-06-20,33.141666666666666,40.7,26.0,24,0.0,49.25,6,1998,Monsoon
1998-06-21,33.31666666666667,39.6,26.9,24,0.0,57.541666666666664,6,1998,Monsoon
1998-06-22,33.5625,38.6,28.4,24,0.2,61.791666666666664,6,1998,Monsoon
1998-06-23,35.3375,41.4,29.9,24,0.0,49.333333333333336,6,1998,Monsoon
1998-06-24,34.645833333333336,39.8,29.1,24,0.0,52.041666666666664,6,1998,Monsoon
1998-06-25,35.4375,41.3,30.0,24,0.0,48.458333333333336,6,1998,Monsoon
1998-06-26,35.42916666666667,41.2,30.3,24,0.0,51.0,6,1998,Monsoon
1998-06-27,33.483333333333334,39.4,29.1,24,0.0,61.958333333333336,6,1998,Monsoon
1998-06-28,31.212500000000002,34.6,27.9,24,2.9,69.04166666666667,6,1998,Monsoon
1998-06-29,29.025000000000002,32.7,27.1,24,13.799999999999999,80.125,6,1998,Monsoon
1998-06-30,27.054166666666664,29.2,25.5,24,25.0,90.5,6,1998,Monsoon
1998-07-01,27.883333333333336,31.9,25.5,24,21.6,88.33333333333333,7,1998,Monsoon
1998-07-02,27.96666666666667,31.6,25.7,24,17.6,89.16666666666667,7,1998,Monsoon
1998-07-03,28.179166666666664,30.5,26.3,24,9.1,86.66666666666667,7,1998,Monsoon
1998-07-04,27.695833333333336,31.1,26.0,24,25.3,89.45833333333333,7,1998,Monsoon
1998-07-05,27.95,31.0,25.9,24,15.5,87.95833333333333,7,1998,Monsoon
1998-07-06,28.454166666666666,33.6,26.3,24,24.3,86.0,7,1998,Monsoon
1998-07-07,29.3625,33.8,26.8,24,6.4,81.20833333333333,7,1998,Monsoon
1998-07-08,28.5,32.4,25.8,24,30.8,86.41666666666667,7,1998,Monsoon
1998-07-09,28.5625,33.1,25.5,24,20.0,84.5,7,1998,Monsoon
1998-07-10,27.745833333333334,29.4,25.9,24,13.7,89.16666666666667,7,1998,Monsoon
1998-07-11,28.712500000000002,31.9,26.4,24,5.0,84.625,7,1998,Monsoon
1998-07-12,28.141666666666666,31.8,25.6,24,16.7,85.79166666666667,7,1998,Monsoon
1998-07-13,27.537499999999998,30.1,25.8,24,2.2,85.66666666666667,7,1998,Monsoon
1998-07-14,28.616666666666664,31.9,25.5,24,0.9,82.29166666666667,7,1998,Monsoon
1998-07-15,27.4375,30.8,25.7,24,20.8,89.125,7,1998,Monsoon
1998-07-16,26.28333333333333,27.8,25.1,24,24.900000000000002,92.58333333333333,7,1998,Monsoon
1998-07-17,28.47083333333333,32.8,25.7,24,11.2,84.66666666666667,7,1998,Monsoon
1998-07-18,28.90416666666667,33.1,26.1,24,4.8,82.79166666666667,7,1998,Monsoon
1998-07-19,28.962500000000002,33.2,25.4,24,5.7,81.5,7,1998,Monsoon
1998-07-20,29.541666666666668,33.9,26.0,24,10.0,79.20833333333333,7,1998,Monsoon
1998-07-21,30.400000000000002,34.7,26.7,24,0.0,73.91666666666667,7,1998,Monsoon
1998-07-22,31.166666666666668,35.3,28.0,24,0.0,64.54166666666667,7,1998,Monsoon
1998-07-23,31.445833333333336,35.4,28.1,24,0.0,62.041666666666664,7,1998,Monsoon
1998-07-24,31.508333333333336,36.0,28.0,24,0.0,61.916666666666664,7,1998,Monsoon
1998-07-25,31.575,35.8,28.2,24,0.2,63.958333333333336,7,1998,Monsoon
1998-07-26,31.59583333333333,35.7,28.0,24,0.0,63.583333333333336,7,1998,Monsoon
1998-07-27,32.49583333333333,36.9,28.8,24,0.0,58.666666666666664,7,1998,Monsoon
1998-07-28,31.599999999999998,35.3,28.2,24,0.5,67.91666666666667,7,1998,Monsoon
1998-07-29,27.6875,29.4,26.1,24,3.4000000000000004,87.16666666666667,7,1998,Monsoon
1998-07-30,29.491666666666664,33.2,26.4,24,1.6,79.79166666666667,7,1998,Monsoon
1998-07-31,29.570833333333336,33.5,26.9,24,0.39999999999999997,79.83333333333333,7,1998,Monsoon
1998-08-01,29.97083333333333,33.3,26.7,24,0.8,78.625,8,1998,Monsoon
1998-08-02,30.670833333333334,34.4,27.2,24,0.6,78.5,8,1998,Monsoon
1998-08-03,30.108333333333334,34.7,27.1,24,4.5,81.41666666666667,8,1998,Monsoon
1998-08-04,30.5625,34.7,26.9,24,3.1,75.125,8,1998,Monsoon
1998-08-05,31.045833333333334,35.2,28.3,24,0.2,67.33333333333333,8,1998,Monsoon
1998-08-06,29.729166666666668,33.3,27.6,24,2.8000000000000003,78.625,8,1998,Monsoon
1998-08-07,29.1875,32.2,27.1,24,3.5,83.125,8,1998,Monsoon
1998-08-08,30.02916666666667,33.5,26.7,24,0.0,79.5,8,1998,Monsoon
1998-08-09,30.266666666666666,33.6,27.2,24,0.0,78.66666666666667,8,1998,Monsoon
1998-08-10,29.041666666666668,32.4,26.9,24,12.1,84.125,8,1998,Monsoon
1998-08-11,28.958333333333332,32.8,26.7,24,3.3,85.29166666666667,8,1998,Monsoon
1998-08-12,28.5,32.7,26.1,24,7.4,88.08333333333333,8,1998,Monsoon
1998-08-13,28.358333333333334,32.4,25.4,24,9.200000000000001,83.375,8,1998,Monsoon
1998-08-14,28.825,33.3,25.8,24,3.4,81.25,8,1998,Monsoon
1998-08-15,26.808333333333334,28.8,25.8,24,9.0,88.91666666666667,8,1998,Monsoon
1998-08-16,25.71666666666667,27.6,24.3,24,3.8,87.54166666666667,8,1998,Monsoon
1998-08-17,28.120833333333334,32.1,25.5,24,0.5,85.54166666666667,8,1998,Monsoon
1998-08-18,29.820833333333336,33.9,26.2,24,0.4,76.375,8,1998,Monsoon
1998-08-19,29.066666666666666,31.5,26.9,24,0.2,78.70833333333333,8,1998,Monsoon
1998-08-20,28.495833333333334,32.1,25.7,24,6.4,84.16666666666667,8,1998,Monsoon
1998-08-21,27.40833333333333,29.9,25.7,24,13.2,88.20833333333333,8,1998,Monsoon
1998-08-22,27.270833333333332,31.4,24.2,24,0.6,83.33333333333333,8,1998,Monsoon
1998-08-23,28.1875,31.5,24.8,24,0.2,82.75,8,1998,Monsoon
1998-08-24,28.308333333333334,31.0,25.8,24,0.4,84.45833333333333,8,1998,Monsoon
1998-08-25,28.495833333333334,31.9,25.3,24,0.4,82.79166666666667,8,1998,Monsoon
1998-08-26,27.929166666666664,31.2,24.9,24,0.9,83.66666666666667,8,1998,Monsoon
1998-08-27,27.349999999999998,31.1,24.5,24,6.7,86.08333333333333,8,1998,Monsoon
1998-08-28,28.170833333333334,32.0,25.6,24,0.7,82.79166666666667,8,1998,Monsoon
1998-08-29,28.224999999999998,31.8,24.7,24,1.6,83.125,8,1998,Monsoon
1998-08-30,30.016666666666666,34.5,26.3,24,0.1,77.33333333333333,8,1998,Monsoon
1998-08-31,30.575,35.1,27.2,24,0.0,66.45833333333333,8,1998,Monsoon
1998-09-01,31.120833333333334,35.5,27.4,24,0.0,62.083333333333336,9,1998,Monsoon
1998-09-02,30.545833333333334,34.6,27.0,24,0.0,63.083333333333336,9,1998,Monsoon
1998-09-03,30.02916666666667,34.4,26.4,24,0.0,64.66666666666667,9,1998,Monsoon
1998-09-04,29.583333333333332,34.3,25.0,24,0.0,69.04166666666667,9,1998,Monsoon
1998-09-05,30.02916666666667,35.0,25.5,24,0.0,70.625,9,1998,Monsoon
1998-09-06,30.116666666666664,35.0,25.6,24,0.2,70.41666666666667,9,1998,Monsoon
1998-09-07,29.675,33.5,26.4,24,0.2,72.66666666666667,9,1998,Monsoon
1998-09-08,29.666666666666668,34.0,25.5,24,0.0,72.04166666666667,9,1998,Monsoon
1998-09-09,29.829166666666666,34.3,25.0,24,0.0,66.75,9,1998,Monsoon
1998-09-10,30.1875,34.9,25.0,24,0.0,64.375,9,1998,Monsoon
1998-09-11,29.995833333333334,34.5,25.9,24,0.4,67.5,9,1998,Monsoon
1998-09-12,28.379166666666666,32.1,24.8,24,0.0,73.33333333333333,9,1998,Monsoon
1998-09-13,28.575,31.7,25.9,24,0.2,72.875,9,1998,Monsoon
1998-09-14,27.854166666666668,31.8,25.8,24,2.7,77.375,9,1998,Monsoon
1998-09-15,27.954166666666666,31.8,25.1,24,1.1,77.25,9,1998,Monsoon
1998-09-16,27.516666666666666,32.0,24.6,24,11.600000000000001,83.33333333333333,9,1998,Monsoon
1998-09-17,28.375,32.6,25.0,24,7.4,81.75,9,1998,Monsoon
1998-09-18,28.633333333333336,32.5,25.4,24,0.7,80.58333333333333,9,1998,Monsoon
1998-09-19,29.0625,32.4,25.5,24,0.4,79.0,9,1998,Monsoon
1998-09-20,27.833333333333332,31.9,25.2,24,8.8,84.625,9,1998,Monsoon
1998-09-21,26.704166666666666,30.5,24.1,24,16.6,86.5,9,1998,Monsoon
1998-09-22,26.879166666666666,30.6,24.4,24,1.9,86.125,9,1998,Monsoon
1998-09-23,25.46666666666667,27.0,24.6,24,29.7,92.875,9,1998,Monsoon
1998-09-24,24.599999999999998,26.4,23.9,24,18.2,93.45833333333333,9,1998,Monsoon
1998-09-25,25.983333333333334,29.8,23.5,24,2.0,87.58333333333333,9,1998,Monsoon
1998-09-26,27.516666666666666,31.4,23.9,24,0.6000000000000001,84.875,9,1998,Monsoon
1998-09-27,28.6125,32.6,25.1,24,0.0,78.33333333333333,9,1998,Monsoon
1998-09-28,28.183333333333334,33.1,23.7,24,0.0,77.08333333333333,9,1998,Monsoon
1998-09-29,28.683333333333334,33.4,23.9,24,0.0,75.375,9,1998,Monsoon
1998-09-30,28.354166666666668,32.7,24.1,24,0.0,76.25,9,1998,Monsoon
1998-10-01,27.974999999999998,32.3,24.6,24,0.30000000000000004,81.54166666666667,10,1998,Post-monsoon
1998-10-02,26.741666666666664,31.2,23.5,24,4.8,84.875,10,1998,Post-monsoon
1998-10-03,26.95,31.3,22.8,24,0.1,79.0,10,1998,Post-monsoon
1998-10-04,26.616666666666664,30.9,22.9,24,2.6,80.875,10,1998,Post-monsoon
1998-10-05,26.741666666666664,31.0,23.1,24,0.0,77.25,10,1998,Post-monsoon
1998-10-06,26.724999999999998,31.4,22.3,24,0.0,75.04166666666667,10,1998,Post-monsoon
1998-10-07,26.3875,31.3,21.6,24,0.0,71.20833333333333,10,1998,Post-monsoon
1998-10-08,26.741666666666664,31.7,20.7,24,0.0,71.33333333333333,10,1998,Post-monsoon
1998-10-09,26.962500000000002,32.1,22.2,24,0.0,71.58333333333333,10,1998,Post-monsoon
1998-10-10,27.27916666666667,32.2,23.3,24,0.0,72.75,10,1998,Post-monsoon
1998-10-11,26.579166666666666,33.0,20.7,24,0.0,69.29166666666667,10,1998,Post-monsoon
1998-10-12,26.0,32.5,19.9,24,0.0,67.91666666666667,10,1998,Post-monsoon
1998-10-13,26.412499999999998,31.9,21.7,24,0.0,65.95833333333333,10,1998,Post-monsoon
1998-10-14,26.15833333333333,31.5,19.8,24,0.0,67.0,10,1998,Post-monsoon
1998-10-15,25.7375,30.0,21.8,24,0.0,69.625,10,1998,Post-monsoon
1998-10-16,22.383333333333336,23.4,20.7,24,24.8,82.25,10,1998,Post-monsoon
1998-10-17,23.650000000000002,26.1,22.0,24,81.1,93.125,10,1998,Post-monsoon
1998-10-18,22.895833333333332,25.4,20.5,24,15.3,81.0,10,1998,Post-monsoon
1998-10-19,23.825,26.7,22.0,24,0.2,77.70833333333333,10,1998,Post-monsoon
1998-10-20,24.462500000000002,29.4,20.7,24,0.0,72.125,10,1998,Post-monsoon
1998-10-21,24.045833333333334,29.4,19.8,24,0.0,70.16666666666667,10,1998,Post-monsoon
1998-10-22,23.5125,29.6,18.7,24,0.0,75.58333333333333,10,1998,Post-monsoon
1998-10-23,23.620833333333334,29.1,18.8,24,0.0,76.16666666666667,10,1998,Post-monsoon
1998-10-24,23.866666666666664,29.7,19.4,24,0.0,72.0,10,1998,Post-monsoon
1998-10-25,23.59583333333333,30.0,18.7,24,0.0,67.79166666666667,10,1998,Post-monsoon
1998-10-26,22.808333333333334,29.7,16.7,24,0.0,66.125,10,1998,Post-monsoon
1998-10-27,22.670833333333334,30.0,16.4,24,0.0,66.25,10,1998,Post-monsoon
1998-10-28,21.912499999999998,29.5,15.7,24,0.0,65.83333333333333,10,1998,Post-monsoon
1998-10-29,21.375,28.8,14.6,24,0.0,66.79166666666667,10,1998,Post-monsoon
1998-10-30,20.75,27.8,14.8,24,0.0,69.625,10,1998,Post-monsoon
1998-10-31,21.3,27.6,13.8,24,0.0,68.29166666666667,10,1998,Post-monsoon
1998-11-01,21.145833333333332,27.7,15.3,24,0.0,67.16666666666667,11,1998,Post-monsoon
1998-11-02,20.691666666666666,27.6,13.6,24,0.0,68.58333333333333,11,1998,Post-monsoon
1998-11-03,21.454166666666666,28.7,14.9,24,0.0,61.625,11,1998,Post-monsoon
1998-11-04,21.729166666666668,28.6,15.4,24,0.0,60.5,11,1998,Post-monsoon
1998-11-05,22.349999999999998,27.7,17.1,24,0.0,66.20833333333333,11,1998,Post-monsoon
1998-11-06,22.212500000000002,26.6,18.3,24,0.5,72.95833333333333,11,1998,Post-monsoon
1998-11-07,21.920833333333334,26.0,18.6,24,0.0,74.91666666666667,11,1998,Post-monsoon
1998-11-08,20.1625,24.8,17.3,24,0.8,82.41666666666667,11,1998,Post-monsoon
1998-11-09,20.158333333333335,25.8,14.4,24,0.0,75.625,11,1998,Post-monsoon
1998-11-10,20.3625,26.8,15.2,24,0.0,65.66666666666667,11,1998,Post-monsoon
1998-11-11,19.9375,27.1,14.0,24,0.0,65.0,11,1998,Post-monsoon
1998-11-12,19.587500000000002,26.8,13.1,24,0.0,69.91666666666667,11,1998,Post-monsoon
1998-11-13,19.75,26.4,12.5,24,0.0,67.58333333333333,11,1998,Post-monsoon
1998-11-14,19.8,25.5,14.4,24,0.0,66.0,11,1998,Post-monsoon
1998-11-15,19.39166666666667,25.7,12.8,24,0.0,71.75,11,1998,Post-monsoon
1998-11-16,19.466666666666665,26.7,13.2,24,0.0,69.66666666666667,11,1998,Post-monsoon
1998-11-17,18.983333333333334,26.5,12.3,24,0.0,67.79166666666667,11,1998,Post-monsoon
1998-11-18,19.825,26.2,12.5,24,0.0,67.04166666666667,11,1998,Post-monsoon
1998-11-19,20.358333333333334,26.4,15.3,24,0.0,73.54166666666667,11,1998,Post-monsoon
1998-11-20,19.883333333333333,26.9,13.5,24,0.0,65.83333333333333,11,1998,Post-monsoon
1998-11-21,19.045833333333334,26.8,13.1,24,0.0,55.75,11,1998,Post-monsoon
1998-11-22,18.641666666666666,25.9,11.7,24,0.0,56.875,11,1998,Post-monsoon
1998-11-23,17.9875,25.7,10.7,24,0.0,60.666666666666664,11,1998,Post-monsoon
1998-11-24,18.441666666666666,26.4,11.8,24,0.0,59.916666666666664,11,1998,Post-monsoon
1998-11-25,18.370833333333334,26.3,11.8,24,0.0,53.375,11,1998,Post-monsoon
1998-11-26,18.541666666666668,26.4,12.3,24,0.0,53.416666666666664,11,1998,Post-monsoon
1998-11-27,18.020833333333332,26.1,11.4,24,0.0,58.0,11,1998,Post-monsoon
1998-11-28,17.941666666666666,26.1,11.6,24,0.0,55.416666666666664,11,1998,Post-monsoon
1998-11-29,17.495833333333334,25.5,11.3,24,0.0,51.25,11,1998,Post-monsoon
1998-11-30,17.479166666666668,25.5,11.7,24,0.0,48.791666666666664,11,1998,Post-monsoon
1998-12-01,17.0,24.6,11.0,24,0.0,49.333333333333336,12,1998,Winter
1998-12-02,16.9875,24.9,10.8,24,0.0,49.625,12,1998,Winter
1998-12-03,17.029166666666665,25.3,9.6,24,0.0,55.708333333333336,12,1998,Winter
1998-12-04,17.729166666666668,26.1,10.9,24,0.0,55.708333333333336,12,1998,Winter
1998-12-05,19.57916666666667,27.7,14.0,24,0.0,49.416666666666664,12,1998,Winter
1998-12-06,19.108333333333334,27.1,13.0,24,0.0,54.666666666666664,12,1998,Winter
1998-12-07,18.383333333333333,26.4,11.8,24,0.0,61.541666666666664,12,1998,Winter
1998-12-08,17.849999999999998,25.6,12.2,24,0.0,56.625,12,1998,Winter
1998-12-09,16.633333333333333,24.8,9.4,24,0.0,58.291666666666664,12,1998,Winter
1998-12-10,16.570833333333333,23.9,8.7,24,0.0,61.25,12,1998,Winter
1998-12-11,16.220833333333335,22.8,10.5,24,0.0,66.125,12,1998,Winter
1998-12-12,15.941666666666668,22.6,10.4,24,0.0,69.16666666666667,12,1998,Winter
1998-12-13,15.424999999999999,22.3,9.6,24,0.0,70.95833333333333,12,1998,Winter
1998-12-14,15.0,21.9,7.7,24,0.0,71.25,12,1998,Winter
1998-12-15,14.5,22.1,7.6,24,0.0,74.625,12,1998,Winter
1998-12-16,14.108333333333334,21.1,7.4,24,0.0,79.41666666666667,12,1998,Winter
1998-12-17,14.179166666666667,21.4,8.5,24,0.0,77.45833333333333,12,1998,Winter
1998-12-18,13.725,20.9,7.3,24,0.0,77.0,12,1998,Winter
1998-12-19,13.35,19.9,6.6,24,0.0,77.95833333333333,12,1998,Winter
1998-12-20,14.625,21.5,8.0,24,0.0,77.125,12,1998,Winter
1998-12-21,15.545833333333334,22.3,9.3,24,0.0,77.04166666666667,12,1998,Winter
1998-12-22,15.075000000000001,21.2,9.3,24,0.0,80.375,12,1998,Winter
1998-12-23,14.179166666666667,20.2,8.3,24,0.0,80.66666666666667,12,1998,Winter
1998-12-24,13.25,19.8,7.8,24,0.0,81.0,12,1998,Winter
1998-12-25,13.475,20.6,8.0,24,0.0,73.95833333333333,12,1998,Winter
1998-12-26,13.429166666666667,20.5,7.7,24,0.0,73.54166666666667,12,1998,Winter
1998-12-27,13.870833333333332,21.1,8.2,24,0.0,78.58333333333333,12,1998,Winter
1998-12-28,12.308333333333332,19.0,7.0,24,0.0,87.45833333333333,12,1998,Winter
1998-12-29,12.966666666666667,19.8,7.7,24,0.0,87.41666666666667,12,1998,Winter
1998-12-30,13.262500000000001,19.8,8.1,24,0.0,85.08333333333333,12,1998,Winter
1998-12-31,11.941666666666668,19.1,6.1,24,0.0,85.33333333333333,12,1998,Winter
1999-01-01,12.387500000000001,19.7,6.9,24,0.0,80.375,1,1999,Winter
1999-01-02,13.025,19.6,7.2,24,0.0,81.79166666666667,1,1999,Winter
1999-01-03,14.229166666666666,20.9,8.4,24,0.0,78.45833333333333,1,1999,Winter
1999-01-04,13.600000000000001,20.2,7.5,24,0.0,78.20833333333333,1,1999,Winter
1999-01-05,13.883333333333333,21.1,7.9,24,0.0,72.04166666666667,1,1999,Winter
1999-01-06,13.708333333333334,17.0,10.0,24,12.1,84.75,1,1999,Winter
1999-01-07,13.008333333333333,15.7,9.5,24,10.5,84.75,1,1999,Winter
1999-01-08,11.15,16.3,7.3,24,0.0,77.91666666666667,1,1999,Winter
1999-01-09,11.0375,15.0,7.6,24,0.0,73.75,1,1999,Winter
1999-01-10,10.733333333333334,16.7,5.3,24,0.0,77.91666666666667,1,1999,Winter
1999-01-11,10.6875,17.4,4.8,24,0.0,80.70833333333333,1,1999,Winter
1999-01-12,10.858333333333333,16.9,5.3,24,0.0,80.20833333333333,1,1999,Winter
1999-01-13,10.808333333333332,17.6,4.8,24,0.0,80.45833333333333,1,1999,Winter
1999-01-14,11.025,17.0,5.6,24,0.0,84.875,1,1999,Winter
1999-01-15,10.245833333333334,16.0,5.9,24,0.0,90.41666666666667,1,1999,Winter
1999-01-16,10.2875,16.4,5.8,24,0.0,90.125,1,1999,Winter
1999-01-17,9.958333333333334,16.3,4.8,24,0.0,89.20833333333333,1,1999,Winter
1999-01-18,9.966666666666667,16.0,5.4,24,0.0,88.75,1,1999,Winter
1999-01-19,10.945833333333333,17.4,5.5,24,0.0,87.79166666666667,1,1999,Winter
1999-01-20,11.954166666666666,18.7,6.7,24,0.0,87.75,1,1999,Winter
1999-01-21,13.862499999999999,20.7,8.6,24,0.5,83.625,1,1999,Winter
1999-01-22,15.595833333333333,21.5,9.0,24,0.0,77.375,1,1999,Winter
1999-01-23,15.683333333333332,22.2,9.7,24,0.0,80.16666666666667,1,1999,Winter
1999-01-24,16.495833333333334,22.9,11.3,24,0.0,78.625,1,1999,Winter
1999-01-25,14.354166666666666,18.7,10.8,24,0.0,77.25,1,1999,Winter
1999-01-26,12.770833333333334,18.8,8.0,24,0.0,73.79166666666667,1,1999,Winter
1999-01-27,13.612499999999999,20.4,6.5,24,0.0,71.29166666666667,1,1999,Winter
1999-01-28,12.487499999999999,15.7,8.6,24,11.7,82.79166666666667,1,1999,Winter
1999-01-29,10.904166666666667,16.1,5.4,24,0.0,81.58333333333333,1,1999,Winter
1999-01-30,11.558333333333332,17.4,6.5,24,0.0,77.70833333333333,1,1999,Winter
1999-01-31,12.241666666666667,18.4,5.9,24,0.0,74.125,1,1999,Winter
1999-02-01,12.470833333333333,18.9,6.3,24,0.0,70.95833333333333,2,1999,Winter
1999-02-02,13.137500000000001,20.7,6.2,24,0.0,67.54166666666667,2,1999,Winter
1999-02-03,13.424999999999999,20.7,7.4,24,0.0,66.5,2,1999,Winter
1999-02-04,12.054166666666667,18.4,6.7,24,0.0,67.0,2,1999,Winter
1999-02-05,11.091666666666667,18.2,3.8,24,0.0,65.33333333333333,2,1999,Winter
1999-02-06,12.654166666666667,19.9,7.4,24,0.0,70.375,2,1999,Winter
1999-02-07,13.408333333333333,20.4,5.0,24,0.0,74.29166666666667,2,1999,Winter
1999-02-08,12.4375,16.6,9.3,24,3.7,83.91666666666667,2,1999,Winter
1999-02-09,15.629166666666668,23.5,8.2,24,0.0,76.70833333333333,2,1999,Winter
1999-02-10,17.308333333333334,24.0,10.8,24,0.0,77.29166666666667,2,1999,Winter
1999-02-11,18.575,25.0,11.9,24,0.0,76.125,2,1999,Winter
1999-02-12,18.883333333333333,25.8,13.1,24,0.0,78.41666666666667,2,1999,Winter
1999-02-13,18.7625,25.5,14.1,24,0.0,72.16666666666667,2,1999,Winter
1999-02-14,18.079166666666666,25.3,12.2,24,0.0,67.58333333333333,2,1999,Winter
1999-02-15,17.7375,25.4,10.5,24,0.0,66.95833333333333,2,1999,Winter
1999-02-16,17.941666666666666,24.8,10.6,24,0.0,71.25,2,1999,Winter
1999-02-17,19.433333333333334,26.7,12.9,24,0.0,66.29166666666667,2,1999,Winter
1999-02-18,20.375,27.2,13.8,24,0.1,69.20833333333333,2,1999,Winter
1999-02-19,20.116666666666667,26.8,13.7,24,0.0,64.5,2,1999,Winter
1999-02-20,18.666666666666668,25.6,12.6,24,0.0,61.375,2,1999,Winter
1999-02-21,18.2625,25.7,11.7,24,0.0,59.083333333333336,2,1999,Winter
1999-02-22,18.983333333333334,26.8,12.6,24,0.0,59.208333333333336,2,1999,Winter
1999-02-23,18.208333333333332,24.6,12.6,24,0.0,64.58333333333333,2,1999,Winter
1999-02-24,19.466666666666665,26.0,14.6,24,0.0,62.291666666666664,2,1999,Winter
1999-02-25,19.008333333333333,25.1,14.2,24,0.0,64.66666666666667,2,1999,Winter
1999-02-26,18.095833333333335,24.7,13.1,24,0.0,52.75,2,1999,Winter
1999-02-27,17.258333333333333,25.2,9.5,24,0.0,45.041666666666664,2,1999,Winter
1999-02-28,17.287499999999998,25.3,8.7,24,0.0,49.166666666666664,2,1999,Winter
1999-03-01,18.491666666666667,26.4,10.9,24,0.0,44.583333333333336,3,1999,Summer
1999-03-02,20.279166666666665,28.2,13.2,24,0.0,47.208333333333336,3,1999,Summer
1999-03-03,20.870833333333334,28.8,13.1,24,0.0,56.0,3,1999,Summer
1999-03-04,21.645833333333332,29.9,13.6,24,0.3,57.583333333333336,3,1999,Summer
1999-03-05,22.670833333333334,30.7,14.0,24,0.0,60.708333333333336,3,1999,Summer
1999-03-06,24.21666666666667,32.3,16.2,24,0.0,55.375,3,1999,Summer
1999-03-07,23.979166666666668,31.0,17.3,24,0.0,60.166666666666664,3,1999,Summer
1999-03-08,23.579166666666666,32.0,16.8,24,0.4,57.291666666666664,3,1999,Summer
1999-03-09,22.045833333333334,28.7,15.6,24,0.0,52.833333333333336,3,1999,Summer
1999-03-10,21.241666666666667,27.1,15.8,24,0.0,50.666666666666664,3,1999,Summer
1999-03-11,21.14166666666667,28.3,14.4,24,0.0,45.916666666666664,3,1999,Summer
1999-03-12,20.720833333333335,27.9,13.7,24,0.0,40.791666666666664,3,1999,Summer
1999-03-13,20.745833333333334,27.7,14.3,24,0.0,36.791666666666664,3,1999,Summer
1999-03-14,20.825,29.1,14.1,24,0.0,33.625,3,1999,Summer
1999-03-15,21.670833333333334,30.0,13.3,24,0.0,42.125,3,1999,Summer
1999-03-16,21.90833333333333,30.4,12.9,24,0.0,46.125,3,1999,Summer
1999-03-17,24.037499999999998,32.0,16.0,24,0.0,41.625,3,1999,Summer
1999-03-18,23.258333333333336,30.8,17.0,24,0.0,44.5,3,1999,Summer
1999-03-19,22.825,30.9,13.8,24,0.0,36.75,3,1999,Summer
1999-03-20,22.3,29.5,14.4,24,0.0,33.25,3,1999,Summer
1999-03-21,20.695833333333333,26.8,14.5,24,0.0,39.958333333333336,3,1999,Summer
1999-03-22,21.075,28.4,13.4,24,0.0,38.875,3,1999,Summer
1999-03-23,22.995833333333334,31.3,14.2,24,0.0,41.25,3,1999,Summer
1999-03-24,24.90416666666667,33.7,15.3,24,0.0,42.166666666666664,3,1999,Summer
1999-03-25,25.6125,33.1,18.5,24,0.0,36.625,3,1999,Summer
1999-03-26,25.204166666666666,32.8,16.8,24,0.0,38.833333333333336,3,1999,Summer
1999-03-27,25.037499999999998,32.5,18.3,24,0.0,24.666666666666668,3,1999,Summer
1999-03-28,26.75,35.2,18.9,24,0.0,26.75,3,1999,Summer
1999-03-29,27.854166666666668,36.2,18.9,24,0.0,32.333333333333336,3,1999,Summer
1999-03-30,28.125,38.3,18.1,24,0.0,34.958333333333336,3,1999,Summer
1999-03-31,28.27916666666667,37.4,19.0,24,0.0,35.75,3,1999,Summer
1999-04-01,28.78333333333333,38.0,19.2,24,0.0,33.5,4,1999,Summer
1999-04-02,28.34583333333333,37.2,18.7,24,0.0,28.166666666666668,4,1999,Summer
1999-04-03,27.483333333333334,35.9,17.9,24,0.0,30.583333333333332,4,1999,Summer
1999-04-04,26.545833333333334,33.7,18.9,24,0.0,19.458333333333332,4,1999,Summer
1999-04-05,27.979166666666668,36.4,19.8,24,0.0,24.75,4,1999,Summer
1999-04-06,29.162499999999998,38.4,19.2,24,0.0,28.083333333333332,4,1999,Summer
1999-04-07,30.491666666666664,38.9,22.2,24,0.0,26.916666666666668,4,1999,Summer
1999-04-08,30.15833333333333,38.5,21.8,24,0.0,28.833333333333332,4,1999,Summer
1999-04-09,30.233333333333334,38.9,20.6,24,0.0,23.5,4,1999,Summer
1999-04-10,31.96666666666667,40.6,22.5,24,0.0,23.416666666666668,4,1999,Summer
1999-04-11,31.016666666666666,39.9,21.4,24,0.0,24.416666666666668,4,1999,Summer
1999-04-12,31.087500000000002,39.3,23.1,24,0.0,23.0,4,1999,Summer
1999-04-13,29.65416666666667,37.7,21.0,24,0.0,18.125,4,1999,Summer
1999-04-14,28.170833333333334,35.9,20.5,24,0.0,9.958333333333334,4,1999,Summer
1999-04-15,27.575,35.6,18.5,24,0.0,14.333333333333334,4,1999,Summer
1999-04-16,28.604166666666668,36.3,20.8,24,0.0,16.041666666666668,4,1999,Summer
1999-04-17,29.833333333333332,38.1,20.7,24,0.0,18.375,4,1999,Summer
1999-04-18,30.875,39.3,21.5,24,0.0,19.791666666666668,4,1999,Summer
1999-04-19,31.179166666666664,40.0,21.2,24,0.0,22.25,4,1999,Summer
1999-04-20,32.21666666666667,40.6,23.3,24,0.0,18.833333333333332,4,1999,Summer
1999-04-21,32.375,40.8,21.7,24,0.0,22.791666666666668,4,1999,Summer
1999-04-22,32.1875,40.1,23.9,24,0.0,21.083333333333332,4,1999,Summer
1999-04-23,33.1,40.9,25.2,24,0.0,19.625,4,1999,Summer
1999-04-24,33.237500000000004,42.3,23.5,24,0.0,18.375,4,1999,Summer
1999-04-25,33.24583333333333,41.9,24.5,24,0.0,18.583333333333332,4,1999,Summer
1999-04-26,33.00833333333333,41.5,23.4,24,0.0,16.208333333333332,4,1999,Summer
1999-04-27,33.420833333333334,42.0,24.2,24,0.0,12.541666666666666,4,1999,Summer
1999-04-28,33.84166666666667,42.7,24.6,24,0.0,14.958333333333334,4,1999,Summer
1999-04-29,33.425000000000004,43.1,23.6,24,0.0,15.75,4,1999,Summer
1999-04-30,34.2875,43.3,24.6,24,0.0,17.416666666666668,4,1999,Summer
1999-05-01,35.25833333333333,43.7,27.1,24,0.0,17.708333333333332,5,1999,Summer
1999-05-02,34.574999999999996,43.3,25.4,24,0.0,22.791666666666668,5,1999,Summer
1999-05-03,34.61666666666667,43.6,24.8,24,0.0,20.875,5,1999,Summer
1999-05-04,35.166666666666664,43.2,25.9,24,0.0,22.125,5,1999,Summer
1999-05-05,35.920833333333334,43.3,29.1,24,0.0,17.291666666666668,5,1999,Summer
1999-05-06,35.56666666666667,43.1,27.5,24,0.0,17.583333333333332,5,1999,Summer
1999-05-07,34.762499999999996,42.0,26.7,24,0.0,20.375,5,1999,Summer
1999-05-08,33.72083333333333,40.6,27.0,24,0.8,26.125,5,1999,Summer
1999-05-09,33.18333333333333,40.4,25.1,24,0.0,32.25,5,1999,Summer
1999-05-10,30.875,36.1,26.0,24,1.0,49.791666666666664,5,1999,Summer
1999-05-11,31.3625,36.8,25.6,24,0.0,46.875,5,1999,Summer
1999-05-12,30.6875,37.2,26.5,24,2.3000000000000003,51.625,5,1999,Summer
1999-05-13,29.34583333333333,35.7,24.6,24,2.9,55.875,5,1999,Summer
1999-05-14,30.400000000000002,36.5,24.0,24,0.0,48.375,5,1999,Summer
1999-05-15,31.104166666666668,38.0,24.0,24,0.0,46.208333333333336,5,1999,Summer
1999-05-16,32.979166666666664,40.0,25.7,24,0.0,38.041666666666664,5,1999,Summer
1999-05-17,33.583333333333336,40.9,25.5,24,0.0,38.083333333333336,5,1999,Summer
1999-05-18,34.225,41.1,27.3,24,0.7999999999999999,39.458333333333336,5,1999,Summer
1999-05-19,33.729166666666664,41.2,26.3,24,0.0,43.916666666666664,5,1999,Summer
1999-05-20,33.833333333333336,39.7,27.9,24,0.0,43.041666666666664,5,1999,Summer
1999-05-21,32.37916666666667,36.5,28.0,24,0.0,45.166666666666664,5,1999,Summer
1999-05-22,32.1875,38.6,27.5,24,1.6,51.875,5,1999,Summer
1999-05-23,31.479166666666668,37.4,27.5,24,1.6,56.083333333333336,5,1999,Summer
1999-05-24,28.116666666666664,32.9,24.4,24,0.6000000000000001,68.33333333333333,5,1999,Summer
1999-05-25,31.1875,38.1,23.6,24,0.0,55.333333333333336,5,1999,Summer
1999-05-26,33.275,40.2,26.2,24,0.0,43.916666666666664,5,1999,Summer
1999-05-27,33.65416666666667,41.7,25.9,24,0.0,29.833333333333332,5,1999,Summer
1999-05-28,34.112500000000004,42.5,25.5,24,0.0,23.75,5,1999,Summer
1999-05-29,34.291666666666664,41.5,27.0,24,0.0,28.166666666666668,5,1999,Summer
1999-05-30,34.516666666666666,40.7,28.7,24,0.0,29.0,5,1999,Summer
1999-05-31,34.333333333333336,40.6,29.8,24,0.0,29.791666666666668,5,1999,Summer
1999-06-01,31.616666666666664,37.0,26.8,24,1.9,37.166666666666664,6,1999,Monsoon
1999-06-02,31.25,37.8,24.9,24,2.3,40.208333333333336,6,1999,Monsoon
1999-06-03,28.708333333333332,34.8,22.3,24,2.3000000000000003,50.125,6,1999,Monsoon
1999-06-04,29.65833333333333,35.1,24.6,24,1.3,47.458333333333336,6,1999,Monsoon
1999-06-05,30.90833333333333,37.3,23.2,24,0.0,42.0,6,1999,Monsoon
1999-06-06,32.545833333333334,38.8,25.1,24,0.0,38.0,6,1999,Monsoon
1999-06-07,34.42916666666667,40.4,26.8,24,0.0,36.583333333333336,6,1999,Monsoon
1999-06-08,35.541666666666664,41.0,28.7,24,0.1,35.916666666666664,6,1999,Monsoon
1999-06-09,36.59583333333333,42.2,30.2,24,0.0,36.333333333333336,6,1999,Monsoon
1999-06-10,35.641666666666666,40.8,30.7,24,0.3,37.375,6,1999,Monsoon
1999-06-11,34.15,40.1,29.3,24,0.0,50.583333333333336,6,1999,Monsoon
1999-06-12,33.520833333333336,37.1,29.2,24,0.0,50.958333333333336,6,1999,Monsoon
1999-06-13,33.84583333333333,38.3,28.3,24,0.0,45.375,6,1999,Monsoon
1999-06-14,35.09583333333333,40.3,29.1,24,0.0,40.458333333333336,6,1999,Monsoon
1999-06-15,36.52916666666667,42.1,31.0,24,0.0,31.0,6,1999,Monsoon
1999-06-16,35.199999999999996,40.8,29.1,24,0.0,39.0,6,1999,Monsoon
1999-06-17,32.84583333333333,36.0,29.9,24,0.6000000000000001,60.708333333333336,6,1999,Monsoon
1999-06-18,33.112500000000004,36.6,28.9,24,0.5,58.875,6,1999,Monsoon
1999-06-19,32.77916666666667,37.5,28.7,24,3.7,61.0,6,1999,Monsoon
1999-06-20,33.06666666666667,37.3,29.6,24,0.2,56.458333333333336,6,1999,Monsoon
1999-06-21,33.295833333333334,38.1,28.0,24,0.4,55.333333333333336,6,1999,Monsoon
1999-06-22,33.7875,38.9,29.2,24,0.2,51.958333333333336,6,1999,Monsoon
1999-06-23,34.46666666666667,39.7,29.9,24,0.3,46.583333333333336,6,1999,Monsoon
1999-06-24,34.949999999999996,40.1,30.3,24,0.1,43.375,6,1999,Monsoon
1999-06-25,35.62083333333333,39.9,31.5,24,0.0,39.5,6,1999,Monsoon
1999-06-26,36.420833333333334,41.0,32.5,24,0.0,39.541666666666664,6,1999,Monsoon
1999-06-27,33.96666666666667,39.7,28.5,24,0.8,55.583333333333336,6,1999,Monsoon
1999-06-28,30.708333333333332,34.9,26.6,24,2.9,69.45833333333333,6,1999,Monsoon
1999-06-29,31.675,36.0,27.3,24,0.1,63.875,6,1999,Monsoon
1999-06-30,33.15833333333333,39.2,27.2,24,0.0,56.958333333333336,6,1999,Monsoon
1999-07-01,34.791666666666664,39.2,31.1,24,0.0,44.958333333333336,7,1999,Monsoon
1999-07-02,34.9375,38.8,31.6,24,0.0,42.583333333333336,7,1999,Monsoon
1999-07-03,34.458333333333336,37.7,31.6,24,0.0,43.125,7,1999,Monsoon
1999-07-04,34.016666666666666,39.2,29.6,24,0.0,48.625,7,1999,Monsoon
1999-07-05,33.012499999999996,37.7,29.7,24,1.6,53.541666666666664,7,1999,Monsoon
1999-07-06,33.52916666666667,38.5,29.8,24,0.5,54.083333333333336,7,1999,Monsoon
1999-07-07,33.44583333333333,38.2,29.4,24,0.1,56.875,7,1999,Monsoon
1999-07-08,33.57083333333333,38.5,29.2,24,0.0,59.583333333333336,7,1999,Monsoon
1999-07-09,34.958333333333336,41.5,29.5,24,0.0,53.958333333333336,7,1999,Monsoon
1999-07-10,36.49583333333333,40.9,31.7,24,0.0,41.0,7,1999,Monsoon
1999-07-11,35.983333333333334,40.0,32.5,24,0.0,39.291666666666664,7,1999,Monsoon
1999-07-12,33.525,35.9,30.9,24,0.2,45.083333333333336,7,1999,Monsoon
1999-07-13,33.766666666666666,37.4,30.4,24,0.0,47.583333333333336,7,1999,Monsoon
1999-07-14,33.791666666666664,38.8,28.9,24,0.0,48.5,7,1999,Monsoon
1999-07-15,33.541666666666664,38.0,29.0,24,0.0,55.083333333333336,7,1999,Monsoon
1999-07-16,33.612500000000004,37.1,30.4,24,0.3,55.375,7,1999,Monsoon
1999-07-17,30.900000000000002,34.0,28.6,24,0.6000000000000001,67.16666666666667,7,1999,Monsoon
1999-07-18,27.695833333333336,29.1,26.1,24,14.1,86.41666666666667,7,1999,Monsoon
1999-07-19,27.458333333333332,30.7,25.7,24,14.9,86.5,7,1999,Monsoon
1999-07-20,27.0625,31.5,25.0,24,15.2,89.91666666666667,7,1999,Monsoon
1999-07-21,26.599999999999998,28.8,25.2,24,14.9,89.29166666666667,7,1999,Monsoon
1999-07-22,25.97083333333333,26.8,25.0,24,39.3,94.54166666666667,7,1999,Monsoon
1999-07-23,27.558333333333334,31.6,25.0,24,13.1,87.91666666666667,7,1999,Monsoon
1999-07-24,28.245833333333334,31.8,26.2,24,5.2,85.70833333333333,7,1999,Monsoon
1999-07-25,28.416666666666668,31.3,25.7,24,3.0,84.83333333333333,7,1999,Monsoon
1999-07-26,30.037499999999998,34.7,25.8,24,0.6000000000000001,75.375,7,1999,Monsoon
1999-07-27,30.650000000000002,34.3,27.9,24,0.0,68.625,7,1999,Monsoon
1999-07-28,26.004166666666666,27.1,25.1,24,190.2,93.375,7,1999,Monsoon
1999-07-29,27.616666666666664,31.9,24.9,24,9.1,86.83333333333333,7,1999,Monsoon
1999-07-30,26.84583333333333,29.7,25.1,24,7.5,84.625,7,1999,Monsoon
1999-07-31,27.099999999999998,30.1,25.5,24,15.3,86.20833333333333,7,1999,Monsoon
1999-08-01,28.829166666666666,32.2,25.5,24,0.2,78.16666666666667,8,1999,Monsoon
1999-08-02,29.150000000000002,32.5,25.9,24,1.5,79.875,8,1999,Monsoon
1999-08-03,28.170833333333334,30.8,26.0,24,5.9,86.875,8,1999,Monsoon
1999-08-04,29.191666666666666,33.3,26.0,24,0.7,81.875,8,1999,Monsoon
1999-08-05,28.858333333333334,32.5,26.4,24,6.8,84.58333333333333,8,1999,Monsoon
1999-08-06,27.933333333333334,31.2,25.8,24,18.9,85.75,8,1999,Monsoon
1999-08-07,28.47083333333333,32.0,26.1,24,7.6,83.20833333333333,8,1999,Monsoon
1999-08-08,28.766666666666666,32.9,26.3,24,3.5,83.83333333333333,8,1999,Monsoon
1999-08-09,27.633333333333336,29.7,26.0,24,7.8,88.29166666666667,8,1999,Monsoon
1999-08-10,27.40833333333333,29.7,25.5,24,8.8,87.66666666666667,8,1999,Monsoon
1999-08-11,27.520833333333332,30.6,25.3,24,22.5,88.95833333333333,8,1999,Monsoon
1999-08-12,28.09583333333333,32.9,25.4,24,7.9,84.54166666666667,8,1999,Monsoon
1999-08-13,28.683333333333334,31.7,26.3,24,0.2,74.375,8,1999,Monsoon
1999-08-14,28.825,32.4,25.4,24,0.8,72.41666666666667,8,1999,Monsoon
1999-08-15,29.4375,34.1,25.5,24,0.0,68.875,8,1999,Monsoon
1999-08-16,30.141666666666666,34.5,26.6,24,0.0,68.25,8,1999,Monsoon
1999-08-17,29.8125,33.9,26.5,24,0.30000000000000004,75.375,8,1999,Monsoon
1999-08-18,29.133333333333336,32.3,26.7,24,0.0,77.41666666666667,8,1999,Monsoon
1999-08-19,28.412499999999998,32.7,25.4,24,1.7,80.83333333333333,8,1999,Monsoon
1999-08-20,28.6875,33.1,25.6,24,0.6,80.125,8,1999,Monsoon
1999-08-21,29.741666666666664,33.6,26.7,24,0.0,70.75,8,1999,Monsoon
1999-08-22,30.379166666666666,34.8,27.1,24,0.0,60.75,8,1999,Monsoon
1999-08-23,30.38333333333333,35.1,27.0,24,0.0,59.416666666666664,8,1999,Monsoon
1999-08-24,30.508333333333336,34.8,27.0,24,0.0,56.333333333333336,8,1999,Monsoon
1999-08-25,30.625,34.3,27.2,24,0.0,55.291666666666664,8,1999,Monsoon
1999-08-26,30.266666666666666,34.4,26.4,24,0.0,59.5,8,1999,Monsoon
1999-08-27,29.4375,33.7,25.2,24,0.0,70.16666666666667,8,1999,Monsoon
1999-08-28,30.320833333333336,35.1,26.0,24,0.1,65.79166666666667,8,1999,Monsoon
1999-08-29,30.4875,35.6,25.8,24,0.2,65.375,8,1999,Monsoon
1999-08-30,30.045833333333334,34.8,26.1,24,1.7,67.58333333333333,8,1999,Monsoon
1999-08-31,30.212500000000002,35.0,26.3,24,0.8,65.5,8,1999,Monsoon
1999-09-01,29.566666666666666,34.3,26.3,24,1.7000000000000002,71.70833333333333,9,1999,Monsoon
1999-09-02,28.954166666666666,33.5,25.3,24,3.3,77.45833333333333,9,1999,Monsoon
1999-09-03,29.662499999999998,33.9,25.7,24,0.2,75.375,9,1999,Monsoon
1999-09-04,28.7,32.4,24.9,24,1.3,78.83333333333333,9,1999,Monsoon
1999-09-05,26.9375,28.5,25.7,24,12.5,90.45833333333333,9,1999,Monsoon
1999-09-06,25.141666666666666,25.8,24.7,24,36.1,94.70833333333333,9,1999,Monsoon
1999-09-07,26.104166666666668,28.4,24.2,24,8.5,90.375,9,1999,Monsoon
1999-09-08,26.445833333333336,29.4,24.3,24,5.9,89.16666666666667,9,1999,Monsoon
1999-09-09,25.962500000000002,28.4,24.3,24,8.4,90.79166666666667,9,1999,Monsoon
1999-09-10,24.90833333333333,26.9,23.3,24,7.3,92.08333333333333,9,1999,Monsoon
1999-09-11,25.929166666666664,29.1,23.8,24,5.300000000000001,89.16666666666667,9,1999,Monsoon
1999-09-12,27.02916666666667,30.9,23.6,24,1.3,85.16666666666667,9,1999,Monsoon
1999-09-13,27.245833333333334,30.9,24.3,24,3.9,86.45833333333333,9,1999,Monsoon
1999-09-14,27.941666666666666,31.5,25.0,24,0.0,81.16666666666667,9,1999,Monsoon
1999-09-15,27.579166666666666,31.0,24.8,24,1.4,82.45833333333333,9,1999,Monsoon
1999-09-16,27.900000000000002,32.4,24.4,24,1.9,81.45833333333333,9,1999,Monsoon
1999-09-17,28.72083333333333,32.4,25.6,24,0.0,76.625,9,1999,Monsoon
1999-09-18,28.558333333333334,32.3,25.7,24,0.0,79.20833333333333,9,1999,Monsoon
1999-09-19,28.141666666666666,30.9,26.0,24,0.3,81.16666666666667,9,1999,Monsoon
1999-09-20,28.349999999999998,32.9,24.4,24,0.7,77.70833333333333,9,1999,Monsoon
1999-09-21,29.370833333333334,33.6,25.2,24,0.0,74.29166666666667,9,1999,Monsoon
1999-09-22,29.495833333333334,34.1,25.9,24,0.7,72.45833333333333,9,1999,Monsoon
1999-09-23,27.620833333333334,31.1,25.0,24,2.1999999999999997,83.58333333333333,9,1999,Monsoon
1999-09-24,26.395833333333332,29.9,23.7,24,10.8,85.66666666666667,9,1999,Monsoon
1999-09-25,28.254166666666666,33.2,23.8,24,0.0,80.29166666666667,9,1999,Monsoon
1999-09-26,29.020833333333332,34.0,24.4,24,0.0,73.83333333333333,9,1999,Monsoon
1999-09-27,27.537499999999998,31.7,24.1,24,0.0,79.5,9,1999,Monsoon
1999-09-28,27.5125,31.2,24.4,24,0.0,77.58333333333333,9,1999,Monsoon
1999-09-29,27.295833333333334,31.4,23.3,24,0.2,79.33333333333333,9,1999,Monsoon
1999-09-30,27.308333333333334,31.8,24.4,24,1.5,81.0,9,1999,Monsoon
1999-10-01,26.145833333333332,29.4,23.1,24,3.4,85.29166666666667,10,1999,Post-monsoon
1999-10-02,24.8,29.3,22.1,24,5.8,86.54166666666667,10,1999,Post-monsoon
1999-10-03,24.416666666666668,27.8,22.0,24,0.9,88.33333333333333,10,1999,Post-monsoon
1999-10-04,24.59583333333333,28.1,21.6,24,1.2,85.45833333333333,10,1999,Post-monsoon
1999-10-05,24.729166666666668,28.2,21.6,24,0.5,85.625,10,1999,Post-monsoon
1999-10-06,24.316666666666666,28.4,21.8,24,1.0,86.5,10,1999,Post-monsoon
1999-10-07,24.7,29.3,21.1,24,0.0,80.75,10,1999,Post-monsoon
1999-10-08,26.037499999999998,32.7,20.6,24,0.0,72.0,10,1999,Post-monsoon
1999-10-09,26.358333333333334,33.9,20.5,24,0.0,60.0,10,1999,Post-monsoon
1999-10-10,25.916666666666668,33.6,18.5,24,0.0,52.666666666666664,10,1999,Post-monsoon
1999-10-11,26.329166666666666,33.7,19.5,24,0.0,55.458333333333336,10,1999,Post-monsoon
1999-10-12,26.020833333333332,32.6,20.1,24,0.0,59.25,10,1999,Post-monsoon
1999-10-13,25.070833333333336,32.0,18.8,24,0.0,68.91666666666667,10,1999,Post-monsoon
1999-10-14,24.808333333333334,31.9,17.9,24,0.0,61.833333333333336,10,1999,Post-monsoon
1999-10-15,24.079166666666666,31.6,17.3,24,0.0,60.458333333333336,10,1999,Post-monsoon
1999-10-16,23.775000000000002,31.3,17.8,24,0.0,60.625,10,1999,Post-monsoon
1999-10-17,23.741666666666664,31.1,17.2,24,0.0,59.416666666666664,10,1999,Post-monsoon
1999-10-18,24.041666666666668,30.9,17.4,24,0.0,61.416666666666664,10,1999,Post-monsoon
1999-10-19,24.34166666666667,31.5,17.5,24,0.0,66.58333333333333,10,1999,Post-monsoon
1999-10-20,24.6875,31.5,17.9,24,0.0,58.958333333333336,10,1999,Post-monsoon
1999-10-21,24.400000000000002,31.4,17.6,24,0.0,62.666666666666664,10,1999,Post-monsoon
1999-10-22,24.070833333333336,30.6,18.0,24,0.0,65.29166666666667,10,1999,Post-monsoon
1999-10-23,24.05,31.0,18.3,24,0.0,65.29166666666667,10,1999,Post-monsoon
1999-10-24,24.1375,31.7,17.5,24,0.0,60.5,10,1999,Post-monsoon
1999-10-25,24.25,31.0,17.8,24,0.0,59.25,10,1999,Post-monsoon
1999-10-26,24.391666666666666,31.6,17.9,24,0.0,58.875,10,1999,Post-monsoon
1999-10-27,24.84166666666667,32.4,17.9,24,0.0,52.541666666666664,10,1999,Post-monsoon
1999-10-28,24.837500000000002,32.2,17.8,24,0.0,53.75,10,1999,Post-monsoon
1999-10-29,24.3,32.5,16.4,24,0.0,60.041666666666664,10,1999,Post-monsoon
1999-10-30,24.633333333333336,32.6,17.1,24,0.0,59.333333333333336,10,1999,Post-monsoon
1999-10-31,24.883333333333336,32.1,17.7,24,0.0,59.333333333333336,10,1999,Post-monsoon
1999-11-01,24.525000000000002,31.1,18.8,24,0.0,64.45833333333333,11,1999,Post-monsoon
1999-11-02,24.474999999999998,31.1,18.7,24,0.0,58.125,11,1999,Post-monsoon
1999-11-03,23.741666666666664,31.2,17.2,24,0.0,56.916666666666664,11,1999,Post-monsoon
1999-11-04,24.395833333333332,32.0,17.4,24,0.0,57.083333333333336,11,1999,Post-monsoon
1999-11-05,24.40416666666667,31.5,17.9,24,0.0,54.25,11,1999,Post-monsoon
1999-11-06,25.025000000000002,32.2,19.6,24,0.0,49.125,11,1999,Post-monsoon
1999-11-07,23.650000000000002,29.9,18.3,24,0.0,51.208333333333336,11,1999,Post-monsoon
1999-11-08,20.904166666666665,27.8,14.5,24,0.0,39.208333333333336,11,1999,Post-monsoon
1999-11-09,19.920833333333334,27.5,12.8,24,0.0,44.791666666666664,11,1999,Post-monsoon
1999-11-10,20.683333333333334,28.8,12.9,24,0.0,40.875,11,1999,Post-monsoon
1999-11-11,21.308333333333334,29.6,13.6,24,0.0,41.583333333333336,11,1999,Post-monsoon
1999-11-12,21.2,29.1,13.9,24,0.0,47.041666666666664,11,1999,Post-monsoon
1999-11-13,21.733333333333334,29.8,14.0,24,0.0,41.875,11,1999,Post-monsoon
1999-11-14,23.270833333333332,30.3,17.5,24,0.0,41.0,11,1999,Post-monsoon
1999-11-15,22.441666666666666,29.4,16.7,24,0.0,44.541666666666664,11,1999,Post-monsoon
1999-11-16,20.904166666666665,28.3,14.7,24,0.0,44.708333333333336,11,1999,Post-monsoon
1999-11-17,19.308333333333334,27.8,11.4,24,0.0,43.708333333333336,11,1999,Post-monsoon
1999-11-18,19.091666666666665,27.3,11.3,24,0.0,40.291666666666664,11,1999,Post-monsoon
1999-11-19,19.224999999999998,27.0,11.8,24,0.0,45.458333333333336,11,1999,Post-monsoon
1999-11-20,19.25,26.5,12.2,24,0.0,54.208333333333336,11,1999,Post-monsoon
1999-11-21,18.641666666666666,26.6,11.2,24,0.0,56.166666666666664,11,1999,Post-monsoon
1999-11-22,18.683333333333334,26.7,11.0,24,0.0,61.166666666666664,11,1999,Post-monsoon
1999-11-23,19.325,27.6,11.3,24,0.0,54.458333333333336,11,1999,Post-monsoon
1999-11-24,19.154166666666665,25.6,13.9,24,0.0,50.333333333333336,11,1999,Post-monsoon
1999-11-25,18.2,25.7,10.9,24,0.0,54.458333333333336,11,1999,Post-monsoon
1999-11-26,18.333333333333332,25.8,11.9,24,0.0,54.166666666666664,11,1999,Post-monsoon
1999-11-27,17.983333333333334,25.4,11.9,24,0.0,45.625,11,1999,Post-monsoon
1999-11-28,18.545833333333334,27.0,11.9,24,0.0,39.875,11,1999,Post-monsoon
1999-11-29,18.866666666666667,26.8,12.1,24,0.0,57.541666666666664,11,1999,Post-monsoon
1999-11-30,18.712500000000002,25.9,11.4,24,0.0,64.625,11,1999,Post-monsoon
1999-12-01,18.454166666666666,26.0,12.2,24,0.0,65.58333333333333,12,1999,Winter
1999-12-02,18.17083333333333,25.9,11.3,24,0.0,61.666666666666664,12,1999,Winter
1999-12-03,17.6125,24.3,10.7,24,0.0,63.25,12,1999,Winter
1999-12-04,17.654166666666665,24.1,12.2,24,0.0,62.208333333333336,12,1999,Winter
1999-12-05,17.120833333333334,23.5,10.9,24,0.0,62.416666666666664,12,1999,Winter
1999-12-06,17.412499999999998,23.3,12.9,24,0.0,62.708333333333336,12,1999,Winter
1999-12-07,16.179166666666667,21.8,11.1,24,0.0,67.58333333333333,12,1999,Winter
1999-12-08,15.316666666666668,20.7,10.1,24,0.1,71.54166666666667,12,1999,Winter
1999-12-09,15.295833333333334,22.1,8.8,24,0.0,64.70833333333333,12,1999,Winter
1999-12-10,15.225,22.1,9.7,24,0.0,52.208333333333336,12,1999,Winter
1999-12-11,15.379166666666668,22.9,8.9,24,0.0,52.583333333333336,12,1999,Winter
1999-12-12,14.970833333333333,22.7,7.9,24,0.0,53.666666666666664,12,1999,Winter
1999-12-13,14.933333333333332,23.0,8.0,24,0.0,53.083333333333336,12,1999,Winter
1999-12-14,14.695833333333333,22.5,7.1,24,0.0,54.625,12,1999,Winter
1999-12-15,14.908333333333333,23.1,8.2,24,0.0,48.791666666666664,12,1999,Winter
1999-12-16,15.204166666666666,23.6,8.4,24,0.0,50.625,12,1999,Winter
1999-12-17,15.379166666666668,23.3,7.7,24,0.0,65.08333333333333,12,1999,Winter
1999-12-18,15.4,23.4,7.6,24,0.0,66.70833333333333,12,1999,Winter
1999-12-19,14.520833333333334,22.3,7.0,24,0.0,67.95833333333333,12,1999,Winter
1999-12-20,14.325000000000001,22.1,7.5,24,0.0,64.875,12,1999,Winter
1999-12-21,14.4125,21.8,8.4,24,0.0,59.916666666666664,12,1999,Winter
1999-12-22,14.116666666666667,21.5,6.3,24,0.0,58.583333333333336,12,1999,Winter
1999-12-23,14.483333333333334,21.3,7.7,24,0.0,56.458333333333336,12,1999,Winter
1999-12-24,13.875,20.8,7.5,24,0.0,61.75,12,1999,Winter
1999-12-25,13.3125,20.3,6.8,24,0.0,63.166666666666664,12,1999,Winter
1999-12-26,13.120833333333332,19.9,5.9,24,0.0,66.875,12,1999,Winter
1999-12-27,12.995833333333332,20.0,5.8,24,0.0,70.33333333333333,12,1999,Winter
1999-12-28,13.116666666666667,19.9,6.0,24,0.0,73.25,12,1999,Winter
1999-12-29,13.483333333333334,20.2,7.6,24,0.0,73.08333333333333,12,1999,Winter
1999-12-30,12.845833333333333,20.0,5.7,24,0.0,69.16666666666667,12,1999,Winter
1999-12-31,13.045833333333334,19.8,7.6,24,0.0,67.91666666666667,12,1999,Winter
2000-01-01,13.170833333333334,19.6,7.8,24,0.0,68.58333333333333,1,2000,Winter
2000-01-02,12.808333333333332,20.0,5.7,24,0.0,71.58333333333333,1,2000,Winter
2000-01-03,12.549999999999999,20.1,5.5,24,0.0,73.08333333333333,1,2000,Winter
2000-01-04,12.5375,19.6,5.7,24,0.0,74.41666666666667,1,2000,Winter
2000-01-05,11.975,19.2,5.3,24,0.0,73.75,1,2000,Winter
2000-01-06,11.870833333333332,19.0,5.9,24,0.0,70.16666666666667,1,2000,Winter
2000-01-07,11.858333333333334,18.7,5.0,24,0.0,72.41666666666667,1,2000,Winter
2000-01-08,13.262500000000001,20.3,6.3,24,0.0,76.125,1,2000,Winter
2000-01-09,15.512500000000001,22.0,9.9,24,0.0,76.83333333333333,1,2000,Winter
2000-01-10,14.891666666666666,19.1,11.2,24,0.0,85.375,1,2000,Winter
2000-01-11,16.033333333333335,22.9,10.9,24,0.0,77.08333333333333,1,2000,Winter
2000-01-12,16.541666666666668,22.7,12.9,24,14.200000000000001,79.29166666666667,1,2000,Winter
2000-01-13,14.875,18.9,10.5,24,3.1,83.20833333333333,1,2000,Winter
2000-01-14,12.220833333333333,18.1,7.4,24,0.0,72.08333333333333,1,2000,Winter
2000-01-15,9.4,15.7,3.5,24,0.0,60.916666666666664,1,2000,Winter
2000-01-16,9.466666666666667,15.5,3.7,24,0.0,65.70833333333333,1,2000,Winter
2000-01-17,10.487499999999999,17.4,5.1,24,0.0,64.66666666666667,1,2000,Winter
2000-01-18,12.870833333333332,20.1,6.8,24,0.0,51.833333333333336,1,2000,Winter
2000-01-19,14.116666666666667,21.0,8.5,24,0.0,48.583333333333336,1,2000,Winter
2000-01-20,14.395833333333334,21.0,9.7,24,0.0,56.416666666666664,1,2000,Winter
2000-01-21,14.225,21.7,8.2,24,0.6000000000000001,67.70833333333333,1,2000,Winter
2000-01-22,14.595833333333333,20.0,10.1,24,0.2,69.5,1,2000,Winter
2000-01-23,14.370833333333332,21.2,8.2,24,0.0,76.04166666666667,1,2000,Winter
2000-01-24,14.799999999999999,22.1,7.7,24,0.0,70.54166666666667,1,2000,Winter
2000-01-25,14.608333333333334,20.0,9.5,24,12.1,78.91666666666667,1,2000,Winter
2000-01-26,15.320833333333333,20.3,12.4,24,4.6000000000000005,80.125,1,2000,Winter
2000-01-27,13.779166666666667,18.7,10.3,24,2.7,78.375,1,2000,Winter
2000-01-28,13.408333333333333,19.5,8.7,24,0.0,69.83333333333333,1,2000,Winter
2000-01-29,13.637500000000001,20.4,8.5,24,0.0,53.166666666666664,1,2000,Winter
2000-01-30,14.670833333333334,22.2,8.0,24,0.0,66.08333333333333,1,2000,Winter
2000-01-31,15.762500000000001,21.9,10.4,24,0.0,70.45833333333333,1,2000,Winter
2000-02-01,15.933333333333332,20.7,11.9,24,0.0,68.875,2,2000,Winter
2000-02-02,14.429166666666667,20.1,10.1,24,0.0,80.79166666666667,2,2000,Winter
2000-02-03,15.1875,21.8,8.6,24,0.0,73.58333333333333,2,2000,Winter
2000-02-04,15.174999999999999,21.4,10.0,24,18.9,80.75,2,2000,Winter
2000-02-05,13.629166666666668,15.7,12.4,24,4.6000000000000005,82.04166666666667,2,2000,Winter
2000-02-06,13.720833333333333,16.8,10.7,24,0.30000000000000004,77.125,2,2000,Winter
2000-02-07,12.541666666666666,18.0,6.8,24,0.0,77.91666666666667,2,2000,Winter
2000-02-08,12.758333333333333,17.8,7.7,24,0.0,77.625,2,2000,Winter
2000-02-09,13.341666666666667,19.6,6.8,24,0.0,75.58333333333333,2,2000,Winter
2000-02-10,14.2875,20.1,9.4,24,7.0,79.16666666666667,2,2000,Winter
2000-02-11,13.595833333333333,17.0,10.2,24,16.7,84.16666666666667,2,2000,Winter
2000-02-12,11.804166666666667,16.9,8.3,24,0.0,82.125,2,2000,Winter
2000-02-13,11.729166666666666,17.1,7.0,24,0.0,76.41666666666667,2,2000,Winter
2000-02-14,12.533333333333333,19.0,7.2,24,0.0,70.08333333333333,2,2000,Winter
2000-02-15,13.545833333333334,20.5,8.5,24,0.0,70.70833333333333,2,2000,Winter
2000-02-16,13.341666666666667,20.6,6.0,24,0.0,69.79166666666667,2,2000,Winter
2000-02-17,14.108333333333334,21.3,6.3,24,0.0,66.04166666666667,2,2000,Winter
2000-02-18,13.516666666666666,20.0,6.5,24,0.0,65.875,2,2000,Winter
2000-02-19,13.204166666666666,20.2,6.1,24,0.0,66.58333333333333,2,2000,Winter
2000-02-20,13.395833333333334,20.1,7.9,24,0.0,67.20833333333333,2,2000,Winter
2000-02-21,14.579166666666666,21.3,8.1,24,0.0,64.70833333333333,2,2000,Winter
2000-02-22,14.358333333333334,21.2,8.6,24,0.0,65.875,2,2000,Winter
2000-02-23,13.970833333333333,21.6,7.0,24,0.0,62.833333333333336,2,2000,Winter
2000-02-24,14.5375,21.0,8.8,24,0.0,56.5,2,2000,Winter
2000-02-25,14.325000000000001,21.5,7.8,24,0.0,50.333333333333336,2,2000,Winter
2000-02-26,14.395833333333334,22.3,6.3,24,0.0,53.666666666666664,2,2000,Winter
2000-02-27,15.508333333333333,24.2,6.4,24,0.0,54.458333333333336,2,2000,Winter
2000-02-28,17.075,26.1,8.5,24,0.0,58.625,2,2000,Winter
2000-02-29,19.616666666666667,27.7,12.0,24,0.0,54.083333333333336,2,2000,Winter
2000-03-01,19.066666666666666,26.0,11.3,24,0.0,60.333333333333336,3,2000,Summer
2000-03-02,19.675,27.2,11.9,24,0.2,62.333333333333336,3,2000,Summer
2000-03-03,20.070833333333333,27.9,11.7,24,0.0,51.041666666666664,3,2000,Summer
2000-03-04,21.420833333333334,29.2,15.2,24,0.0,44.333333333333336,3,2000,Summer
2000-03-05,19.095833333333335,24.7,12.2,24,0.0,55.916666666666664,3,2000,Summer
2000-03-06,18.666666666666668,25.3,12.3,24,0.0,51.291666666666664,3,2000,Summer
2000-03-07,18.900000000000002,25.8,11.9,24,0.0,47.166666666666664,3,2000,Summer
2000-03-08,18.8,25.8,11.7,24,0.0,41.5,3,2000,Summer
2000-03-09,18.962500000000002,26.2,12.3,24,0.0,38.708333333333336,3,2000,Summer
2000-03-10,19.654166666666665,29.4,9.6,24,0.0,44.0,3,2000,Summer
2000-03-11,21.47083333333333,29.7,13.5,24,0.0,46.0,3,2000,Summer
2000-03-12,21.520833333333332,28.5,16.6,24,0.0,47.666666666666664,3,2000,Summer
2000-03-13,19.120833333333334,25.4,13.5,24,1.9,64.625,3,2000,Summer
2000-03-14,19.708333333333332,26.3,12.4,24,0.0,57.666666666666664,3,2000,Summer
2000-03-15,20.608333333333334,28.2,13.1,24,0.0,42.166666666666664,3,2000,Summer
2000-03-16,21.3875,30.2,12.2,24,0.0,43.625,3,2000,Summer
2000-03-17,22.616666666666664,31.3,13.6,24,0.0,44.208333333333336,3,2000,Summer
2000-03-18,21.058333333333334,28.6,13.5,24,0.0,42.708333333333336,3,2000,Summer
2000-03-19,20.625,28.3,12.1,24,0.0,35.958333333333336,3,2000,Summer
2000-03-20,21.179166666666667,28.6,13.1,24,0.0,30.25,3,2000,Summer
2000-03-21,21.579166666666666,28.6,13.1,24,0.1,32.958333333333336,3,2000,Summer
2000-03-22,21.675,28.6,15.5,24,0.9,43.583333333333336,3,2000,Summer
2000-03-23,19.2625,25.8,13.3,24,0.39999999999999997,62.333333333333336,3,2000,Summer
2000-03-24,19.529166666666665,26.3,12.6,24,0.0,64.5,3,2000,Summer
2000-03-25,21.141666666666666,28.5,13.0,24,0.0,50.208333333333336,3,2000,Summer
2000-03-26,22.7,30.4,13.7,24,0.0,47.333333333333336,3,2000,Summer
2000-03-27,24.420833333333334,32.5,15.0,24,0.0,47.375,3,2000,Summer
2000-03-28,25.6375,33.8,16.0,24,0.0,43.75,3,2000,Summer
2000-03-29,27.037499999999998,35.0,19.3,24,0.0,42.208333333333336,3,2000,Summer
2000-03-30,27.958333333333332,37.0,19.5,24,0.0,41.958333333333336,3,2000,Summer
2000-03-31,27.90416666666667,37.7,17.4,24,0.0,38.833333333333336,3,2000,Summer
2000-04-01,27.425,35.6,19.4,24,0.0,34.041666666666664,4,2000,Summer
2000-04-02,26.40416666666667,33.5,19.7,24,0.0,26.625,4,2000,Summer
2000-04-03,26.441666666666666,34.7,17.4,24,0.0,28.583333333333332,4,2000,Summer
2000-04-04,27.066666666666666,35.9,18.0,24,0.0,34.708333333333336,4,2000,Summer
2000-04-05,27.054166666666664,35.7,16.5,24,0.0,32.75,4,2000,Summer
2000-04-06,26.525000000000002,34.6,17.8,24,0.0,22.958333333333332,4,2000,Summer
2000-04-07,27.59166666666667,36.6,17.3,24,0.0,24.541666666666668,4,2000,Summer
2000-04-08,28.962500000000002,37.1,18.3,24,0.0,27.708333333333332,4,2000,Summer
2000-04-09,28.5125,36.2,20.2,24,0.0,23.791666666666668,4,2000,Summer
2000-04-10,28.020833333333332,36.3,18.1,24,0.0,26.791666666666668,4,2000,Summer
2000-04-11,28.354166666666668,37.9,17.2,24,0.0,28.458333333333332,4,2000,Summer
2000-04-12,30.22083333333333,38.6,20.8,24,0.0,26.833333333333332,4,2000,Summer
2000-04-13,30.400000000000002,39.5,19.9,24,0.5,31.166666666666668,4,2000,Summer
2000-04-14,30.504166666666666,39.0,21.3,24,1.1,30.625,4,2000,Summer
2000-04-15,29.358333333333334,35.9,21.9,24,0.0,33.166666666666664,4,2000,Summer
2000-04-16,29.8125,37.2,22.5,24,0.0,37.25,4,2000,Summer
2000-04-17,30.541666666666668,38.5,21.7,24,0.0,33.375,4,2000,Summer
2000-04-18,31.77916666666667,40.4,22.1,24,0.0,26.625,4,2000,Summer
2000-04-19,32.53333333333333,41.0,24.1,24,0.0,27.333333333333332,4,2000,Summer
2000-04-20,32.425000000000004,40.6,25.1,24,0.1,23.75,4,2000,Summer
2000-04-21,31.9875,40.4,23.4,24,0.7,32.75,4,2000,Summer
2000-04-22,30.429166666666664,37.6,23.1,24,0.0,36.208333333333336,4,2000,Summer
2000-04-23,29.40833333333333,35.5,23.0,24,0.7,46.083333333333336,4,2000,Summer
2000-04-24,31.900000000000002,39.3,24.2,24,0.30000000000000004,31.583333333333332,4,2000,Summer
2000-04-25,32.87916666666667,40.6,24.9,24,0.0,24.458333333333332,4,2000,Summer
2000-04-26,30.895833333333332,39.5,23.6,24,1.7,41.75,4,2000,Summer
2000-04-27,30.045833333333334,38.3,24.1,24,0.7,56.583333333333336,4,2000,Summer
2000-04-28,31.270833333333332,40.0,22.9,24,0.0,44.041666666666664,4,2000,Summer
2000-04-29,32.275,39.9,25.1,24,0.0,28.208333333333332,4,2000,Summer
2000-04-30,32.333333333333336,40.9,21.9,24,0.0,23.375,4,2000,Summer
2000-05-01,33.13333333333333,41.7,23.4,24,0.0,17.375,5,2000,Summer
2000-05-02,34.012499999999996,42.6,24.6,24,0.0,16.916666666666668,5,2000,Summer
2000-05-03,32.300000000000004,40.2,23.5,24,0.0,31.125,5,2000,Summer
2000-05-04,33.5375,40.2,27.1,24,0.0,40.833333333333336,5,2000,Summer
2000-05-05,32.612500000000004,38.7,27.2,24,1.4000000000000001,43.875,5,2000,Summer
2000-05-06,29.483333333333334,33.7,25.8,24,0.3,53.958333333333336,5,2000,Summer
2000-05-07,27.666666666666668,32.9,23.9,24,4.8,62.583333333333336,5,2000,Summer
2000-05-08,28.962500000000002,34.9,23.6,24,0.0,53.041666666666664,5,2000,Summer
2000-05-09,30.979166666666668,37.3,24.8,24,0.0,46.958333333333336,5,2000,Summer
2000-05-10,33.108333333333334,39.7,26.0,24,0.0,38.833333333333336,5,2000,Summer
2000-05-11,34.47083333333333,40.9,27.0,24,0.0,35.875,5,2000,Summer
2000-05-12,33.43333333333333,40.0,28.4,24,4.300000000000001,44.875,5,2000,Summer
2000-05-13,29.9875,34.9,26.0,24,10.3,64.04166666666667,5,2000,Summer
2000-05-14,30.27916666666667,35.4,24.6,24,7.699999999999999,62.958333333333336,5,2000,Summer
2000-05-15,33.583333333333336,39.6,28.1,24,0.2,44.958333333333336,5,2000,Summer
2000-05-16,34.324999999999996,39.6,29.4,24,0.0,35.666666666666664,5,2000,Summer
2000-05-17,34.77916666666667,41.1,28.8,24,1.3,34.416666666666664,5,2000,Summer
2000-05-18,35.34166666666667,41.8,28.9,24,0.0,30.625,5,2000,Summer
2000-05-19,36.237500000000004,42.1,30.3,24,0.0,27.25,5,2000,Summer
2000-05-20,36.0375,42.6,30.4,24,0.6,30.166666666666668,5,2000,Summer
2000-05-21,34.21666666666667,41.4,28.0,24,0.7,45.083333333333336,5,2000,Summer
2000-05-22,33.041666666666664,40.2,26.8,24,0.0,53.875,5,2000,Summer
2000-05-23,33.6625,39.7,28.5,24,0.0,49.25,5,2000,Summer
2000-05-24,35.25,41.4,28.7,24,0.0,43.583333333333336,5,2000,Summer
2000-05-25,36.895833333333336,42.2,32.2,24,0.0,32.0,5,2000,Summer
2000-05-26,36.80833333333333,43.0,31.4,24,0.0,34.625,5,2000,Summer
2000-05-27,36.77916666666667,42.6,31.9,24,0.0,34.916666666666664,5,2000,Summer
2000-05-28,36.770833333333336,42.2,31.8,24,0.0,31.25,5,2000,Summer
2000-05-29,36.891666666666666,43.4,31.2,24,0.0,28.041666666666668,5,2000,Summer
2000-05-30,37.108333333333334,42.8,32.3,24,0.0,25.041666666666668,5,2000,Summer
2000-05-31,33.891666666666666,39.1,26.1,24,5.4,43.208333333333336,5,2000,Summer
2000-06-01,34.55,40.6,27.9,24,0.2,45.0,6,2000,Monsoon
2000-06-02,34.604166666666664,40.4,29.3,24,0.0,44.416666666666664,6,2000,Monsoon
2000-06-03,33.30416666666667,39.3,28.1,24,5.9,56.458333333333336,6,2000,Monsoon
2000-06-04,32.050000000000004,35.4,28.8,24,0.4,62.291666666666664,6,2000,Monsoon
2000-06-05,31.96666666666667,37.3,26.1,24,0.0,56.625,6,2000,Monsoon
2000-06-06,31.066666666666666,34.8,28.1,24,7.1,65.33333333333333,6,2000,Monsoon
2000-06-07,26.520833333333332,30.4,23.8,24,71.9,80.375,6,2000,Monsoon
2000-06-08,25.65416666666667,28.6,23.3,24,8.9,89.5,6,2000,Monsoon
2000-06-09,28.004166666666666,32.3,24.6,24,0.0,78.33333333333333,6,2000,Monsoon
2000-06-10,29.429166666666664,34.9,24.4,24,0.0,73.91666666666667,6,2000,Monsoon
2000-06-11,29.96666666666667,35.4,25.1,24,0.0,69.125,6,2000,Monsoon
2000-06-12,31.266666666666666,36.5,25.6,24,0.1,60.583333333333336,6,2000,Monsoon
2000-06-13,32.079166666666666,37.2,27.0,24,0.0,57.916666666666664,6,2000,Monsoon
2000-06-14,32.71666666666667,37.4,29.2,24,0.0,57.458333333333336,6,2000,Monsoon
2000-06-15,33.704166666666666,38.3,30.0,24,0.0,51.875,6,2000,Monsoon
2000-06-16,32.07083333333333,37.3,27.5,24,0.0,65.83333333333333,6,2000,Monsoon
2000-06-17,32.0625,37.4,27.7,24,0.0,65.66666666666667,6,2000,Monsoon
2000-06-18,32.6875,37.8,28.0,24,0.0,62.458333333333336,6,2000,Monsoon
2000-06-19,31.09583333333333,35.2,27.7,24,0.0,71.625,6,2000,Monsoon
2000-06-20,30.616666666666664,34.5,27.1,24,0.1,71.79166666666667,6,2000,Monsoon
2000-06-21,32.204166666666666,37.9,27.5,24,0.0,63.75,6,2000,Monsoon
2000-06-22,32.74583333333333,38.6,27.8,24,0.1,61.833333333333336,6,2000,Monsoon
2000-06-23,32.045833333333334,37.0,27.2,24,0.0,60.833333333333336,6,2000,Monsoon
2000-06-24,32.699999999999996,38.3,27.6,24,1.0,55.833333333333336,6,2000,Monsoon
2000-06-25,33.579166666666666,38.3,29.0,24,0.0,50.083333333333336,6,2000,Monsoon
2000-06-26,33.50416666666667,38.3,28.8,24,0.0,52.291666666666664,6,2000,Monsoon
2000-06-27,33.137499999999996,37.6,29.7,24,0.0,54.125,6,2000,Monsoon
2000-06-28,32.15833333333333,37.9,27.9,24,0.4,63.625,6,2000,Monsoon
2000-06-29,31.208333333333332,34.7,28.3,24,3.4,69.83333333333333,6,2000,Monsoon
2000-06-30,28.8,32.1,26.5,24,1.0,76.5,6,2000,Monsoon
2000-07-01,28.604166666666668,32.3,25.4,24,15.0,79.875,7,2000,Monsoon
2000-07-02,28.96666666666667,33.1,24.8,24,3.1,79.25,7,2000,Monsoon
2000-07-03,29.2375,33.4,25.8,24,0.30000000000000004,77.75,7,2000,Monsoon
2000-07-04,29.941666666666666,34.5,25.6,24,6.1000000000000005,76.33333333333333,7,2000,Monsoon
2000-07-05,32.36666666666667,37.1,27.9,24,0.1,67.66666666666667,7,2000,Monsoon
2000-07-06,33.795833333333334,38.4,29.0,24,0.0,60.25,7,2000,Monsoon
2000-07-07,32.483333333333334,37.0,28.6,24,0.30000000000000004,65.20833333333333,7,2000,Monsoon
2000-07-08,28.84166666666667,33.1,25.3,24,5.7,80.625,7,2000,Monsoon
2000-07-09,29.5625,33.9,25.5,24,7.3,79.375,7,2000,Monsoon
2000-07-10,29.45,33.9,26.2,24,9.6,79.625,7,2000,Monsoon
2000-07-11,28.0,32.5,25.4,24,22.9,83.875,7,2000,Monsoon
2000-07-12,28.233333333333334,31.6,25.7,24,6.9,84.83333333333333,7,2000,Monsoon
2000-07-13,29.079166666666666,33.0,26.0,24,15.0,82.91666666666667,7,2000,Monsoon
2000-07-14,28.59166666666667,31.8,26.3,24,6.8,80.375,7,2000,Monsoon
2000-07-15,26.9875,29.6,25.7,24,7.2,88.875,7,2000,Monsoon
2000-07-16,26.84583333333333,31.2,25.0,24,14.9,89.58333333333333,7,2000,Monsoon
2000-07-17,26.90416666666667,30.2,25.3,24,33.199999999999996,89.29166666666667,7,2000,Monsoon
2000-07-18,26.541666666666668,28.3,25.0,24,7.0,88.91666666666667,7,2000,Monsoon
2000-07-19,25.625,26.4,25.1,24,26.1,94.875,7,2000,Monsoon
2000-07-20,27.808333333333334,31.9,24.7,24,15.3,86.0,7,2000,Monsoon
2000-07-21,27.53333333333333,30.2,25.7,24,0.5,75.08333333333333,7,2000,Monsoon
2000-07-22,24.541666666666668,26.1,23.6,24,5.9,87.70833333333333,7,2000,Monsoon
2000-07-23,26.079166666666666,28.9,24.2,24,0.30000000000000004,81.95833333333333,7,2000,Monsoon
2000-07-24,26.604166666666668,29.2,24.6,24,4.2,82.04166666666667,7,2000,Monsoon
2000-07-25,27.537499999999998,30.6,24.9,24,2.3000000000000003,81.125,7,2000,Monsoon
2000-07-26,28.21666666666667,32.2,25.0,24,3.1,78.79166666666667,7,2000,Monsoon
2000-07-27,28.275000000000002,31.1,26.2,24,0.8,79.70833333333333,7,2000,Monsoon
2000-07-28,28.545833333333334,32.0,25.7,24,0.4,82.5,7,2000,Monsoon
2000-07-29,29.59166666666667,33.3,26.0,24,0.0,80.0,7,2000,Monsoon
2000-07-30,30.041666666666668,33.7,26.7,24,0.0,76.54166666666667,7,2000,Monsoon
2000-07-31,29.554166666666664,32.6,27.3,24,0.2,72.375,7,2000,Monsoon
2000-08-01,29.65416666666667,33.2,27.0,24,0.1,66.16666666666667,8,2000,Monsoon
2000-08-02,29.775000000000002,33.2,27.2,24,0.0,60.958333333333336,8,2000,Monsoon
2000-08-03,29.325,32.7,25.6,24,0.0,64.08333333333333,8,2000,Monsoon
2000-08-04,29.9375,34.1,26.6,24,0.0,61.583333333333336,8,2000,Monsoon
2000-08-05,30.191666666666666,34.4,26.6,24,0.0,62.083333333333336,8,2000,Monsoon
2000-08-06,30.504166666666666,34.8,26.8,24,0.0,64.0,8,2000,Monsoon
2000-08-07,30.97083333333333,35.1,27.5,24,0.0,59.75,8,2000,Monsoon
2000-08-08,31.616666666666664,36.4,27.7,24,0.0,56.333333333333336,8,2000,Monsoon
2000-08-09,30.891666666666666,35.6,27.2,24,0.2,68.5,8,2000,Monsoon
2000-08-10,26.537499999999998,28.9,24.9,24,12.299999999999999,89.20833333333333,8,2000,Monsoon
2000-08-11,25.670833333333334,28.8,24.2,24,28.099999999999998,92.125,8,2000,Monsoon
2000-08-12,27.583333333333332,31.3,25.4,24,4.1,84.70833333333333,8,2000,Monsoon
2000-08-13,28.620833333333334,32.1,25.7,24,0.4,81.375,8,2000,Monsoon
2000-08-14,29.141666666666666,32.3,26.0,24,0.9,80.45833333333333,8,2000,Monsoon
2000-08-15,28.954166666666666,32.8,25.7,24,5.8,79.5,8,2000,Monsoon
2000-08-16,28.120833333333334,31.8,25.3,24,6.4,83.29166666666667,8,2000,Monsoon
2000-08-17,29.041666666666668,33.2,25.8,24,0.0,75.79166666666667,8,2000,Monsoon
2000-08-18,28.7,32.6,26.6,24,2.2,76.79166666666667,8,2000,Monsoon
2000-08-19,27.7375,30.3,25.4,24,8.600000000000001,85.33333333333333,8,2000,Monsoon
2000-08-20,28.254166666666666,31.4,25.3,24,4.1,84.54166666666667,8,2000,Monsoon
2000-08-21,27.912499999999998,31.1,25.0,24,9.5,85.83333333333333,8,2000,Monsoon
2000-08-22,27.25,31.1,25.0,24,2.0,87.66666666666667,8,2000,Monsoon
2000-08-23,27.712500000000002,31.9,24.8,24,5.7,85.33333333333333,8,2000,Monsoon
2000-08-24,29.025000000000002,32.5,25.5,24,0.30000000000000004,81.20833333333333,8,2000,Monsoon
2000-08-25,29.337500000000002,33.1,26.3,24,0.0,79.79166666666667,8,2000,Monsoon
2000-08-26,28.945833333333336,32.1,25.9,24,3.0999999999999996,83.0,8,2000,Monsoon
2000-08-27,29.349999999999998,32.8,26.3,24,0.8,80.75,8,2000,Monsoon
2000-08-28,28.295833333333334,31.6,25.3,24,6.2,87.0,8,2000,Monsoon
2000-08-29,28.212500000000002,32.7,25.7,24,26.4,85.45833333333333,8,2000,Monsoon
2000-08-30,28.070833333333336,32.8,25.2,24,8.0,83.20833333333333,8,2000,Monsoon
2000-08-31,28.858333333333334,32.9,26.5,24,0.5,70.95833333333333,8,2000,Monsoon
2000-09-01,29.241666666666664,32.8,26.2,24,0.0,67.04166666666667,9,2000,Monsoon
2000-09-02,29.3625,33.4,26.3,24,0.0,67.16666666666667,9,2000,Monsoon
2000-09-03,29.041666666666668,33.1,25.0,24,0.1,75.25,9,2000,Monsoon
2000-09-04,29.1125,33.0,25.5,24,2.7,80.45833333333333,9,2000,Monsoon
2000-09-05,29.083333333333332,32.4,25.9,24,0.2,80.20833333333333,9,2000,Monsoon
2000-09-06,28.34166666666667,32.1,25.2,24,4.6,84.54166666666667,9,2000,Monsoon
2000-09-07,29.129166666666666,33.8,25.6,24,1.4,75.70833333333333,9,2000,Monsoon
2000-09-08,29.40416666666667,34.4,25.0,24,0.0,71.91666666666667,9,2000,Monsoon
2000-09-09,29.058333333333334,33.7,25.5,24,0.9,67.95833333333333,9,2000,Monsoon
2000-09-10,28.816666666666666,33.3,25.7,24,0.4,63.958333333333336,9,2000,Monsoon
2000-09-11,28.629166666666666,33.2,25.2,24,0.0,64.08333333333333,9,2000,Monsoon
2000-09-12,28.9875,33.0,25.6,24,0.0,61.041666666666664,9,2000,Monsoon
2000-09-13,29.275000000000002,33.7,25.4,24,0.0,64.0,9,2000,Monsoon
2000-09-14,29.458333333333332,34.3,24.3,24,0.0,65.41666666666667,9,2000,Monsoon
2000-09-15,29.120833333333334,33.6,24.9,24,0.0,71.5,9,2000,Monsoon
2000-09-16,29.337500000000002,34.1,24.7,24,0.0,70.33333333333333,9,2000,Monsoon
2000-09-17,29.616666666666664,36.3,24.1,24,0.0,58.875,9,2000,Monsoon
2000-09-18,28.916666666666668,35.8,24.0,24,0.0,49.208333333333336,9,2000,Monsoon
2000-09-19,27.416666666666668,33.1,21.7,24,0.0,67.125,9,2000,Monsoon
2000-09-20,27.5,32.3,23.3,24,0.6,77.04166666666667,9,2000,Monsoon
2000-09-21,27.375,32.2,23.1,24,0.0,75.79166666666667,9,2000,Monsoon
2000-09-22,27.629166666666666,32.2,23.3,24,0.0,71.45833333333333,9,2000,Monsoon
2000-09-23,28.104166666666668,33.1,22.8,24,0.0,66.08333333333333,9,2000,Monsoon
2000-09-24,28.741666666666664,34.0,23.4,24,0.0,57.875,9,2000,Monsoon
2000-09-25,28.675,34.9,22.1,24,0.30000000000000004,60.208333333333336,9,2000,Monsoon
2000-09-26,27.52916666666667,33.1,22.8,24,0.4,62.75,9,2000,Monsoon
2000-09-27,27.46666666666667,33.2,21.6,24,0.0,61.375,9,2000,Monsoon
2000-09-28,27.933333333333334,33.5,23.4,24,0.6,59.75,9,2000,Monsoon
2000-09-29,27.320833333333336,33.7,20.9,24,0.0,55.75,9,2000,Monsoon
2000-09-30,27.0125,33.5,20.4,24,0.0,54.75,9,2000,Monsoon
2000-10-01,27.3125,33.8,21.2,24,0.0,57.291666666666664,10,2000,Post-monsoon
2000-10-02,27.4375,34.2,20.8,24,0.0,58.75,10,2000,Post-monsoon
2000-10-03,28.391666666666666,35.0,22.0,24,0.0,54.416666666666664,10,2000,Post-monsoon
2000-10-04,28.425,34.8,21.8,24,0.0,57.25,10,2000,Post-monsoon
2000-10-05,28.3875,34.1,22.7,24,0.0,59.875,10,2000,Post-monsoon
2000-10-06,28.34166666666667,34.2,22.6,24,0.0,60.083333333333336,10,2000,Post-monsoon
2000-10-07,28.954166666666666,34.9,23.3,24,0.0,58.416666666666664,10,2000,Post-monsoon
2000-10-08,29.0,35.3,23.2,24,0.0,52.291666666666664,10,2000,Post-monsoon
2000-10-09,28.979166666666668,35.7,22.4,24,0.0,46.625,10,2000,Post-monsoon
2000-10-10,28.429166666666664,34.9,22.2,24,0.0,45.75,10,2000,Post-monsoon
2000-10-11,27.6125,34.2,21.3,24,0.5,45.708333333333336,10,2000,Post-monsoon
2000-10-12,27.183333333333334,34.1,20.6,24,0.0,42.375,10,2000,Post-monsoon
2000-10-13,26.854166666666668,34.1,19.8,24,0.0,41.083333333333336,10,2000,Post-monsoon
2000-10-14,26.462500000000002,34.0,19.4,24,0.0,39.541666666666664,10,2000,Post-monsoon
2000-10-15,26.258333333333336,33.8,19.0,24,0.0,40.25,10,2000,Post-monsoon
2000-10-16,25.795833333333334,33.4,19.1,24,0.0,46.083333333333336,10,2000,Post-monsoon
2000-10-17,25.695833333333336,33.0,19.7,24,0.0,53.791666666666664,10,2000,Post-monsoon
2000-10-18,25.95,33.7,17.7,24,0.0,53.875,10,2000,Post-monsoon
2000-10-19,26.125,34.0,18.4,24,0.0,52.625,10,2000,Post-monsoon
2000-10-20,26.320833333333336,34.4,19.0,24,0.0,55.916666666666664,10,2000,Post-monsoon
2000-10-21,26.570833333333336,34.1,19.3,24,0.0,54.833333333333336,10,2000,Post-monsoon
2000-10-22,26.570833333333336,33.9,19.7,24,0.0,51.5,10,2000,Post-monsoon
2000-10-23,26.004166666666666,33.3,19.0,24,0.0,58.166666666666664,10,2000,Post-monsoon
2000-10-24,26.254166666666666,33.5,19.1,24,0.0,56.25,10,2000,Post-monsoon
2000-10-25,26.316666666666666,32.6,18.8,24,0.0,55.041666666666664,10,2000,Post-monsoon
2000-10-26,25.03333333333333,32.5,17.5,24,0.0,51.25,10,2000,Post-monsoon
2000-10-27,24.566666666666666,31.6,17.4,24,0.0,51.541666666666664,10,2000,Post-monsoon
2000-10-28,24.166666666666668,31.0,17.4,24,0.0,54.791666666666664,10,2000,Post-monsoon
2000-10-29,24.162499999999998,31.0,18.0,24,0.0,54.208333333333336,10,2000,Post-monsoon
2000-10-30,24.104166666666668,31.2,17.1,24,0.0,58.333333333333336,10,2000,Post-monsoon
2000-10-31,23.675,30.7,16.8,24,0.0,55.916666666666664,10,2000,Post-monsoon
2000-11-01,23.425,30.1,16.6,24,0.0,59.208333333333336,11,2000,Post-monsoon
2000-11-02,23.608333333333334,29.4,17.8,24,0.0,63.333333333333336,11,2000,Post-monsoon
2000-11-03,23.875,29.5,19.1,24,0.0,62.125,11,2000,Post-monsoon
2000-11-04,23.558333333333334,29.9,16.8,24,0.0,54.875,11,2000,Post-monsoon
2000-11-05,23.329166666666666,30.3,16.3,24,0.0,52.083333333333336,11,2000,Post-monsoon
2000-11-06,23.037499999999998,30.7,15.9,24,0.0,51.208333333333336,11,2000,Post-monsoon
2000-11-07,23.474999999999998,31.3,16.9,24,0.0,48.375,11,2000,Post-monsoon
2000-11-08,23.462500000000002,31.6,16.1,24,0.0,52.208333333333336,11,2000,Post-monsoon
2000-11-09,24.583333333333332,31.9,18.3,24,0.0,48.916666666666664,11,2000,Post-monsoon
2000-11-10,23.150000000000002,30.4,17.8,24,0.0,40.541666666666664,11,2000,Post-monsoon
2000-11-11,21.6125,29.3,15.0,24,0.0,41.666666666666664,11,2000,Post-monsoon
2000-11-12,21.095833333333335,29.1,14.6,24,0.0,50.375,11,2000,Post-monsoon
2000-11-13,21.20416666666667,28.8,13.8,24,0.0,58.458333333333336,11,2000,Post-monsoon
2000-11-14,22.254166666666666,29.2,16.8,24,0.0,54.166666666666664,11,2000,Post-monsoon
2000-11-15,20.212500000000002,27.4,14.2,24,0.0,42.291666666666664,11,2000,Post-monsoon
2000-11-16,18.708333333333332,26.7,11.2,24,0.0,49.333333333333336,11,2000,Post-monsoon
2000-11-17,20.995833333333334,28.6,13.6,24,0.0,49.208333333333336,11,2000,Post-monsoon
2000-11-18,21.337500000000002,28.6,15.3,24,0.0,53.541666666666664,11,2000,Post-monsoon
2000-11-19,19.741666666666667,26.0,13.8,24,0.0,62.75,11,2000,Post-monsoon
2000-11-20,20.170833333333334,27.3,14.5,24,0.0,50.75,11,2000,Post-monsoon
2000-11-21,19.8,26.9,13.0,24,0.0,56.583333333333336,11,2000,Post-monsoon
2000-11-22,19.941666666666666,26.5,13.4,24,0.0,62.791666666666664,11,2000,Post-monsoon
2000-11-23,20.287499999999998,26.1,14.3,24,0.0,68.91666666666667,11,2000,Post-monsoon
2000-11-24,20.575,26.9,14.0,24,0.0,64.125,11,2000,Post-monsoon
2000-11-25,18.925,24.9,14.2,24,0.0,51.833333333333336,11,2000,Post-monsoon
2000-11-26,17.895833333333332,24.5,11.8,24,0.0,52.708333333333336,11,2000,Post-monsoon
2000-11-27,17.0125,23.3,11.5,24,1.0,66.83333333333333,11,2000,Post-monsoon
2000-11-28,16.633333333333333,23.6,10.6,24,0.0,65.0,11,2000,Post-monsoon
2000-11-29,16.150000000000002,23.4,10.3,24,0.0,50.083333333333336,11,2000,Post-monsoon
2000-11-30,15.200000000000001,22.8,8.5,24,0.0,43.083333333333336,11,2000,Post-monsoon
2000-12-01,14.879166666666668,22.4,8.7,24,0.0,39.666666666666664,12,2000,Winter
2000-12-02,13.995833333333335,22.2,7.0,24,0.0,36.791666666666664,12,2000,Winter
2000-12-03,13.966666666666667,22.7,5.7,24,0.0,46.875,12,2000,Winter
2000-12-04,15.904166666666667,24.4,8.9,24,0.0,45.958333333333336,12,2000,Winter
2000-12-05,16.341666666666665,24.1,9.8,24,0.0,47.833333333333336,12,2000,Winter
2000-12-06,15.866666666666667,24.1,8.5,24,0.0,50.333333333333336,12,2000,Winter
2000-12-07,15.887500000000001,24.7,8.1,24,0.0,51.541666666666664,12,2000,Winter
2000-12-08,17.095833333333335,25.9,8.9,24,0.0,51.0,12,2000,Winter
2000-12-09,16.25,24.4,9.7,24,0.0,55.25,12,2000,Winter
2000-12-10,14.825000000000001,22.2,7.8,24,0.0,54.5,12,2000,Winter
2000-12-11,14.470833333333333,22.3,7.2,24,0.0,54.5,12,2000,Winter
2000-12-12,14.25,22.4,7.1,24,0.0,49.583333333333336,12,2000,Winter
2000-12-13,14.154166666666667,22.6,5.9,24,0.0,54.458333333333336,12,2000,Winter
2000-12-14,15.816666666666668,23.9,9.4,24,0.0,55.75,12,2000,Winter
2000-12-15,15.904166666666667,23.3,8.1,24,0.0,63.708333333333336,12,2000,Winter
2000-12-16,16.991666666666667,24.8,9.8,24,0.0,64.79166666666667,12,2000,Winter
2000-12-17,17.745833333333334,25.5,10.6,24,0.0,67.08333333333333,12,2000,Winter
2000-12-18,17.066666666666666,24.8,10.8,24,0.0,65.91666666666667,12,2000,Winter
2000-12-19,14.85,21.6,9.5,24,0.0,56.916666666666664,12,2000,Winter
2000-12-20,14.179166666666667,22.1,8.1,24,0.0,47.5,12,2000,Winter
2000-12-21,13.354166666666666,21.6,6.1,24,0.0,51.791666666666664,12,2000,Winter
2000-12-22,12.595833333333333,20.7,4.7,24,0.0,58.416666666666664,12,2000,Winter
2000-12-23,12.504166666666668,20.7,4.7,24,0.0,65.95833333333333,12,2000,Winter
2000-12-24,13.233333333333334,21.3,6.1,24,0.0,65.0,12,2000,Winter
2000-12-25,13.379166666666668,21.9,5.6,24,0.0,64.45833333333333,12,2000,Winter
2000-12-26,13.016666666666666,20.8,5.8,24,0.0,67.20833333333333,12,2000,Winter
2000-12-27,13.116666666666667,20.9,6.2,24,0.0,67.54166666666667,12,2000,Winter
2000-12-28,13.5,21.4,6.4,24,0.0,68.83333333333333,12,2000,Winter
2000-12-29,14.5375,22.1,8.9,24,0.0,64.75,12,2000,Winter
2000-12-30,13.904166666666667,20.3,6.4,24,0.0,69.58333333333333,12,2000,Winter
2000-12-31,16.2375,21.1,11.6,24,0.30000000000000004,64.54166666666667,12,2000,Winter
2001-01-01,13.679166666666667,16.6,10.5,24,7.8,83.625,1,2001,Winter
2001-01-02,12.216666666666667,17.3,8.0,24,0.0,81.66666666666667,1,2001,Winter
2001-01-03,12.466666666666667,17.8,7.6,24,0.0,74.375,1,2001,Winter
2001-01-04,13.129166666666668,17.7,9.6,24,0.0,73.33333333333333,1,2001,Winter
2001-01-05,11.466666666666667,17.6,6.8,24,0.0,76.16666666666667,1,2001,Winter
2001-01-06,10.541666666666666,16.7,4.0,24,0.0,77.91666666666667,1,2001,Winter
2001-01-07,10.241666666666667,16.1,3.6,24,0.0,79.75,1,2001,Winter
2001-01-08,9.766666666666667,16.2,3.9,24,0.0,76.16666666666667,1,2001,Winter
2001-01-09,10.424999999999999,17.4,4.4,24,0.0,74.33333333333333,1,2001,Winter
2001-01-10,10.745833333333332,17.9,4.8,24,0.0,71.33333333333333,1,2001,Winter
2001-01-11,11.183333333333332,18.4,4.9,24,0.0,71.58333333333333,1,2001,Winter
2001-01-12,11.216666666666667,18.3,4.8,24,0.0,75.0,1,2001,Winter
2001-01-13,11.254166666666668,18.8,5.2,24,0.0,73.5,1,2001,Winter
2001-01-14,12.133333333333333,19.7,6.6,24,0.0,71.25,1,2001,Winter
2001-01-15,11.566666666666668,19.3,4.8,24,0.0,72.625,1,2001,Winter
2001-01-16,11.041666666666666,18.6,4.2,24,0.0,72.41666666666667,1,2001,Winter
2001-01-17,10.979166666666666,18.7,4.0,24,0.0,76.0,1,2001,Winter
2001-01-18,11.15,19.0,4.4,24,0.0,76.0,1,2001,Winter
2001-01-19,12.470833333333333,21.0,5.0,24,0.0,73.20833333333333,1,2001,Winter
2001-01-20,13.654166666666667,21.9,6.2,24,0.0,70.83333333333333,1,2001,Winter
2001-01-21,15.012500000000001,22.9,7.3,24,0.0,70.45833333333333,1,2001,Winter
2001-01-22,14.924999999999999,22.0,8.3,24,0.2,74.54166666666667,1,2001,Winter
2001-01-23,12.825000000000001,19.2,7.0,24,0.0,72.16666666666667,1,2001,Winter
2001-01-24,12.866666666666667,18.8,8.1,24,0.0,57.625,1,2001,Winter
2001-01-25,13.674999999999999,20.8,8.2,24,0.0,48.666666666666664,1,2001,Winter
2001-01-26,14.700000000000001,22.5,8.5,24,0.0,52.875,1,2001,Winter
2001-01-27,14.770833333333334,22.5,8.5,24,0.0,48.416666666666664,1,2001,Winter
2001-01-28,14.829166666666666,23.2,8.0,24,0.0,47.0,1,2001,Winter
2001-01-29,15.625,24.1,7.9,24,0.0,56.166666666666664,1,2001,Winter
2001-01-30,17.004166666666666,26.0,8.5,24,0.0,61.0,1,2001,Winter
2001-01-31,17.224999999999998,25.5,9.8,24,0.0,67.41666666666667,1,2001,Winter
2001-02-01,13.850000000000001,20.6,8.1,24,0.0,45.375,2,2001,Winter
2001-02-02,13.0375,20.6,6.9,24,0.0,44.666666666666664,2,2001,Winter
2001-02-03,13.258333333333333,21.1,6.8,24,0.0,41.416666666666664,2,2001,Winter
2001-02-04,12.891666666666666,21.0,6.0,24,0.0,48.875,2,2001,Winter
2001-02-05,13.625,22.1,5.3,24,0.0,55.291666666666664,2,2001,Winter
2001-02-06,14.808333333333332,23.8,7.0,24,0.0,50.625,2,2001,Winter
2001-02-07,15.625,24.2,8.3,24,0.0,45.958333333333336,2,2001,Winter
2001-02-08,16.766666666666666,24.5,10.4,24,0.0,40.916666666666664,2,2001,Winter
2001-02-09,17.020833333333332,24.7,10.9,24,0.0,37.083333333333336,2,2001,Winter
2001-02-10,16.279166666666665,24.8,8.3,24,0.0,46.208333333333336,2,2001,Winter
2001-02-11,15.516666666666667,24.1,7.7,24,0.0,40.166666666666664,2,2001,Winter
2001-02-12,15.975,25.2,6.8,24,0.0,47.833333333333336,2,2001,Winter
2001-02-13,17.366666666666667,25.9,9.0,24,0.0,47.625,2,2001,Winter
2001-02-14,17.679166666666667,24.9,10.7,24,0.0,54.125,2,2001,Winter
2001-02-15,16.820833333333333,21.5,12.1,24,1.8,71.58333333333333,2,2001,Winter
2001-02-16,18.279166666666665,25.1,11.3,24,0.0,68.29166666666667,2,2001,Winter
2001-02-17,19.0,25.3,12.5,24,0.0,65.91666666666667,2,2001,Winter
2001-02-18,19.070833333333333,26.3,12.7,24,0.0,62.375,2,2001,Winter
2001-02-19,19.675,27.0,13.0,24,0.0,52.333333333333336,2,2001,Winter
2001-02-20,19.958333333333332,27.3,13.2,24,0.8,55.0,2,2001,Winter
2001-02-21,18.970833333333335,25.6,12.8,24,0.0,61.291666666666664,2,2001,Winter
2001-02-22,19.191666666666666,26.6,12.7,24,0.0,58.5,2,2001,Winter
2001-02-23,21.712500000000002,29.1,13.8,24,0.0,54.0,2,2001,Winter
2001-02-24,21.958333333333332,28.0,16.5,24,0.4,59.375,2,2001,Winter
2001-02-25,19.495833333333334,24.5,15.5,24,9.4,72.0,2,2001,Winter
2001-02-26,18.129166666666666,24.8,11.6,24,0.0,58.166666666666664,2,2001,Winter
2001-02-27,17.808333333333334,25.3,9.8,24,0.0,51.083333333333336,2,2001,Winter
2001-02-28,18.6375,26.0,11.1,24,0.0,43.583333333333336,2,2001,Winter
2001-03-01,18.05,26.0,10.8,24,0.0,41.041666666666664,3,2001,Summer
2001-03-02,18.254166666666666,26.0,11.0,24,0.0,39.666666666666664,3,2001,Summer
2001-03-03,18.025000000000002,25.6,10.1,24,0.0,41.625,3,2001,Summer
2001-03-04,18.404166666666665,26.0,11.2,24,0.0,42.083333333333336,3,2001,Summer
2001-03-05,18.945833333333333,26.8,11.2,24,0.0,39.75,3,2001,Summer
2001-03-06,19.754166666666666,27.7,11.4,24,0.0,40.125,3,2001,Summer
2001-03-07,21.541666666666668,29.7,13.8,24,0.0,40.0,3,2001,Summer
2001-03-08,21.5125,29.5,13.5,24,0.0,43.416666666666664,3,2001,Summer
2001-03-09,21.054166666666667,28.9,12.4,24,0.0,44.458333333333336,3,2001,Summer
2001-03-10,21.59166666666667,29.8,13.2,24,0.0,42.458333333333336,3,2001,Summer
2001-03-11,22.087500000000002,30.4,13.1,24,0.0,40.583333333333336,3,2001,Summer
2001-03-12,23.070833333333336,31.3,14.9,24,0.0,45.166666666666664,3,2001,Summer
2001-03-13,23.758333333333336,31.8,17.6,24,0.7,42.125,3,2001,Summer
2001-03-14,22.5625,28.6,16.8,24,0.0,50.375,3,2001,Summer
2001-03-15,22.508333333333336,29.6,14.7,24,0.0,50.708333333333336,3,2001,Summer
2001-03-16,22.266666666666666,29.5,15.3,24,0.0,38.25,3,2001,Summer
2001-03-17,22.395833333333332,30.3,14.4,24,0.0,37.208333333333336,3,2001,Summer
2001-03-18,23.395833333333332,31.7,14.4,24,0.0,44.416666666666664,3,2001,Summer
2001-03-19,25.2,33.1,15.9,24,0.0,44.416666666666664,3,2001,Summer
2001-03-20,24.650000000000002,32.7,19.0,24,1.0,51.583333333333336,3,2001,Summer
2001-03-21,23.3,28.4,18.2,24,0.0,53.083333333333336,3,2001,Summer
2001-03-22,23.0125,29.9,16.0,24,0.0,52.583333333333336,3,2001,Summer
2001-03-23,23.087500000000002,31.2,15.5,24,0.0,47.0,3,2001,Summer
2001-03-24,23.433333333333334,30.7,15.8,24,0.0,36.75,3,2001,Summer
2001-03-25,25.004166666666666,32.6,17.8,24,0.0,34.125,3,2001,Summer
2001-03-26,25.25,33.0,17.1,24,0.0,36.625,3,2001,Summer
2001-03-27,26.016666666666666,34.4,17.2,24,0.0,36.666666666666664,3,2001,Summer
2001-03-28,24.724999999999998,33.5,19.9,24,6.5,52.166666666666664,3,2001,Summer
2001-03-29,24.125,31.8,18.9,24,0.0,53.625,3,2001,Summer
2001-03-30,20.495833333333334,25.5,16.3,24,8.3,65.04166666666667,3,2001,Summer
2001-03-31,21.5625,27.8,14.1,24,0.0,57.541666666666664,3,2001,Summer
2001-04-01,22.287499999999998,28.5,15.4,24,0.0,51.791666666666664,4,2001,Summer
2001-04-02,23.766666666666666,30.8,15.3,24,0.0,45.0,4,2001,Summer
2001-04-03,25.4875,33.4,17.0,24,0.0,43.416666666666664,4,2001,Summer
2001-04-04,25.670833333333334,34.0,18.1,24,0.7,33.458333333333336,4,2001,Summer
2001-04-05,26.28333333333333,34.2,17.4,24,0.0,31.791666666666668,4,2001,Summer
2001-04-06,27.375,35.1,18.4,24,0.0,34.5,4,2001,Summer
2001-04-07,28.329166666666666,36.6,19.6,24,0.0,28.208333333333332,4,2001,Summer
2001-04-08,29.020833333333332,37.4,19.6,24,0.0,30.416666666666668,4,2001,Summer
2001-04-09,29.479166666666668,39.0,19.8,24,0.0,26.375,4,2001,Summer
2001-04-10,29.2375,38.0,19.3,24,0.0,24.458333333333332,4,2001,Summer
2001-04-11,29.791666666666668,38.3,19.9,24,0.0,24.958333333333332,4,2001,Summer
2001-04-12,28.4875,35.5,22.9,24,4.2,35.541666666666664,4,2001,Summer
2001-04-13,27.120833333333334,33.1,21.3,24,0.3,40.125,4,2001,Summer
2001-04-14,26.683333333333334,32.9,21.3,24,0.7,49.958333333333336,4,2001,Summer
2001-04-15,25.65833333333333,32.5,21.0,24,2.3,56.375,4,2001,Summer
2001-04-16,26.175,32.7,20.0,24,0.0,54.833333333333336,4,2001,Summer
2001-04-17,24.020833333333332,30.7,19.8,24,4.4,69.29166666666667,4,2001,Summer
2001-04-18,24.125,29.9,18.0,24,0.5,64.625,4,2001,Summer
2001-04-19,24.587500000000002,30.7,19.2,24,1.9,63.125,4,2001,Summer
2001-04-20,23.695833333333336,29.8,18.0,24,0.0,63.166666666666664,4,2001,Summer
2001-04-21,25.825,32.6,19.1,24,0.0,47.916666666666664,4,2001,Summer
2001-04-22,27.5625,35.7,18.9,24,0.0,40.083333333333336,4,2001,Summer
2001-04-23,29.245833333333334,38.2,19.2,24,0.0,32.166666666666664,4,2001,Summer
2001-04-24,30.775000000000002,40.0,20.8,24,0.0,30.958333333333332,4,2001,Summer
2001-04-25,31.745833333333334,40.1,21.9,24,0.0,30.833333333333332,4,2001,Summer
2001-04-26,32.579166666666666,41.1,23.0,24,0.0,26.75,4,2001,Summer
2001-04-27,33.608333333333334,42.2,24.0,24,0.0,22.75,4,2001,Summer
2001-04-28,33.74583333333333,42.3,24.9,24,0.0,21.166666666666668,4,2001,Summer
2001-04-29,33.699999999999996,42.3,23.9,24,0.9,21.791666666666668,4,2001,Summer
2001-04-30,34.6875,42.0,26.5,24,0.2,21.583333333333332,4,2001,Summer
2001-05-01,32.36666666666667,40.7,25.0,24,2.9,33.958333333333336,5,2001,Summer
2001-05-02,32.262499999999996,39.7,24.0,24,0.9,39.625,5,2001,Summer
2001-05-03,31.354166666666668,39.4,24.0,24,2.7,41.166666666666664,5,2001,Summer
2001-05-04,31.483333333333334,39.1,23.3,24,0.0,39.333333333333336,5,2001,Summer
2001-05-05,32.675000000000004,40.1,25.3,24,0.0,42.083333333333336,5,2001,Summer
2001-05-06,34.045833333333334,41.3,27.3,24,0.3,42.333333333333336,5,2001,Summer
2001-05-07,33.24166666666667,39.7,27.2,24,0.0,48.458333333333336,5,2001,Summer
2001-05-08,35.1625,41.6,28.1,24,0.0,38.208333333333336,5,2001,Summer
2001-05-09,35.8375,42.9,28.3,24,0.2,28.166666666666668,5,2001,Summer
2001-05-10,36.775,44.4,29.9,24,0.0,23.458333333333332,5,2001,Summer
2001-05-11,36.68333333333333,44.7,29.2,24,0.0,23.375,5,2001,Summer
2001-05-12,34.949999999999996,40.9,29.2,24,0.0,43.458333333333336,5,2001,Summer
2001-05-13,35.204166666666666,41.6,29.7,24,1.1,39.375,5,2001,Summer
2001-05-14,34.9125,42.5,28.7,24,0.0,39.166666666666664,5,2001,Summer
2001-05-15,33.5875,40.6,26.6,24,0.7,47.208333333333336,5,2001,Summer
2001-05-16,28.491666666666664,34.2,25.2,24,4.1,67.04166666666667,5,2001,Summer
2001-05-17,29.120833333333334,34.7,24.9,24,2.0,62.5,5,2001,Summer
2001-05-18,26.266666666666666,30.5,23.5,24,24.1,78.75,5,2001,Summer
2001-05-19,28.879166666666666,33.9,23.3,24,0.4,66.0,5,2001,Summer
2001-05-20,28.270833333333332,32.3,24.5,24,8.7,69.20833333333333,5,2001,Summer
2001-05-21,29.504166666666666,34.9,24.0,24,2.9,64.70833333333333,5,2001,Summer
2001-05-22,30.554166666666664,35.7,25.5,24,0.7,60.791666666666664,5,2001,Summer
2001-05-23,31.925,38.4,25.2,24,0.0,50.791666666666664,5,2001,Summer
2001-05-24,33.708333333333336,40.9,26.7,24,0.2,45.666666666666664,5,2001,Summer
2001-05-25,34.72083333333333,42.3,25.9,24,0.7,34.291666666666664,5,2001,Summer
2001-05-26,34.237500000000004,42.1,29.0,24,0.0,33.416666666666664,5,2001,Summer
2001-05-27,32.637499999999996,39.7,25.9,24,3.5,46.458333333333336,5,2001,Summer
2001-05-28,31.854166666666668,38.2,25.9,24,3.2,53.166666666666664,5,2001,Summer
2001-05-29,31.349999999999998,36.3,26.5,24,0.1,56.208333333333336,5,2001,Summer
2001-05-30,31.7,36.7,26.1,24,0.5,56.333333333333336,5,2001,Summer
2001-05-31,31.929166666666664,37.6,28.0,24,3.5,57.875,5,2001,Summer
2001-06-01,33.4,38.5,28.6,24,0.5,50.583333333333336,6,2001,Monsoon
2001-06-02,33.199999999999996,39.3,27.4,24,0.0,54.416666666666664,6,2001,Monsoon
2001-06-03,32.829166666666666,39.4,27.3,24,2.2,57.25,6,2001,Monsoon
2001-06-04,30.645833333333332,33.6,27.8,24,2.3,65.95833333333333,6,2001,Monsoon
2001-06-05,29.15416666666667,32.8,25.7,24,6.7,69.875,6,2001,Monsoon
2001-06-06,30.445833333333336,35.5,25.4,24,0.8,65.70833333333333,6,2001,Monsoon
2001-06-07,31.02916666666667,35.3,26.4,24,0.8,58.333333333333336,6,2001,Monsoon
2001-06-08,30.52916666666667,35.7,25.8,24,0.7999999999999999,62.666666666666664,6,2001,Monsoon
2001-06-09,32.15833333333333,37.5,27.4,24,0.0,56.791666666666664,6,2001,Monsoon
2001-06-10,31.833333333333332,36.9,28.1,24,3.6,59.208333333333336,6,2001,Monsoon
2001-06-11,32.416666666666664,37.2,27.5,24,0.30000000000000004,57.5,6,2001,Monsoon
2001-06-12,33.074999999999996,37.4,28.6,24,0.2,56.583333333333336,6,2001,Monsoon
2001-06-13,33.012499999999996,38.0,27.6,24,3.4,56.833333333333336,6,2001,Monsoon
2001-06-14,30.59583333333333,34.1,26.7,24,6.3,71.5,6,2001,Monsoon
2001-06-15,31.325,35.4,27.7,24,0.0,64.20833333333333,6,2001,Monsoon
2001-06-16,29.695833333333336,33.8,26.4,24,4.1,71.25,6,2001,Monsoon
2001-06-17,29.945833333333336,34.2,26.4,24,0.6000000000000001,70.375,6,2001,Monsoon
2001-06-18,30.3125,35.1,25.5,24,2.0,70.75,6,2001,Monsoon
2001-06-19,31.4375,37.1,26.0,24,1.3,64.125,6,2001,Monsoon
2001-06-20,31.5625,36.5,27.8,24,1.1,63.0,6,2001,Monsoon
2001-06-21,32.125,36.1,29.1,24,2.4000000000000004,59.416666666666664,6,2001,Monsoon
2001-06-22,31.745833333333334,36.9,27.3,24,4.5,64.625,6,2001,Monsoon
2001-06-23,29.099999999999998,34.0,25.5,24,6.5,76.54166666666667,6,2001,Monsoon
2001-06-24,27.204166666666666,32.6,24.6,24,16.7,85.70833333333333,6,2001,Monsoon
2001-06-25,27.95,31.9,24.9,24,4.5,83.04166666666667,6,2001,Monsoon
2001-06-26,26.525000000000002,30.3,25.1,24,99.3,89.41666666666667,6,2001,Monsoon
2001-06-27,28.254166666666666,32.8,25.3,24,0.7,82.04166666666667,6,2001,Monsoon
2001-06-28,29.724999999999998,33.8,25.6,24,0.8,78.83333333333333,6,2001,Monsoon
2001-06-29,30.575,34.7,27.1,24,0.6000000000000001,74.75,6,2001,Monsoon
2001-06-30,27.854166666666668,30.0,25.6,24,29.2,85.25,6,2001,Monsoon
2001-07-01,28.5625,32.1,26.1,24,13.3,85.625,7,2001,Monsoon
2001-07-02,28.570833333333336,32.6,25.2,24,9.2,84.25,7,2001,Monsoon
2001-07-03,28.379166666666666,31.6,26.4,24,4.6,81.95833333333333,7,2001,Monsoon
2001-07-04,29.349999999999998,33.0,25.9,24,0.0,72.29166666666667,7,2001,Monsoon
2001-07-05,30.28333333333333,33.9,26.5,24,0.1,74.41666666666667,7,2001,Monsoon
2001-07-06,31.037499999999998,34.9,27.4,24,0.2,71.125,7,2001,Monsoon
2001-07-07,29.462500000000002,34.1,26.9,24,12.5,81.75,7,2001,Monsoon
2001-07-08,29.15416666666667,33.3,25.8,24,0.5,80.91666666666667,7,2001,Monsoon
2001-07-09,30.416666666666668,34.4,26.9,24,0.1,76.66666666666667,7,2001,Monsoon
2001-07-10,30.354166666666668,34.7,27.3,24,2.0,77.41666666666667,7,2001,Monsoon
2001-07-11,29.02916666666667,32.7,26.1,24,5.4,80.33333333333333,7,2001,Monsoon
2001-07-12,28.837500000000002,32.7,26.6,24,3.4,80.33333333333333,7,2001,Monsoon
2001-07-13,28.129166666666666,30.9,25.8,24,4.5,84.125,7,2001,Monsoon
2001-07-14,26.65833333333333,28.6,25.1,24,13.600000000000001,88.75,7,2001,Monsoon
2001-07-15,28.016666666666666,31.7,25.6,24,8.1,82.33333333333333,7,2001,Monsoon
2001-07-16,28.02916666666667,31.5,25.2,24,2.2,81.54166666666667,7,2001,Monsoon
2001-07-17,27.454166666666666,31.4,25.3,24,2.9,83.58333333333333,7,2001,Monsoon
2001-07-18,28.53333333333333,32.7,25.2,24,0.8,81.41666666666667,7,2001,Monsoon
2001-07-19,29.95,33.0,26.7,24,0.8,79.16666666666667,7,2001,Monsoon
2001-07-20,28.120833333333334,30.8,26.0,24,5.0,87.95833333333333,7,2001,Monsoon
2001-07-21,27.2375,29.4,25.8,24,22.5,89.33333333333333,7,2001,Monsoon
2001-07-22,27.770833333333332,31.1,25.2,24,9.700000000000001,87.125,7,2001,Monsoon
2001-07-23,28.837500000000002,32.8,26.0,24,4.1,84.08333333333333,7,2001,Monsoon
2001-07-24,29.75,32.7,26.7,24,10.600000000000001,78.625,7,2001,Monsoon
2001-07-25,29.05,33.1,26.2,24,2.4,83.5,7,2001,Monsoon
2001-07-26,27.825,31.5,25.9,24,14.0,87.58333333333333,7,2001,Monsoon
2001-07-27,28.208333333333332,31.8,25.6,24,4.9,85.58333333333333,7,2001,Monsoon
2001-07-28,27.920833333333334,31.9,25.6,24,14.8,86.58333333333333,7,2001,Monsoon
2001-07-29,28.7,32.1,26.4,24,1.6,80.70833333333333,7,2001,Monsoon
2001-07-30,28.59583333333333,31.9,26.4,24,0.7,74.5,7,2001,Monsoon
2001-07-31,29.179166666666664,32.7,26.2,24,0.1,74.45833333333333,7,2001,Monsoon
2001-08-01,29.395833333333332,33.7,25.7,24,0.0,71.125,8,2001,Monsoon
2001-08-02,29.895833333333332,34.2,26.3,24,0.0,65.5,8,2001,Monsoon
2001-08-03,29.46666666666667,33.2,25.8,24,0.0,68.79166666666667,8,2001,Monsoon
2001-08-04,28.195833333333336,31.4,26.3,24,14.8,85.04166666666667,8,2001,Monsoon
2001-08-05,28.758333333333336,33.0,25.9,24,2.4000000000000004,81.83333333333333,8,2001,Monsoon
2001-08-06,28.291666666666668,31.2,25.7,24,8.7,82.95833333333333,8,2001,Monsoon
2001-08-07,28.40833333333333,32.3,26.1,24,6.199999999999999,83.29166666666667,8,2001,Monsoon
2001-08-08,28.170833333333334,31.1,25.6,24,3.4,83.95833333333333,8,2001,Monsoon
2001-08-09,28.395833333333332,31.9,25.6,24,7.0,83.83333333333333,8,2001,Monsoon
2001-08-10,28.21666666666667,31.8,25.4,24,5.2,84.125,8,2001,Monsoon
2001-08-11,29.383333333333336,33.0,26.1,24,0.30000000000000004,80.75,8,2001,Monsoon
2001-08-12,30.004166666666666,33.6,26.9,24,0.5,80.41666666666667,8,2001,Monsoon
2001-08-13,28.820833333333336,32.3,26.2,24,13.399999999999999,85.70833333333333,8,2001,Monsoon
2001-08-14,27.7375,31.2,25.6,24,28.3,89.04166666666667,8,2001,Monsoon
2001-08-15,28.929166666666664,32.8,25.5,24,0.5,82.16666666666667,8,2001,Monsoon
2001-08-16,29.195833333333336,31.5,26.7,24,0.1,81.41666666666667,8,2001,Monsoon
2001-08-17,28.391666666666666,31.5,25.9,24,2.7,82.83333333333333,8,2001,Monsoon
2001-08-18,28.370833333333334,32.3,25.4,24,7.5,85.04166666666667,8,2001,Monsoon
2001-08-19,29.120833333333334,32.9,25.8,24,1.0,76.08333333333333,8,2001,Monsoon
2001-08-20,29.133333333333336,32.6,25.3,24,0.0,74.70833333333333,8,2001,Monsoon
2001-08-21,29.145833333333332,32.6,26.1,24,0.1,76.5,8,2001,Monsoon
2001-08-22,29.241666666666664,32.9,26.2,24,0.1,73.91666666666667,8,2001,Monsoon
2001-08-23,29.366666666666664,32.9,25.8,24,0.6,72.75,8,2001,Monsoon
2001-08-24,29.1375,32.9,25.8,24,0.9,75.75,8,2001,Monsoon
2001-08-25,29.662499999999998,34.1,26.3,24,0.0,69.58333333333333,8,2001,Monsoon
2001-08-26,29.816666666666666,33.8,27.1,24,0.0,61.958333333333336,8,2001,Monsoon
2001-08-27,29.958333333333332,34.0,26.3,24,0.0,62.166666666666664,8,2001,Monsoon
2001-08-28,30.25,34.6,26.8,24,0.0,60.5,8,2001,Monsoon
2001-08-29,30.275000000000002,34.3,26.7,24,0.0,60.791666666666664,8,2001,Monsoon
2001-08-30,29.545833333333334,33.5,25.6,24,0.0,64.66666666666667,8,2001,Monsoon
2001-08-31,29.508333333333336,33.1,25.9,24,0.0,68.91666666666667,8,2001,Monsoon
2001-09-01,29.47083333333333,34.2,25.7,24,1.2,76.33333333333333,9,2001,Monsoon
2001-09-02,30.120833333333334,34.5,26.2,24,1.1,72.95833333333333,9,2001,Monsoon
2001-09-03,30.316666666666666,34.4,26.7,24,0.30000000000000004,68.125,9,2001,Monsoon
2001-09-04,29.654166666666665,34.6,25.4,24,0.4,71.25,9,2001,Monsoon
2001-09-05,30.4375,35.2,26.9,24,0.4,62.916666666666664,9,2001,Monsoon
2001-09-06,29.958333333333332,34.5,25.6,24,0.1,62.416666666666664,9,2001,Monsoon
2001-09-07,29.858333333333334,34.3,25.2,24,0.1,64.66666666666667,9,2001,Monsoon
2001-09-08,29.837500000000002,34.4,25.4,24,0.0,66.625,9,2001,Monsoon
2001-09-09,30.425,35.7,26.2,24,0.1,60.333333333333336,9,2001,Monsoon
2001-09-10,30.833333333333332,35.6,26.9,24,0.0,50.333333333333336,9,2001,Monsoon
2001-09-11,30.258333333333336,35.7,25.2,24,0.0,54.5,9,2001,Monsoon
2001-09-12,30.7625,35.7,26.3,24,0.1,56.75,9,2001,Monsoon
2001-09-13,30.34166666666667,35.5,25.5,24,0.0,60.208333333333336,9,2001,Monsoon
2001-09-14,29.8,34.5,25.9,24,0.30000000000000004,64.45833333333333,9,2001,Monsoon
2001-09-15,28.991666666666664,34.2,23.8,24,0.0,63.166666666666664,9,2001,Monsoon
2001-09-16,28.97083333333333,34.3,23.7,24,0.0,58.166666666666664,9,2001,Monsoon
2001-09-17,28.875,35.0,22.8,24,0.0,56.458333333333336,9,2001,Monsoon
2001-09-18,29.474999999999998,35.5,23.0,24,0.0,52.666666666666664,9,2001,Monsoon
2001-09-19,30.291666666666668,37.3,23.4,24,0.0,50.791666666666664,9,2001,Monsoon
2001-09-20,29.708333333333332,36.6,22.6,24,0.0,42.416666666666664,9,2001,Monsoon
2001-09-21,29.34583333333333,36.7,21.6,24,0.0,46.083333333333336,9,2001,Monsoon
2001-09-22,29.270833333333332,36.3,21.9,24,0.0,48.5,9,2001,Monsoon
2001-09-23,29.458333333333332,35.6,22.8,24,0.0,52.333333333333336,9,2001,Monsoon
2001-09-24,29.275000000000002,35.8,23.1,24,0.0,50.166666666666664,9,2001,Monsoon
2001-09-25,29.045833333333334,35.5,21.7,24,0.0,51.291666666666664,9,2001,Monsoon
2001-09-26,28.933333333333334,36.2,22.1,24,0.0,50.625,9,2001,Monsoon
2001-09-27,28.40833333333333,36.0,20.9,24,0.0,46.0,9,2001,Monsoon
2001-09-28,29.354166666666668,36.3,23.6,24,0.0,44.791666666666664,9,2001,Monsoon
2001-09-29,29.09166666666667,35.5,22.7,24,0.0,52.125,9,2001,Monsoon
2001-09-30,28.041666666666668,32.3,25.5,24,7.7,70.70833333333333,9,2001,Monsoon
2001-10-01,27.958333333333332,32.7,23.7,24,7.300000000000001,74.95833333333333,10,2001,Post-monsoon
2001-10-02,27.1125,30.4,24.6,24,0.4,73.33333333333333,10,2001,Post-monsoon
2001-10-03,26.97083333333333,30.5,24.1,24,0.1,72.83333333333333,10,2001,Post-monsoon
2001-10-04,26.920833333333334,31.1,23.2,24,1.3,74.66666666666667,10,2001,Post-monsoon
2001-10-05,27.400000000000002,33.3,22.3,24,0.0,68.66666666666667,10,2001,Post-monsoon
2001-10-06,27.474999999999998,34.0,20.9,24,0.0,60.791666666666664,10,2001,Post-monsoon
2001-10-07,28.108333333333334,34.0,23.3,24,0.0,54.416666666666664,10,2001,Post-monsoon
2001-10-08,27.954166666666666,33.8,22.5,24,0.0,47.708333333333336,10,2001,Post-monsoon
2001-10-09,28.229166666666668,34.4,22.3,24,0.0,45.875,10,2001,Post-monsoon
2001-10-10,27.941666666666666,35.1,21.2,24,0.0,45.875,10,2001,Post-monsoon
2001-10-11,28.75,36.4,21.8,24,0.0,42.208333333333336,10,2001,Post-monsoon
2001-10-12,27.395833333333332,33.5,23.6,24,3.4,61.625,10,2001,Post-monsoon
2001-10-13,27.65833333333333,33.4,21.8,24,0.0,62.333333333333336,10,2001,Post-monsoon
2001-10-14,27.291666666666668,33.3,22.1,24,0.0,48.5,10,2001,Post-monsoon
2001-10-15,24.787499999999998,31.6,17.5,24,0.0,43.166666666666664,10,2001,Post-monsoon
2001-10-16,24.354166666666668,31.6,16.7,24,0.0,47.125,10,2001,Post-monsoon
2001-10-17,24.141666666666666,31.6,16.3,24,0.0,45.75,10,2001,Post-monsoon
2001-10-18,24.558333333333334,32.4,16.1,24,0.0,45.208333333333336,10,2001,Post-monsoon
2001-10-19,25.741666666666664,33.7,18.6,24,0.0,42.666666666666664,10,2001,Post-monsoon
2001-10-20,25.429166666666664,33.2,16.7,24,0.0,49.041666666666664,10,2001,Post-monsoon
2001-10-21,25.133333333333336,32.4,17.9,24,0.0,54.166666666666664,10,2001,Post-monsoon
2001-10-22,25.400000000000002,32.2,18.4,24,0.0,58.083333333333336,10,2001,Post-monsoon
2001-10-23,25.375,32.4,18.2,24,0.0,57.166666666666664,10,2001,Post-monsoon
2001-10-24,25.03333333333333,32.1,17.9,24,0.0,56.75,10,2001,Post-monsoon
2001-10-25,25.458333333333332,32.9,18.3,24,0.0,54.166666666666664,10,2001,Post-monsoon
2001-10-26,25.587500000000002,32.1,19.6,24,0.0,55.916666666666664,10,2001,Post-monsoon
2001-10-27,25.333333333333332,31.7,18.9,24,0.0,56.166666666666664,10,2001,Post-monsoon
2001-10-28,25.354166666666668,31.2,19.4,24,0.0,59.458333333333336,10,2001,Post-monsoon
2001-10-29,25.191666666666666,31.2,18.9,24,0.0,59.833333333333336,10,2001,Post-monsoon
2001-10-30,25.474999999999998,31.8,19.4,24,0.0,55.083333333333336,10,2001,Post-monsoon
2001-10-31,25.879166666666666,33.0,19.9,24,0.0,53.375,10,2001,Post-monsoon
2001-11-01,25.650000000000002,33.0,18.5,24,0.0,59.666666666666664,11,2001,Post-monsoon
2001-11-02,26.55,34.7,18.6,24,0.0,51.708333333333336,11,2001,Post-monsoon
2001-11-03,26.275000000000002,34.0,19.6,24,0.0,42.666666666666664,11,2001,Post-monsoon
2001-11-04,24.5,31.4,19.0,24,0.0,45.625,11,2001,Post-monsoon
2001-11-05,22.71666666666667,29.4,15.6,24,0.0,50.166666666666664,11,2001,Post-monsoon
2001-11-06,20.7625,27.4,17.3,24,5.6000000000000005,63.75,11,2001,Post-monsoon
2001-11-07,20.787499999999998,27.2,15.1,24,0.0,61.291666666666664,11,2001,Post-monsoon
2001-11-08,20.1375,26.6,14.3,24,0.0,51.75,11,2001,Post-monsoon
2001-11-09,19.366666666666667,26.7,12.8,24,0.0,50.458333333333336,11,2001,Post-monsoon
2001-11-10,19.1375,26.6,11.3,24,0.0,51.25,11,2001,Post-monsoon
2001-11-11,19.2,26.8,11.4,24,0.0,53.625,11,2001,Post-monsoon
2001-11-12,19.958333333333332,27.8,13.2,24,0.0,50.0,11,2001,Post-monsoon
2001-11-13,19.770833333333332,27.8,12.7,24,0.0,47.791666666666664,11,2001,Post-monsoon
2001-11-14,19.7,27.6,12.1,24,0.0,51.541666666666664,11,2001,Post-monsoon
2001-11-15,20.641666666666666,27.3,13.8,24,0.0,56.708333333333336,11,2001,Post-monsoon
2001-11-16,21.091666666666665,26.9,16.0,24,0.0,62.125,11,2001,Post-monsoon
2001-11-17,20.4375,27.1,13.2,24,0.0,64.0,11,2001,Post-monsoon
2001-11-18,19.974999999999998,27.2,13.6,24,0.0,58.833333333333336,11,2001,Post-monsoon
2001-11-19,19.620833333333334,26.7,13.0,24,0.0,53.833333333333336,11,2001,Post-monsoon
2001-11-20,19.408333333333335,26.3,11.9,24,0.0,54.75,11,2001,Post-monsoon
2001-11-21,18.504166666666666,26.1,11.0,24,0.0,58.625,11,2001,Post-monsoon
2001-11-22,18.666666666666668,26.2,11.6,24,0.0,61.958333333333336,11,2001,Post-monsoon
2001-11-23,19.004166666666666,26.5,12.6,24,0.0,55.5,11,2001,Post-monsoon
2001-11-24,18.495833333333334,25.8,11.9,24,0.0,55.583333333333336,11,2001,Post-monsoon
2001-11-25,18.658333333333335,25.3,13.3,24,0.0,56.708333333333336,11,2001,Post-monsoon
2001-11-26,17.974999999999998,24.8,11.4,24,0.0,56.958333333333336,11,2001,Post-monsoon
2001-11-27,17.445833333333333,24.2,10.5,24,0.0,58.583333333333336,11,2001,Post-monsoon
2001-11-28,17.125,23.9,11.2,24,0.0,55.708333333333336,11,2001,Post-monsoon
2001-11-29,16.733333333333334,24.1,9.6,24,0.0,56.208333333333336,11,2001,Post-monsoon
2001-11-30,17.587500000000002,25.0,11.3,24,0.0,51.125,11,2001,Post-monsoon
2001-12-01,18.287499999999998,25.5,12.8,24,0.0,49.208333333333336,12,2001,Winter
2001-12-02,18.254166666666666,25.2,13.2,24,0.0,54.166666666666664,12,2001,Winter
2001-12-03,18.054166666666667,25.7,11.8,24,0.0,53.458333333333336,12,2001,Winter
2001-12-04,18.345833333333335,26.1,10.8,24,0.0,57.75,12,2001,Winter
2001-12-05,18.108333333333334,25.8,11.6,24,0.0,61.041666666666664,12,2001,Winter
2001-12-06,17.7625,25.3,11.2,24,0.0,54.291666666666664,12,2001,Winter
2001-12-07,18.224999999999998,25.5,11.8,24,0.0,53.083333333333336,12,2001,Winter
2001-12-08,18.0625,25.5,11.1,24,0.0,61.916666666666664,12,2001,Winter
2001-12-09,18.0,24.8,11.7,24,0.0,53.958333333333336,12,2001,Winter
2001-12-10,17.337500000000002,24.9,10.9,24,0.0,54.333333333333336,12,2001,Winter
2001-12-11,17.979166666666668,23.5,13.7,24,0.0,57.625,12,2001,Winter
2001-12-12,17.412499999999998,24.1,10.7,24,0.0,69.58333333333333,12,2001,Winter
2001-12-13,17.116666666666667,23.5,12.5,24,0.0,65.83333333333333,12,2001,Winter
2001-12-14,15.791666666666666,22.5,8.8,24,0.0,63.666666666666664,12,2001,Winter
2001-12-15,16.087500000000002,21.9,10.1,24,0.0,69.54166666666667,12,2001,Winter
2001-12-16,15.920833333333334,22.3,10.0,24,0.0,77.16666666666667,12,2001,Winter
2001-12-17,15.9625,22.6,10.5,24,0.0,71.25,12,2001,Winter
2001-12-18,15.933333333333332,22.4,9.7,24,0.0,68.875,12,2001,Winter
2001-12-19,15.670833333333334,22.2,10.8,24,0.0,67.20833333333333,12,2001,Winter
2001-12-20,14.591666666666667,21.1,9.4,24,0.0,65.95833333333333,12,2001,Winter
2001-12-21,13.85,20.8,8.1,24,0.0,60.25,12,2001,Winter
2001-12-22,13.054166666666667,20.4,5.8,24,0.0,66.16666666666667,12,2001,Winter
2001-12-23,13.4125,20.8,6.2,24,0.0,68.375,12,2001,Winter
2001-12-24,13.258333333333333,20.7,6.1,24,0.0,68.75,12,2001,Winter
2001-12-25,13.549999999999999,20.3,6.2,24,0.0,68.66666666666667,12,2001,Winter
2001-12-26,14.279166666666667,20.8,9.5,24,0.0,69.75,12,2001,Winter
2001-12-27,13.754166666666668,20.4,7.6,24,0.0,70.91666666666667,12,2001,Winter
2001-12-28,12.454166666666666,19.4,6.4,24,0.0,77.83333333333333,12,2001,Winter
2001-12-29,9.958333333333334,15.3,7.3,24,0.0,91.125,12,2001,Winter
2001-12-30,10.4625,16.9,5.6,24,0.0,84.16666666666667,12,2001,Winter
2001-12-31,12.362499999999999,19.3,6.8,24,0.0,76.58333333333333,12,2001,Winter
2002-01-01,12.233333333333334,18.6,6.6,24,0.0,81.41666666666667,1,2002,Winter
2002-01-02,11.416666666666666,18.7,5.6,24,0.0,82.54166666666667,1,2002,Winter
2002-01-03,11.6875,18.6,5.2,24,0.0,81.08333333333333,1,2002,Winter
2002-01-04,11.6875,19.3,6.5,24,0.0,82.54166666666667,1,2002,Winter
2002-01-05,12.887500000000001,20.1,6.1,24,0.0,73.29166666666667,1,2002,Winter
2002-01-06,13.529166666666667,20.2,6.4,24,0.0,71.41666666666667,1,2002,Winter
2002-01-07,13.720833333333333,21.0,6.4,24,0.0,73.83333333333333,1,2002,Winter
2002-01-08,14.491666666666667,22.4,8.1,24,0.0,69.70833333333333,1,2002,Winter
2002-01-09,14.091666666666667,21.9,7.3,24,0.0,69.70833333333333,1,2002,Winter
2002-01-10,13.745833333333332,21.0,8.0,24,0.0,71.125,1,2002,Winter
2002-01-11,15.266666666666666,22.7,9.3,24,0.0,62.0,1,2002,Winter
2002-01-12,16.470833333333335,23.7,10.8,24,0.0,61.75,1,2002,Winter
2002-01-13,16.325,23.2,9.1,24,0.0,67.25,1,2002,Winter
2002-01-14,16.833333333333332,22.9,11.3,24,0.0,68.70833333333333,1,2002,Winter
2002-01-15,15.754166666666668,18.6,14.0,24,16.8,88.33333333333333,1,2002,Winter
2002-01-16,15.1,19.6,11.9,24,1.0,81.375,1,2002,Winter
2002-01-17,14.341666666666667,19.0,9.4,24,0.9,84.45833333333333,1,2002,Winter
2002-01-18,13.945833333333333,18.5,10.5,24,3.3000000000000003,86.25,1,2002,Winter
2002-01-19,13.133333333333333,18.5,9.1,24,0.0,83.5,1,2002,Winter
2002-01-20,12.816666666666668,19.0,8.3,24,0.0,76.70833333333333,1,2002,Winter
2002-01-21,11.862499999999999,18.5,6.1,24,0.0,65.25,1,2002,Winter
2002-01-22,10.954166666666666,17.7,4.3,24,0.0,66.83333333333333,1,2002,Winter
2002-01-23,11.674999999999999,18.7,5.5,24,0.0,67.83333333333333,1,2002,Winter
2002-01-24,12.783333333333333,19.9,7.0,24,0.0,59.541666666666664,1,2002,Winter
2002-01-25,14.033333333333333,21.2,7.5,24,0.1,61.833333333333336,1,2002,Winter
2002-01-26,13.904166666666667,20.2,8.3,24,0.1,73.41666666666667,1,2002,Winter
2002-01-27,12.891666666666666,18.2,8.5,24,0.5,76.75,1,2002,Winter
2002-01-28,11.779166666666667,18.3,6.6,24,0.0,77.08333333333333,1,2002,Winter
2002-01-29,12.0375,18.7,5.4,24,0.0,68.83333333333333,1,2002,Winter
2002-01-30,12.866666666666667,20.2,6.2,24,0.0,61.666666666666664,1,2002,Winter
2002-01-31,12.7875,20.2,5.4,24,0.0,58.375,1,2002,Winter
2002-02-01,13.208333333333334,21.4,5.5,24,0.0,58.791666666666664,2,2002,Winter
2002-02-02,13.983333333333334,22.2,5.8,24,0.0,57.083333333333336,2,2002,Winter
2002-02-03,13.904166666666667,21.2,7.9,24,0.0,56.5,2,2002,Winter
2002-02-04,13.566666666666668,21.6,6.8,24,0.0,53.166666666666664,2,2002,Winter
2002-02-05,13.625,20.5,6.0,24,0.0,63.208333333333336,2,2002,Winter
2002-02-06,15.745833333333332,23.0,8.4,24,0.0,64.25,2,2002,Winter
2002-02-07,16.375,22.9,12.1,24,0.7,77.45833333333333,2,2002,Winter
2002-02-08,15.275,19.7,10.8,24,5.7,88.33333333333333,2,2002,Winter
2002-02-09,12.166666666666666,19.3,7.0,24,0.0,64.91666666666667,2,2002,Winter
2002-02-10,12.179166666666667,20.0,5.1,24,0.0,58.375,2,2002,Winter
2002-02-11,13.454166666666666,17.7,10.6,24,16.3,82.29166666666667,2,2002,Winter
2002-02-12,13.575000000000001,19.0,8.8,24,0.0,81.91666666666667,2,2002,Winter
2002-02-13,14.15,21.1,8.9,24,0.0,74.0,2,2002,Winter
2002-02-14,14.5375,22.2,8.1,24,0.0,65.95833333333333,2,2002,Winter
2002-02-15,15.424999999999999,23.6,7.8,24,0.0,66.66666666666667,2,2002,Winter
2002-02-16,17.05,24.5,9.9,24,0.0,68.16666666666667,2,2002,Winter
2002-02-17,18.1125,25.0,12.0,24,0.0,73.25,2,2002,Winter
2002-02-18,19.304166666666667,27.4,11.9,24,0.0,70.91666666666667,2,2002,Winter
2002-02-19,19.941666666666666,28.1,12.8,24,0.0,62.291666666666664,2,2002,Winter
2002-02-20,18.925,26.1,12.2,24,0.0,57.625,2,2002,Winter
2002-02-21,19.575,28.2,12.0,24,0.0,56.375,2,2002,Winter
2002-02-22,21.041666666666668,29.9,14.4,24,1.9,62.125,2,2002,Winter
2002-02-23,20.575,26.7,15.3,24,0.3,61.833333333333336,2,2002,Winter
2002-02-24,18.433333333333334,25.5,13.0,24,2.6,66.75,2,2002,Winter
2002-02-25,17.162499999999998,23.6,10.8,24,0.0,68.91666666666667,2,2002,Winter
2002-02-26,17.470833333333335,23.5,10.9,24,0.0,61.0,2,2002,Winter
2002-02-27,18.566666666666666,25.3,13.2,24,0.0,55.458333333333336,2,2002,Winter
2002-02-28,18.7625,25.6,12.3,24,0.0,60.458333333333336,2,2002,Winter
2002-03-01,20.8875,27.7,13.8,24,0.0,59.708333333333336,3,2002,Summer
2002-03-02,18.5625,22.6,14.4,24,3.5,73.29166666666667,3,2002,Summer
2002-03-03,16.808333333333334,23.6,11.1,24,0.0,67.70833333333333,3,2002,Summer
2002-03-04,17.6875,24.5,11.9,24,0.0,56.416666666666664,3,2002,Summer
2002-03-05,18.445833333333333,26.3,10.8,24,0.0,51.791666666666664,3,2002,Summer
2002-03-06,18.883333333333333,27.3,10.3,24,0.0,49.791666666666664,3,2002,Summer
2002-03-07,19.866666666666667,27.7,11.8,24,0.0,45.125,3,2002,Summer
2002-03-08,21.108333333333334,28.5,14.2,24,0.0,39.083333333333336,3,2002,Summer
2002-03-09,22.620833333333334,29.9,16.2,24,0.0,46.416666666666664,3,2002,Summer
2002-03-10,22.804166666666664,29.4,16.8,24,0.1,54.75,3,2002,Summer
2002-03-11,21.212500000000002,28.0,15.0,24,0.0,49.666666666666664,3,2002,Summer
2002-03-12,21.583333333333332,29.2,14.5,24,0.0,46.916666666666664,3,2002,Summer
2002-03-13,22.483333333333334,29.7,15.7,24,0.0,46.5,3,2002,Summer
2002-03-14,21.729166666666668,29.5,13.8,24,0.0,41.791666666666664,3,2002,Summer
2002-03-15,22.308333333333334,30.4,13.8,24,0.0,42.791666666666664,3,2002,Summer
2002-03-16,23.495833333333334,31.9,15.1,24,0.0,42.041666666666664,3,2002,Summer
2002-03-17,24.525000000000002,33.2,15.6,24,0.0,41.791666666666664,3,2002,Summer
2002-03-18,25.270833333333332,34.4,15.3,24,0.0,44.5,3,2002,Summer
2002-03-19,25.849999999999998,34.5,16.6,24,0.0,41.458333333333336,3,2002,Summer
2002-03-20,26.491666666666664,35.1,16.9,24,0.0,44.208333333333336,3,2002,Summer
2002-03-21,26.866666666666664,34.6,21.2,24,2.6,40.125,3,2002,Summer
2002-03-22,25.775000000000002,33.7,17.3,24,0.0,49.416666666666664,3,2002,Summer
2002-03-23,26.075,33.4,17.6,24,0.0,42.375,3,2002,Summer
2002-03-24,27.191666666666666,36.0,18.3,24,0.6,40.625,3,2002,Summer
2002-03-25,26.6875,34.5,20.6,24,0.1,34.583333333333336,3,2002,Summer
2002-03-26,25.554166666666664,33.3,17.0,24,0.0,39.333333333333336,3,2002,Summer
2002-03-27,25.59166666666667,32.8,18.1,24,0.0,36.625,3,2002,Summer
2002-03-28,25.479166666666668,33.0,17.3,24,0.0,33.583333333333336,3,2002,Summer
2002-03-29,26.254166666666666,34.7,17.0,24,0.0,31.583333333333332,3,2002,Summer
2002-03-30,27.400000000000002,36.6,17.3,24,0.0,31.458333333333332,3,2002,Summer
2002-03-31,29.025000000000002,37.5,19.0,24,0.0,30.25,3,2002,Summer
2002-04-01,28.879166666666666,36.5,22.1,24,0.0,32.833333333333336,4,2002,Summer
2002-04-02,27.020833333333332,34.8,19.0,24,0.0,37.375,4,2002,Summer
2002-04-03,26.054166666666664,33.2,18.0,24,0.0,27.958333333333332,4,2002,Summer
2002-04-04,27.05,35.9,16.9,24,0.0,29.208333333333332,4,2002,Summer
2002-04-05,28.679166666666664,37.6,18.6,24,0.0,31.125,4,2002,Summer
2002-04-06,29.53333333333333,38.5,21.8,24,0.2,34.666666666666664,4,2002,Summer
2002-04-07,29.020833333333332,35.2,23.7,24,1.9,34.833333333333336,4,2002,Summer
2002-04-08,27.2375,34.4,20.6,24,0.1,39.833333333333336,4,2002,Summer
2002-04-09,27.025000000000002,34.1,19.8,24,0.0,34.291666666666664,4,2002,Summer
2002-04-10,26.837500000000002,34.2,17.7,24,0.0,30.458333333333332,4,2002,Summer
2002-04-11,27.958333333333332,36.3,19.0,24,0.0,29.458333333333332,4,2002,Summer
2002-04-12,28.875,37.5,19.3,24,0.0,28.333333333333332,4,2002,Summer
2002-04-13,29.545833333333334,37.6,20.6,24,0.0,30.916666666666668,4,2002,Summer
2002-04-14,31.308333333333334,39.2,21.9,24,0.0,31.583333333333332,4,2002,Summer
2002-04-15,31.650000000000002,39.4,23.5,24,0.0,30.958333333333332,4,2002,Summer
2002-04-16,31.52916666666667,39.4,23.5,24,0.0,26.583333333333332,4,2002,Summer
2002-04-17,31.46666666666667,38.6,23.7,24,0.0,29.666666666666668,4,2002,Summer
2002-04-18,31.879166666666666,39.5,23.8,24,0.0,23.375,4,2002,Summer
2002-04-19,32.12083333333333,40.1,23.2,24,0.0,20.541666666666668,4,2002,Summer
2002-04-20,32.6375,41.4,22.7,24,0.0,21.291666666666668,4,2002,Summer
2002-04-21,33.275,41.8,23.7,24,0.0,19.666666666666668,4,2002,Summer
2002-04-22,33.5,42.1,24.2,24,0.0,20.833333333333332,4,2002,Summer
2002-04-23,32.979166666666664,40.2,25.8,24,0.0,26.791666666666668,4,2002,Summer
2002-04-24,32.891666666666666,38.8,28.0,24,0.0,38.166666666666664,4,2002,Summer
2002-04-25,30.712500000000002,38.9,24.2,24,2.8,48.125,4,2002,Summer
2002-04-26,27.058333333333334,35.5,19.1,24,2.5,46.541666666666664,4,2002,Summer
2002-04-27,30.520833333333332,40.4,20.2,24,0.0,29.958333333333332,4,2002,Summer
2002-04-28,31.541666666666668,40.2,24.0,24,0.0,31.166666666666668,4,2002,Summer
2002-04-29,30.90416666666667,39.3,22.9,24,0.0,24.75,4,2002,Summer
2002-04-30,31.32083333333333,39.6,20.7,24,0.0,16.208333333333332,4,2002,Summer
2002-05-01,32.05833333333333,39.7,24.0,24,1.9,29.958333333333332,5,2002,Summer
2002-05-02,31.870833333333334,39.9,23.7,24,1.2,37.291666666666664,5,2002,Summer
2002-05-03,32.57083333333333,40.3,24.1,24,0.0,29.375,5,2002,Summer
2002-05-04,34.22083333333333,42.4,25.8,24,0.0,20.666666666666668,5,2002,Summer
2002-05-05,33.74583333333333,42.5,24.0,24,0.0,25.083333333333332,5,2002,Summer
2002-05-06,33.84166666666667,42.5,25.8,24,0.4,30.416666666666668,5,2002,Summer
2002-05-07,33.5875,41.0,26.5,24,0.0,44.666666666666664,5,2002,Summer
2002-05-08,35.604166666666664,43.8,27.7,24,0.0,25.125,5,2002,Summer
2002-05-09,36.324999999999996,44.4,28.3,24,0.0,16.666666666666668,5,2002,Summer
2002-05-10,37.020833333333336,44.5,30.5,24,0.0,16.833333333333332,5,2002,Summer
2002-05-11,36.454166666666666,45.1,27.7,24,0.0,16.125,5,2002,Summer
2002-05-12,36.208333333333336,44.6,27.4,24,0.0,16.25,5,2002,Summer
2002-05-13,35.958333333333336,43.0,27.9,24,0.4,32.083333333333336,5,2002,Summer
2002-05-14,37.00416666666667,44.1,30.3,24,0.1,39.0,5,2002,Summer
2002-05-15,36.420833333333334,43.1,29.9,24,0.0,40.875,5,2002,Summer
2002-05-16,36.05416666666667,41.5,30.8,24,0.0,40.708333333333336,5,2002,Summer
2002-05-17,36.612500000000004,44.2,28.9,24,0.0,32.541666666666664,5,2002,Summer
2002-05-18,36.8125,45.9,25.5,24,0.0,15.0,5,2002,Summer
2002-05-19,36.233333333333334,43.2,27.9,24,0.0,16.875,5,2002,Summer
2002-05-20,34.74583333333333,42.6,25.4,24,0.0,16.208333333333332,5,2002,Summer
2002-05-21,34.045833333333334,43.3,24.6,24,0.0,17.208333333333332,5,2002,Summer
2002-05-22,35.354166666666664,43.9,25.6,24,0.0,14.333333333333334,5,2002,Summer
2002-05-23,36.4125,43.9,28.5,24,0.8,21.541666666666668,5,2002,Summer
2002-05-24,36.32083333333333,44.5,27.7,24,1.0,28.791666666666668,5,2002,Summer
2002-05-25,33.737500000000004,41.7,27.8,24,1.1,43.541666666666664,5,2002,Summer
2002-05-26,31.729166666666668,38.6,27.2,24,3.6,51.416666666666664,5,2002,Summer
2002-05-27,31.90416666666667,39.9,26.9,24,2.0,52.083333333333336,5,2002,Summer
2002-05-28,30.983333333333334,34.7,27.2,24,0.6000000000000001,54.625,5,2002,Summer
2002-05-29,29.15416666666667,33.6,24.9,24,10.5,61.25,5,2002,Summer
2002-05-30,29.920833333333334,34.5,24.6,24,0.0,57.125,5,2002,Summer
2002-05-31,30.766666666666666,35.6,26.0,24,0.2,57.25,5,2002,Summer
2002-06-01,31.320833333333336,36.5,26.4,24,2.3,51.833333333333336,6,2002,Monsoon
2002-06-02,31.40833333333333,37.4,24.7,24,0.0,52.666666666666664,6,2002,Monsoon
2002-06-03,32.62083333333333,38.2,25.7,24,0.0,46.041666666666664,6,2002,Monsoon
2002-06-04,33.229166666666664,39.3,26.2,24,0.0,44.5,6,2002,Monsoon
2002-06-05,34.295833333333334,40.9,28.5,24,0.3,42.666666666666664,6,2002,Monsoon
2002-06-06,34.670833333333334,40.8,29.5,24,0.0,43.25,6,2002,Monsoon
2002-06-07,34.59166666666666,39.8,29.4,24,0.1,47.791666666666664,6,2002,Monsoon
2002-06-08,36.112500000000004,42.0,30.8,24,0.0,36.791666666666664,6,2002,Monsoon
2002-06-09,35.4,41.6,29.2,24,0.0,44.791666666666664,6,2002,Monsoon
2002-06-10,35.61666666666667,42.8,28.7,24,0.0,38.625,6,2002,Monsoon
2002-06-11,35.80833333333333,42.9,29.6,24,0.0,41.25,6,2002,Monsoon
2002-06-12,33.68333333333333,39.2,27.9,24,0.5,55.75,6,2002,Monsoon
2002-06-13,34.862500000000004,41.1,28.8,24,0.0,48.125,6,2002,Monsoon
2002-06-14,35.84166666666667,42.9,30.0,24,0.0,40.291666666666664,6,2002,Monsoon
2002-06-15,35.016666666666666,42.0,29.0,24,1.0,42.791666666666664,6,2002,Monsoon
2002-06-16,34.916666666666664,40.8,29.7,24,0.0,44.375,6,2002,Monsoon
2002-06-17,34.141666666666666,39.8,29.1,24,2.3,48.833333333333336,6,2002,Monsoon
2002-06-18,34.00416666666667,39.1,29.0,24,0.1,51.833333333333336,6,2002,Monsoon
2002-06-19,32.55833333333333,37.3,27.3,24,5.4,56.875,6,2002,Monsoon
2002-06-20,34.05833333333333,39.1,29.2,24,0.0,51.416666666666664,6,2002,Monsoon
2002-06-21,34.954166666666666,40.7,30.0,24,0.1,46.25,6,2002,Monsoon
2002-06-22,35.78333333333333,41.4,30.9,24,0.0,40.833333333333336,6,2002,Monsoon
2002-06-23,34.90416666666667,39.4,30.1,24,0.0,51.125,6,2002,Monsoon
2002-06-24,31.979166666666668,36.0,27.7,24,3.2,63.583333333333336,6,2002,Monsoon
2002-06-25,33.295833333333334,38.6,28.2,24,0.3,57.791666666666664,6,2002,Monsoon
2002-06-26,32.770833333333336,37.0,29.7,24,0.6000000000000001,58.708333333333336,6,2002,Monsoon
2002-06-27,31.21666666666667,34.2,28.6,24,0.0,61.166666666666664,6,2002,Monsoon
2002-06-28,30.770833333333332,35.1,27.5,24,1.7,64.91666666666667,6,2002,Monsoon
2002-06-29,30.849999999999998,35.5,27.8,24,1.6,71.29166666666667,6,2002,Monsoon
2002-06-30,31.829166666666666,37.3,26.6,24,7.1000000000000005,67.33333333333333,6,2002,Monsoon
2002-07-01,34.125,40.4,30.6,24,1.1,53.041666666666664,7,2002,Monsoon
2002-07-02,34.891666666666666,39.8,30.7,24,0.0,47.708333333333336,7,2002,Monsoon
2002-07-03,34.612500000000004,39.8,30.5,24,0.2,49.166666666666664,7,2002,Monsoon
2002-07-04,34.612500000000004,39.2,29.8,24,0.8999999999999999,49.75,7,2002,Monsoon
2002-07-05,34.25833333333333,37.9,31.3,24,1.5,50.625,7,2002,Monsoon
2002-07-06,34.525,39.5,29.7,24,0.2,47.916666666666664,7,2002,Monsoon
2002-07-07,35.34583333333333,40.1,30.6,24,0.0,42.125,7,2002,Monsoon
2002-07-08,36.125,40.9,31.9,24,0.0,35.583333333333336,7,2002,Monsoon
2002-07-09,36.34583333333333,41.0,31.9,24,0.0,35.583333333333336,7,2002,Monsoon
2002-07-10,35.916666666666664,40.2,31.9,24,0.0,34.541666666666664,7,2002,Monsoon
2002-07-11,35.90416666666667,40.7,31.7,24,0.0,33.583333333333336,7,2002,Monsoon
2002-07-12,35.84166666666667,40.9,32.1,24,0.5,36.791666666666664,7,2002,Monsoon
2002-07-13,36.362500000000004,40.9,32.6,24,0.0,36.791666666666664,7,2002,Monsoon
2002-07-14,36.43333333333333,41.4,32.4,24,0.0,34.0,7,2002,Monsoon
2002-07-15,36.15,40.5,31.9,24,0.0,34.75,7,2002,Monsoon
2002-07-16,36.22083333333333,41.1,32.2,24,0.0,35.166666666666664,7,2002,Monsoon
2002-07-17,34.583333333333336,39.1,31.1,24,0.1,51.375,7,2002,Monsoon
2002-07-18,33.175000000000004,38.3,29.9,24,1.1,58.083333333333336,7,2002,Monsoon
2002-07-19,32.362500000000004,37.0,27.6,24,1.7,65.625,7,2002,Monsoon
2002-07-20,33.69166666666667,40.2,27.3,24,4.1,58.5,7,2002,Monsoon
2002-07-21,34.825,39.2,31.6,24,0.0,42.875,7,2002,Monsoon
2002-07-22,34.5,38.3,30.8,24,0.0,40.708333333333336,7,2002,Monsoon
2002-07-23,34.2125,38.1,31.1,24,0.0,45.25,7,2002,Monsoon
2002-07-24,34.24166666666667,38.2,30.6,24,0.30000000000000004,43.75,7,2002,Monsoon
2002-07-25,34.92916666666667,39.1,31.0,24,0.0,41.0,7,2002,Monsoon
2002-07-26,34.604166666666664,39.6,29.7,24,0.0,42.75,7,2002,Monsoon
2002-07-27,35.083333333333336,39.8,31.0,24,0.0,41.833333333333336,7,2002,Monsoon
2002-07-28,34.895833333333336,39.6,30.9,24,0.0,44.333333333333336,7,2002,Monsoon
2002-07-29,35.229166666666664,40.0,30.8,24,0.0,42.458333333333336,7,2002,Monsoon
2002-07-30,35.2875,40.0,30.6,24,0.2,43.333333333333336,7,2002,Monsoon
2002-07-31,34.93333333333333,39.1,31.0,24,0.0,46.75,7,2002,Monsoon
2002-08-01,31.2,35.4,26.9,24,2.6,69.75,8,2002,Monsoon
2002-08-02,32.90833333333333,36.8,29.2,24,0.2,61.458333333333336,8,2002,Monsoon
2002-08-03,30.541666666666668,34.3,27.8,24,4.2,73.66666666666667,8,2002,Monsoon
2002-08-04,27.254166666666666,29.2,25.5,24,9.9,87.54166666666667,8,2002,Monsoon
2002-08-05,29.495833333333334,33.0,26.1,24,0.6000000000000001,75.625,8,2002,Monsoon
2002-08-06,30.15833333333333,33.9,27.8,24,0.30000000000000004,73.5,8,2002,Monsoon
2002-08-07,30.879166666666666,35.1,27.4,24,2.7,69.16666666666667,8,2002,Monsoon
2002-08-08,31.941666666666666,36.1,27.8,24,0.6,66.41666666666667,8,2002,Monsoon
2002-08-09,30.770833333333332,35.0,26.6,24,5.4,72.66666666666667,8,2002,Monsoon
2002-08-10,31.95,36.1,28.8,24,1.4,64.25,8,2002,Monsoon
2002-08-11,30.59166666666667,32.9,28.1,24,1.7000000000000002,64.75,8,2002,Monsoon
2002-08-12,27.53333333333333,29.0,26.3,24,24.0,85.375,8,2002,Monsoon
2002-08-13,27.166666666666668,30.4,25.5,24,71.3,87.29166666666667,8,2002,Monsoon
2002-08-14,27.079166666666666,29.5,25.1,24,1.6,85.5,8,2002,Monsoon
2002-08-15,28.0,30.0,25.9,24,1.3,83.95833333333333,8,2002,Monsoon
2002-08-16,29.400000000000002,33.4,26.0,24,0.8,79.54166666666667,8,2002,Monsoon
2002-08-17,30.333333333333332,33.9,27.0,24,0.0,76.41666666666667,8,2002,Monsoon
2002-08-18,29.90833333333333,34.0,26.7,24,0.2,78.625,8,2002,Monsoon
2002-08-19,30.025000000000002,33.3,26.7,24,0.0,76.625,8,2002,Monsoon
2002-08-20,30.895833333333332,35.7,26.9,24,0.0,71.95833333333333,8,2002,Monsoon
2002-08-21,28.695833333333336,31.9,25.9,24,0.6000000000000001,80.08333333333333,8,2002,Monsoon
2002-08-22,27.691666666666666,31.2,25.7,24,3.1,79.66666666666667,8,2002,Monsoon
2002-08-23,27.97083333333333,31.8,25.0,24,2.3,81.66666666666667,8,2002,Monsoon
2002-08-24,28.962500000000002,32.8,26.5,24,0.2,73.20833333333333,8,2002,Monsoon
2002-08-25,28.808333333333334,31.9,26.3,24,0.6,72.41666666666667,8,2002,Monsoon
2002-08-26,29.09583333333333,32.2,25.8,24,0.6000000000000001,70.16666666666667,8,2002,Monsoon
2002-08-27,28.370833333333334,29.6,26.9,24,1.6,70.08333333333333,8,2002,Monsoon
2002-08-28,29.4375,32.9,26.4,24,7.1,67.33333333333333,8,2002,Monsoon
2002-08-29,26.445833333333336,28.7,24.6,24,16.6,88.125,8,2002,Monsoon
2002-08-30,28.583333333333332,32.2,25.5,24,0.1,81.41666666666667,8,2002,Monsoon
2002-08-31,29.59166666666667,33.7,26.0,24,0.3,76.83333333333333,8,2002,Monsoon
2002-09-01,28.795833333333334,32.6,25.9,24,0.5,79.79166666666667,9,2002,Monsoon
2002-09-02,28.820833333333336,33.0,25.7,24,0.7999999999999999,76.66666666666667,9,2002,Monsoon
2002-09-03,28.4375,31.5,26.2,24,1.7000000000000002,78.625,9,2002,Monsoon
2002-09-04,26.849999999999998,30.0,24.9,24,1.2000000000000002,82.95833333333333,9,2002,Monsoon
2002-09-05,26.270833333333332,29.9,23.7,24,1.5,82.875,9,2002,Monsoon
2002-09-06,25.025000000000002,28.8,22.6,24,2.2,84.0,9,2002,Monsoon
2002-09-07,23.27916666666667,25.5,21.9,24,10.3,86.04166666666667,9,2002,Monsoon
2002-09-08,25.333333333333332,29.4,21.5,24,0.0,81.91666666666667,9,2002,Monsoon
2002-09-09,26.9375,31.1,22.7,24,0.39999999999999997,81.29166666666667,9,2002,Monsoon
2002-09-10,26.941666666666666,31.3,23.5,24,2.3,77.25,9,2002,Monsoon
2002-09-11,25.0625,28.8,22.1,24,0.2,83.58333333333333,9,2002,Monsoon
2002-09-12,23.416666666666668,24.5,22.3,24,43.0,92.75,9,2002,Monsoon
2002-09-13,24.420833333333334,27.7,22.9,24,49.1,91.54166666666667,9,2002,Monsoon
2002-09-14,26.47083333333333,30.2,23.5,24,0.0,84.04166666666667,9,2002,Monsoon
2002-09-15,27.145833333333332,31.4,23.7,24,0.6000000000000001,80.25,9,2002,Monsoon
2002-09-16,26.458333333333332,30.2,23.3,24,10.7,85.20833333333333,9,2002,Monsoon
2002-09-17,27.2,32.1,23.5,24,0.8,77.70833333333333,9,2002,Monsoon
2002-09-18,26.508333333333336,32.4,22.6,24,0.30000000000000004,79.08333333333333,9,2002,Monsoon
2002-09-19,26.3,31.6,21.8,24,0.0,80.45833333333333,9,2002,Monsoon
2002-09-20,26.72083333333333,31.8,22.4,24,0.0,75.95833333333333,9,2002,Monsoon
2002-09-21,26.495833333333334,31.9,21.2,24,0.0,75.125,9,2002,Monsoon
2002-09-22,26.204166666666666,31.2,22.4,24,0.8,83.08333333333333,9,2002,Monsoon
2002-09-23,26.3875,30.3,22.5,24,0.4,83.75,9,2002,Monsoon
2002-09-24,26.958333333333332,32.3,22.3,24,0.0,78.20833333333333,9,2002,Monsoon
2002-09-25,27.5,31.9,23.0,24,0.0,75.91666666666667,9,2002,Monsoon
2002-09-26,27.333333333333332,33.0,22.4,24,0.0,66.375,9,2002,Monsoon
2002-09-27,26.59583333333333,32.7,20.8,24,0.0,65.79166666666667,9,2002,Monsoon
2002-09-28,26.52916666666667,32.7,20.5,24,0.0,67.79166666666667,9,2002,Monsoon
2002-09-29,26.941666666666666,33.2,20.5,24,0.0,65.75,9,2002,Monsoon
2002-09-30,26.4875,33.4,19.7,24,0.0,62.166666666666664,9,2002,Monsoon
2002-10-01,25.974999999999998,33.6,18.4,24,0.0,60.375,10,2002,Post-monsoon
2002-10-02,26.320833333333336,34.1,19.0,24,0.0,59.666666666666664,10,2002,Post-monsoon
2002-10-03,26.92916666666667,35.0,19.1,24,0.0,56.75,10,2002,Post-monsoon
2002-10-04,27.0125,34.9,19.0,24,0.0,55.958333333333336,10,2002,Post-monsoon
2002-10-05,27.09583333333333,35.2,20.4,24,0.0,55.0,10,2002,Post-monsoon
2002-10-06,26.416666666666668,33.8,19.2,24,0.0,62.75,10,2002,Post-monsoon
2002-10-07,26.21666666666667,33.0,18.9,24,0.0,63.916666666666664,10,2002,Post-monsoon
2002-10-08,26.474999999999998,32.4,21.0,24,0.0,68.20833333333333,10,2002,Post-monsoon
2002-10-09,26.104166666666668,32.4,19.6,24,0.0,68.33333333333333,10,2002,Post-monsoon
2002-10-10,26.650000000000002,31.5,22.1,24,0.0,67.91666666666667,10,2002,Post-monsoon
2002-10-11,26.583333333333332,31.9,21.9,24,1.4000000000000001,67.625,10,2002,Post-monsoon
2002-10-12,26.0625,30.7,21.9,24,1.4,69.29166666666667,10,2002,Post-monsoon
2002-10-13,25.724999999999998,31.1,20.9,24,0.0,68.20833333333333,10,2002,Post-monsoon
2002-10-14,25.22083333333333,30.9,19.8,24,0.0,68.375,10,2002,Post-monsoon
2002-10-15,25.479166666666668,31.6,19.3,24,0.0,64.70833333333333,10,2002,Post-monsoon
2002-10-16,25.400000000000002,31.1,19.1,24,0.0,65.70833333333333,10,2002,Post-monsoon
2002-10-17,26.141666666666666,31.7,21.6,24,0.0,61.583333333333336,10,2002,Post-monsoon
2002-10-18,25.583333333333332,30.9,20.4,24,0.0,61.75,10,2002,Post-monsoon
2002-10-19,25.454166666666666,31.3,20.1,24,0.0,62.833333333333336,10,2002,Post-monsoon
2002-10-20,25.462500000000002,32.2,18.8,24,0.0,63.833333333333336,10,2002,Post-monsoon
2002-10-21,26.150000000000002,32.2,19.9,24,0.0,62.208333333333336,10,2002,Post-monsoon
2002-10-22,25.337500000000002,31.7,19.9,24,0.0,59.916666666666664,10,2002,Post-monsoon
2002-10-23,23.683333333333334,29.5,18.1,24,0.0,52.083333333333336,10,2002,Post-monsoon
2002-10-24,23.02916666666667,29.4,16.4,24,0.0,54.666666666666664,10,2002,Post-monsoon
2002-10-25,23.141666666666666,30.7,16.5,24,0.0,51.208333333333336,10,2002,Post-monsoon
2002-10-26,23.650000000000002,31.1,16.1,24,0.0,52.916666666666664,10,2002,Post-monsoon
2002-10-27,24.358333333333334,31.4,16.6,24,0.0,55.416666666666664,10,2002,Post-monsoon
2002-10-28,23.816666666666666,31.2,16.5,24,0.0,58.583333333333336,10,2002,Post-monsoon
2002-10-29,24.191666666666666,32.0,17.2,24,0.0,58.208333333333336,10,2002,Post-monsoon
2002-10-30,23.995833333333334,30.3,19.9,24,0.0,60.833333333333336,10,2002,Post-monsoon
2002-10-31,23.65833333333333,30.4,17.4,24,0.0,63.125,10,2002,Post-monsoon
2002-11-01,23.7375,30.5,16.9,24,0.0,59.916666666666664,11,2002,Post-monsoon
2002-11-02,23.433333333333334,30.3,17.0,24,0.0,53.625,11,2002,Post-monsoon
2002-11-03,22.804166666666664,30.2,15.9,24,0.0,56.75,11,2002,Post-monsoon
2002-11-04,22.454166666666666,28.9,16.6,24,0.0,63.458333333333336,11,2002,Post-monsoon
2002-11-05,22.829166666666666,28.6,17.6,24,0.0,57.916666666666664,11,2002,Post-monsoon
2002-11-06,22.133333333333336,27.7,16.6,24,0.0,61.083333333333336,11,2002,Post-monsoon
2002-11-07,22.054166666666664,27.9,16.7,24,0.0,63.166666666666664,11,2002,Post-monsoon
2002-11-08,22.166666666666668,28.5,15.7,24,0.0,63.875,11,2002,Post-monsoon
2002-11-09,21.74166666666667,27.8,15.6,24,0.0,64.08333333333333,11,2002,Post-monsoon
2002-11-10,21.370833333333334,27.8,14.7,24,0.0,60.708333333333336,11,2002,Post-monsoon
2002-11-11,20.866666666666667,27.7,13.9,24,0.0,60.416666666666664,11,2002,Post-monsoon
2002-11-12,20.804166666666667,26.0,17.1,24,0.0,59.958333333333336,11,2002,Post-monsoon
2002-11-13,20.2625,26.1,15.1,24,0.0,61.291666666666664,11,2002,Post-monsoon
2002-11-14,20.037499999999998,26.2,15.1,24,0.0,58.916666666666664,11,2002,Post-monsoon
2002-11-15,20.083333333333332,26.7,13.8,24,0.0,56.083333333333336,11,2002,Post-monsoon
2002-11-16,20.5125,28.0,13.6,24,0.0,55.208333333333336,11,2002,Post-monsoon
2002-11-17,21.375,28.2,15.3,24,0.0,59.25,11,2002,Post-monsoon
2002-11-18,21.179166666666667,28.2,14.8,24,0.0,59.708333333333336,11,2002,Post-monsoon
2002-11-19,21.095833333333335,28.5,14.4,24,0.0,57.416666666666664,11,2002,Post-monsoon
2002-11-20,20.345833333333335,27.5,14.2,24,0.0,54.791666666666664,11,2002,Post-monsoon
2002-11-21,18.941666666666666,26.1,12.7,24,0.0,53.208333333333336,11,2002,Post-monsoon
2002-11-22,18.566666666666666,26.0,11.3,24,0.0,54.333333333333336,11,2002,Post-monsoon
2002-11-23,18.558333333333334,26.4,11.2,24,0.0,47.666666666666664,11,2002,Post-monsoon
2002-11-24,19.875,25.8,15.0,24,0.0,45.041666666666664,11,2002,Post-monsoon
2002-11-25,20.020833333333332,27.1,14.3,24,0.0,47.25,11,2002,Post-monsoon
2002-11-26,18.45,26.5,11.4,24,0.0,47.833333333333336,11,2002,Post-monsoon
2002-11-27,17.608333333333334,25.9,10.5,24,0.0,51.083333333333336,11,2002,Post-monsoon
2002-11-28,17.220833333333335,25.6,9.6,24,0.0,55.916666666666664,11,2002,Post-monsoon
2002-11-29,17.191666666666666,24.9,10.9,24,0.0,53.083333333333336,11,2002,Post-monsoon
2002-11-30,16.583333333333332,24.5,9.9,24,0.0,56.833333333333336,11,2002,Post-monsoon
2002-12-01,16.275000000000002,24.3,8.7,24,0.0,56.25,12,2002,Winter
2002-12-02,16.370833333333334,24.0,9.6,24,0.0,52.75,12,2002,Winter
2002-12-03,15.8375,22.7,10.3,24,0.0,55.75,12,2002,Winter
2002-12-04,15.4375,21.9,9.4,24,0.0,58.416666666666664,12,2002,Winter
2002-12-05,15.9125,22.5,10.4,24,0.0,57.625,12,2002,Winter
2002-12-06,16.529166666666665,23.5,9.8,24,0.0,61.208333333333336,12,2002,Winter
2002-12-07,17.041666666666668,24.9,9.9,24,0.0,61.291666666666664,12,2002,Winter
2002-12-08,17.208333333333332,25.0,11.3,24,0.0,54.75,12,2002,Winter
2002-12-09,15.987499999999999,23.2,11.0,24,0.0,41.25,12,2002,Winter
2002-12-10,14.379166666666668,22.5,8.0,24,0.0,47.208333333333336,12,2002,Winter
2002-12-11,14.700000000000001,22.3,7.4,24,0.0,54.958333333333336,12,2002,Winter
2002-12-12,15.262500000000001,23.2,8.7,24,0.0,62.166666666666664,12,2002,Winter
2002-12-13,15.625,23.8,8.7,24,0.0,60.541666666666664,12,2002,Winter
2002-12-14,16.783333333333335,24.3,10.6,24,0.0,55.791666666666664,12,2002,Winter
2002-12-15,17.708333333333332,24.8,12.1,24,0.0,55.083333333333336,12,2002,Winter
2002-12-16,17.537499999999998,24.9,10.4,24,0.0,63.75,12,2002,Winter
2002-12-17,17.883333333333333,25.3,10.5,24,0.0,66.04166666666667,12,2002,Winter
2002-12-18,18.212500000000002,25.9,11.4,24,0.0,63.375,12,2002,Winter
2002-12-19,18.712500000000002,26.1,11.5,24,0.0,66.58333333333333,12,2002,Winter
2002-12-20,18.783333333333335,25.6,12.7,24,0.0,69.66666666666667,12,2002,Winter
2002-12-21,18.337500000000002,25.3,13.4,24,0.0,58.708333333333336,12,2002,Winter
2002-12-22,17.041666666666668,24.0,11.1,24,0.0,60.916666666666664,12,2002,Winter
2002-12-23,15.9375,22.7,9.4,24,0.0,67.75,12,2002,Winter
2002-12-24,15.445833333333333,18.3,13.0,24,2.6,73.0,12,2002,Winter
2002-12-25,15.487499999999999,21.5,10.0,24,0.0,77.58333333333333,12,2002,Winter
2002-12-26,14.912500000000001,20.8,8.8,24,0.0,76.25,12,2002,Winter
2002-12-27,14.004166666666668,19.7,9.7,24,0.0,72.70833333333333,12,2002,Winter
2002-12-28,13.6,20.0,8.7,24,0.0,64.5,12,2002,Winter
2002-12-29,13.375,19.9,6.7,24,0.0,65.70833333333333,12,2002,Winter
2002-12-30,13.450000000000001,20.0,6.3,24,0.0,68.04166666666667,12,2002,Winter
2002-12-31,11.154166666666667,12.3,9.4,24,17.7,86.375,12,2002,Winter
2003-01-01,12.133333333333333,16.7,8.3,24,0.0,80.66666666666667,1,2003,Winter
2003-01-02,11.970833333333333,16.1,6.1,24,0.0,80.20833333333333,1,2003,Winter
2003-01-03,12.8375,15.7,9.8,24,0.1,76.25,1,2003,Winter
2003-01-04,12.516666666666666,17.7,8.8,24,0.0,77.16666666666667,1,2003,Winter
2003-01-05,11.745833333333332,18.2,6.8,24,0.0,78.41666666666667,1,2003,Winter
2003-01-06,10.9375,17.1,5.3,24,0.0,79.20833333333333,1,2003,Winter
2003-01-07,9.575000000000001,15.8,4.8,24,0.0,83.5,1,2003,Winter
2003-01-08,10.654166666666667,17.1,5.9,24,0.0,80.16666666666667,1,2003,Winter
2003-01-09,9.700000000000001,15.8,4.2,24,0.0,83.5,1,2003,Winter
2003-01-10,9.358333333333333,15.8,4.5,24,0.0,86.08333333333333,1,2003,Winter
2003-01-11,10.570833333333333,17.5,5.0,24,0.0,76.75,1,2003,Winter
2003-01-12,10.195833333333333,17.7,3.4,24,0.0,76.58333333333333,1,2003,Winter
2003-01-13,10.858333333333334,18.2,5.3,24,0.0,77.08333333333333,1,2003,Winter
2003-01-14,11.225,18.7,5.3,24,0.0,75.41666666666667,1,2003,Winter
2003-01-15,10.591666666666667,17.7,4.4,24,0.0,77.375,1,2003,Winter
2003-01-16,10.779166666666667,18.2,3.9,24,0.0,79.58333333333333,1,2003,Winter
2003-01-17,9.833333333333334,16.1,5.3,24,0.0,89.58333333333333,1,2003,Winter
2003-01-18,9.483333333333333,15.5,5.9,24,0.0,90.83333333333333,1,2003,Winter
2003-01-19,8.783333333333333,14.8,4.7,24,0.0,88.0,1,2003,Winter
2003-01-20,8.608333333333333,15.5,4.5,24,0.0,86.33333333333333,1,2003,Winter
2003-01-21,9.479166666666666,16.5,5.6,24,0.0,82.91666666666667,1,2003,Winter
2003-01-22,11.25,19.7,4.0,24,0.0,74.08333333333333,1,2003,Winter
2003-01-23,13.041666666666666,21.4,5.2,24,0.0,76.04166666666667,1,2003,Winter
2003-01-24,14.095833333333333,21.8,7.2,24,0.0,72.95833333333333,1,2003,Winter
2003-01-25,14.229166666666666,22.3,6.4,24,0.0,71.5,1,2003,Winter
2003-01-26,15.383333333333333,23.2,8.4,24,0.0,68.29166666666667,1,2003,Winter
2003-01-27,15.929166666666667,23.0,10.9,24,2.3000000000000003,78.20833333333333,1,2003,Winter
2003-01-28,15.595833333333333,19.9,12.2,24,15.4,84.08333333333333,1,2003,Winter
2003-01-29,14.512500000000001,19.8,11.2,24,0.5,84.125,1,2003,Winter
2003-01-30,14.283333333333333,19.9,8.5,24,0.0,78.70833333333333,1,2003,Winter
2003-01-31,13.5875,15.8,12.2,24,15.4,88.33333333333333,1,2003,Winter
2003-02-01,14.25,18.3,9.7,24,0.1,78.875,2,2003,Winter
2003-02-02,13.208333333333334,18.1,9.3,24,0.0,83.54166666666667,2,2003,Winter
2003-02-03,13.233333333333334,18.6,8.6,24,0.0,78.41666666666667,2,2003,Winter
2003-02-04,12.966666666666667,19.2,7.2,24,0.0,76.5,2,2003,Winter
2003-02-05,13.541666666666666,20.9,7.7,24,0.0,75.41666666666667,2,2003,Winter
2003-02-06,13.645833333333334,20.7,6.3,24,0.0,73.83333333333333,2,2003,Winter
2003-02-07,15.049999999999999,22.4,7.9,24,0.0,76.45833333333333,2,2003,Winter
2003-02-08,15.929166666666667,21.4,10.7,24,0.2,80.5,2,2003,Winter
2003-02-09,15.049999999999999,20.3,10.1,24,0.0,72.75,2,2003,Winter
2003-02-10,13.933333333333332,20.2,7.5,24,0.0,71.91666666666667,2,2003,Winter
2003-02-11,13.9625,20.5,7.2,24,0.0,73.83333333333333,2,2003,Winter
2003-02-12,14.7125,21.2,8.2,24,0.0,72.45833333333333,2,2003,Winter
2003-02-13,15.4,22.4,9.6,24,0.0,61.916666666666664,2,2003,Winter
2003-02-14,15.854166666666666,23.2,9.2,24,0.0,66.70833333333333,2,2003,Winter
2003-02-15,16.82916666666667,24.5,9.1,24,0.0,66.625,2,2003,Winter
2003-02-16,18.5625,24.6,12.9,24,0.0,64.70833333333333,2,2003,Winter
2003-02-17,18.724999999999998,22.2,16.3,24,2.0,65.83333333333333,2,2003,Winter
2003-02-18,17.583333333333332,21.3,15.6,24,32.7,85.5,2,2003,Winter
2003-02-19,16.400000000000002,20.1,11.3,24,17.3,79.08333333333333,2,2003,Winter
2003-02-20,13.779166666666667,19.6,9.8,24,0.0,79.125,2,2003,Winter
2003-02-21,15.195833333333333,21.4,10.0,24,0.0,72.625,2,2003,Winter
2003-02-22,16.212500000000002,22.6,11.1,24,0.0,73.29166666666667,2,2003,Winter
2003-02-23,17.070833333333333,23.7,10.5,24,0.0,78.16666666666667,2,2003,Winter
2003-02-24,18.366666666666667,25.1,12.8,24,0.0,78.45833333333333,2,2003,Winter
2003-02-25,18.491666666666667,25.0,13.0,24,0.0,75.58333333333333,2,2003,Winter
2003-02-26,19.695833333333333,26.4,13.6,24,0.0,75.08333333333333,2,2003,Winter
2003-02-27,20.908333333333335,27.5,14.3,24,0.0,73.08333333333333,2,2003,Winter
2003-02-28,21.495833333333334,27.3,16.7,24,0.30000000000000004,75.625,2,2003,Winter
2003-03-01,22.058333333333334,27.0,17.0,24,1.2000000000000002,79.70833333333333,3,2003,Summer
2003-03-02,22.829166666666666,29.4,18.6,24,0.2,73.79166666666667,3,2003,Summer
2003-03-03,17.633333333333333,22.7,10.2,24,0.1,46.875,3,2003,Summer
2003-03-04,13.458333333333334,19.2,7.9,24,0.0,42.416666666666664,3,2003,Summer
2003-03-05,14.387500000000001,21.4,8.4,24,0.0,45.083333333333336,3,2003,Summer
2003-03-06,16.058333333333334,23.8,9.0,24,0.0,52.083333333333336,3,2003,Summer
2003-03-07,16.879166666666666,24.4,9.8,24,0.0,51.875,3,2003,Summer
2003-03-08,17.904166666666665,24.8,11.9,24,0.0,45.458333333333336,3,2003,Summer
2003-03-09,18.75,27.3,9.8,24,0.0,52.791666666666664,3,2003,Summer
2003-03-10,21.037499999999998,28.3,14.6,24,0.0,53.208333333333336,3,2003,Summer
2003-03-11,20.054166666666667,26.4,12.6,24,0.0,60.333333333333336,3,2003,Summer
2003-03-12,20.308333333333334,27.0,12.0,24,0.0,51.291666666666664,3,2003,Summer
2003-03-13,20.579166666666666,27.4,13.0,24,0.0,58.958333333333336,3,2003,Summer
2003-03-14,21.833333333333332,28.7,14.9,24,0.0,57.208333333333336,3,2003,Summer
2003-03-15,21.241666666666667,26.3,16.1,24,0.1,56.625,3,2003,Summer
2003-03-16,22.09583333333333,29.3,15.6,24,0.0,56.833333333333336,3,2003,Summer
2003-03-17,23.150000000000002,30.3,16.2,24,0.0,49.708333333333336,3,2003,Summer
2003-03-18,22.670833333333334,30.7,14.2,24,0.0,47.083333333333336,3,2003,Summer
2003-03-19,22.995833333333334,30.5,15.7,24,0.0,44.333333333333336,3,2003,Summer
2003-03-20,23.508333333333336,31.4,15.9,24,0.0,44.166666666666664,3,2003,Summer
2003-03-21,24.1375,31.8,16.3,24,0.0,47.291666666666664,3,2003,Summer
2003-03-22,25.129166666666666,32.9,17.7,24,0.0,50.875,3,2003,Summer
2003-03-23,25.6125,33.2,17.7,24,0.0,52.791666666666664,3,2003,Summer
2003-03-24,25.875,33.5,18.2,24,0.0,50.5,3,2003,Summer
2003-03-25,24.96666666666667,32.6,17.5,24,0.1,50.208333333333336,3,2003,Summer
2003-03-26,24.7,31.9,16.9,24,0.0,58.208333333333336,3,2003,Summer
2003-03-27,25.1875,32.1,17.2,24,0.0,53.125,3,2003,Summer
2003-03-28,26.608333333333334,32.8,18.7,24,0.0,45.791666666666664,3,2003,Summer
2003-03-29,26.037499999999998,31.6,21.0,24,1.5,50.166666666666664,3,2003,Summer
2003-03-30,25.604166666666668,31.4,20.8,24,0.9,51.333333333333336,3,2003,Summer
2003-03-31,25.379166666666666,32.9,17.4,24,0.0,53.208333333333336,3,2003,Summer
2003-04-01,26.45,33.9,19.3,24,0.0,42.541666666666664,4,2003,Summer
2003-04-02,27.170833333333334,35.1,18.8,24,0.0,35.5,4,2003,Summer
2003-04-03,27.78333333333333,36.5,21.0,24,2.6,33.333333333333336,4,2003,Summer
2003-04-04,26.891666666666666,33.3,22.3,24,1.3,41.833333333333336,4,2003,Summer
2003-04-05,25.59583333333333,33.4,18.1,24,0.0,48.166666666666664,4,2003,Summer
2003-04-06,25.599999999999998,33.4,17.9,24,0.0,36.625,4,2003,Summer
2003-04-07,26.291666666666668,34.7,17.5,24,0.0,32.458333333333336,4,2003,Summer
2003-04-08,27.004166666666666,35.6,17.8,24,0.0,30.125,4,2003,Summer
2003-04-09,28.316666666666666,37.5,17.5,24,0.0,33.041666666666664,4,2003,Summer
2003-04-10,30.599999999999998,39.4,22.2,24,0.0,28.208333333333332,4,2003,Summer
2003-04-11,30.816666666666666,40.4,21.4,24,0.0,27.375,4,2003,Summer
2003-04-12,30.941666666666666,39.9,21.8,24,0.0,23.291666666666668,4,2003,Summer
2003-04-13,32.375,39.6,25.1,24,0.0,23.0,4,2003,Summer
2003-04-14,30.8875,38.9,23.4,24,0.0,22.375,4,2003,Summer
2003-04-15,31.087500000000002,38.2,23.5,24,0.0,23.708333333333332,4,2003,Summer
2003-04-16,30.758333333333336,37.2,24.9,24,0.0,29.541666666666668,4,2003,Summer
2003-04-17,29.808333333333334,37.3,21.0,24,0.0,31.291666666666668,4,2003,Summer
2003-04-18,31.066666666666666,38.6,22.2,24,0.0,26.166666666666668,4,2003,Summer
2003-04-19,29.799999999999997,36.4,24.9,24,0.8,31.125,4,2003,Summer
2003-04-20,28.645833333333332,35.8,21.8,24,0.0,31.708333333333332,4,2003,Summer
2003-04-21,28.837500000000002,36.7,19.4,24,0.0,26.208333333333332,4,2003,Summer
2003-04-22,29.40416666666667,37.4,21.0,24,0.0,23.125,4,2003,Summer
2003-04-23,31.116666666666664,39.6,22.0,24,0.0,24.083333333333332,4,2003,Summer
2003-04-24,32.354166666666664,40.5,22.5,24,0.0,23.25,4,2003,Summer
2003-04-25,32.824999999999996,41.4,23.9,24,0.0,23.416666666666668,4,2003,Summer
2003-04-26,32.49166666666667,40.8,23.8,24,1.1,28.791666666666668,4,2003,Summer
2003-04-27,28.745833333333334,36.7,23.2,24,1.8,42.291666666666664,4,2003,Summer
2003-04-28,28.254166666666666,35.5,22.0,24,0.6,49.0,4,2003,Summer
2003-04-29,29.441666666666666,35.8,21.5,24,0.0,36.208333333333336,4,2003,Summer
2003-04-30,30.579166666666666,37.3,23.7,24,0.0,36.166666666666664,4,2003,Summer
2003-05-01,32.0875,39.4,24.9,24,0.0,35.916666666666664,5,2003,Summer
2003-05-02,33.300000000000004,41.3,26.8,24,0.0,30.833333333333332,5,2003,Summer
2003-05-03,30.837500000000002,37.5,22.3,24,0.0,13.666666666666666,5,2003,Summer
2003-05-04,28.34166666666667,35.6,19.3,24,0.0,13.25,5,2003,Summer
2003-05-05,28.954166666666666,36.8,19.7,24,0.0,19.291666666666668,5,2003,Summer
2003-05-06,29.708333333333332,37.7,20.6,24,0.0,17.833333333333332,5,2003,Summer
2003-05-07,29.9875,38.2,20.1,24,0.0,18.666666666666668,5,2003,Summer
2003-05-08,29.916666666666668,37.7,20.9,24,0.0,17.833333333333332,5,2003,Summer
2003-05-09,30.412499999999998,38.9,20.4,24,0.0,20.041666666666668,5,2003,Summer
2003-05-10,31.508333333333336,40.3,22.1,24,0.0,21.416666666666668,5,2003,Summer
2003-05-11,31.9875,40.4,24.6,24,0.0,27.125,5,2003,Summer
2003-05-12,31.995833333333334,39.3,23.0,24,0.0,30.416666666666668,5,2003,Summer
2003-05-13,32.09583333333333,39.5,25.4,24,1.2,35.958333333333336,5,2003,Summer
2003-05-14,31.650000000000002,37.9,24.7,24,0.0,35.208333333333336,5,2003,Summer
2003-05-15,32.420833333333334,39.7,24.2,24,0.0,28.541666666666668,5,2003,Summer
2003-05-16,32.416666666666664,40.4,23.5,24,0.0,20.458333333333332,5,2003,Summer
2003-05-17,33.4125,41.5,23.7,24,0.0,20.291666666666668,5,2003,Summer
2003-05-18,33.67916666666667,41.9,23.9,24,0.0,22.333333333333332,5,2003,Summer
2003-05-19,34.31666666666667,43.1,24.3,24,0.0,23.25,5,2003,Summer
2003-05-20,34.375,41.9,28.0,24,1.5,27.791666666666668,5,2003,Summer
2003-05-21,35.49166666666667,43.2,27.9,24,0.0,26.666666666666668,5,2003,Summer
2003-05-22,34.025,39.8,28.3,24,3.9,31.0,5,2003,Summer
2003-05-23,31.7,36.5,24.9,24,10.5,43.875,5,2003,Summer
2003-05-24,30.695833333333336,36.2,24.4,24,0.0,56.125,5,2003,Summer
2003-05-25,31.004166666666666,36.9,24.6,24,0.2,49.125,5,2003,Summer
2003-05-26,31.3875,38.2,24.4,24,0.0,41.625,5,2003,Summer
2003-05-27,32.2875,39.3,24.2,24,0.0,33.666666666666664,5,2003,Summer
2003-05-28,33.44166666666667,41.3,26.4,24,0.0,23.583333333333332,5,2003,Summer
2003-05-29,33.329166666666666,41.6,24.2,24,0.0,19.583333333333332,5,2003,Summer
2003-05-30,34.46666666666667,42.2,25.7,24,0.0,18.791666666666668,5,2003,Summer
2003-05-31,35.395833333333336,43.2,27.2,24,0.0,20.583333333333332,5,2003,Summer
2003-06-01,35.7375,42.8,27.4,24,0.0,19.583333333333332,6,2003,Monsoon
2003-06-02,35.99166666666667,43.7,26.4,24,0.0,21.125,6,2003,Monsoon
2003-06-03,37.516666666666666,45.3,28.1,24,0.0,18.666666666666668,6,2003,Monsoon
2003-06-04,38.229166666666664,45.4,31.0,24,1.1,23.0,6,2003,Monsoon
2003-06-05,36.770833333333336,44.5,30.3,24,1.7,27.375,6,2003,Monsoon
2003-06-06,37.2875,43.5,32.1,24,0.3,31.0,6,2003,Monsoon
2003-06-07,36.65833333333333,43.7,28.2,24,0.0,29.333333333333332,6,2003,Monsoon
2003-06-08,35.17916666666667,41.1,29.1,24,0.0,46.416666666666664,6,2003,Monsoon
2003-06-09,35.03333333333333,41.9,28.8,24,0.0,44.666666666666664,6,2003,Monsoon
2003-06-10,36.6625,42.8,31.0,24,0.0,29.791666666666668,6,2003,Monsoon
2003-06-11,35.97083333333333,41.8,29.6,24,0.0,32.708333333333336,6,2003,Monsoon
2003-06-12,36.77916666666667,42.3,31.2,24,0.0,30.416666666666668,6,2003,Monsoon
2003-06-13,36.68333333333333,42.2,30.4,24,0.0,27.666666666666668,6,2003,Monsoon
2003-06-14,35.87083333333333,42.6,27.3,24,0.0,29.833333333333332,6,2003,Monsoon
2003-06-15,35.02916666666667,42.0,27.1,24,0.0,32.75,6,2003,Monsoon
2003-06-16,35.80833333333333,43.2,29.6,24,0.0,39.208333333333336,6,2003,Monsoon
2003-06-17,34.78333333333333,39.4,30.1,24,0.0,48.041666666666664,6,2003,Monsoon
2003-06-18,32.225,36.1,29.6,24,4.5,60.208333333333336,6,2003,Monsoon
2003-06-19,30.03333333333333,33.9,26.3,24,11.0,71.95833333333333,6,2003,Monsoon
2003-06-20,29.433333333333334,31.6,27.2,24,3.1,74.91666666666667,6,2003,Monsoon
2003-06-21,30.883333333333336,34.9,26.4,24,1.0,69.125,6,2003,Monsoon
2003-06-22,32.22083333333333,36.7,27.4,24,0.0,63.916666666666664,6,2003,Monsoon
2003-06-23,30.27916666666667,34.2,26.1,24,9.4,72.5,6,2003,Monsoon
2003-06-24,30.366666666666664,35.3,25.9,24,4.2,74.45833333333333,6,2003,Monsoon
2003-06-25,29.59166666666667,34.3,25.7,24,4.3,73.875,6,2003,Monsoon
2003-06-26,30.59166666666667,35.6,25.9,24,6.1,70.70833333333333,6,2003,Monsoon
2003-06-27,30.6375,36.2,26.7,24,5.3,70.91666666666667,6,2003,Monsoon
2003-06-28,32.63333333333333,37.3,27.6,24,0.1,60.375,6,2003,Monsoon
2003-06-29,33.645833333333336,38.6,30.2,24,0.0,52.125,6,2003,Monsoon
2003-06-30,31.21666666666667,35.6,26.7,24,3.1999999999999997,64.875,6,2003,Monsoon
2003-07-01,31.683333333333334,36.7,27.1,24,1.9000000000000001,64.58333333333333,7,2003,Monsoon
2003-07-02,30.474999999999998,34.5,25.7,24,0.2,70.20833333333333,7,2003,Monsoon
2003-07-03,31.537499999999998,35.7,26.6,24,0.6000000000000001,66.29166666666667,7,2003,Monsoon
2003-07-04,32.737500000000004,38.0,29.0,24,0.2,62.458333333333336,7,2003,Monsoon
2003-07-05,27.804166666666664,30.7,25.0,24,28.0,83.33333333333333,7,2003,Monsoon
2003-07-06,26.679166666666664,29.1,24.6,24,15.2,87.83333333333333,7,2003,Monsoon
2003-07-07,28.34583333333333,32.0,24.9,24,16.3,83.875,7,2003,Monsoon
2003-07-08,28.5,32.6,25.5,24,11.6,82.625,7,2003,Monsoon
2003-07-09,27.75,32.0,25.8,24,30.0,86.45833333333333,7,2003,Monsoon
2003-07-10,25.958333333333332,28.9,24.7,24,27.7,92.875,7,2003,Monsoon
2003-07-11,24.71666666666667,27.4,22.9,24,25.7,93.79166666666667,7,2003,Monsoon
2003-07-12,26.191666666666666,29.2,23.6,24,0.6000000000000001,85.54166666666667,7,2003,Monsoon
2003-07-13,27.025000000000002,30.0,24.9,24,6.7,85.5,7,2003,Monsoon
2003-07-14,27.71666666666667,31.1,25.3,24,1.4,84.0,7,2003,Monsoon
2003-07-15,27.791666666666668,30.9,26.2,24,3.9000000000000004,82.41666666666667,7,2003,Monsoon
2003-07-16,27.333333333333332,31.4,25.1,24,17.3,85.875,7,2003,Monsoon
2003-07-17,28.8625,32.3,26.6,24,2.5,80.08333333333333,7,2003,Monsoon
2003-07-18,27.679166666666664,30.5,25.5,24,8.1,87.45833333333333,7,2003,Monsoon
2003-07-19,28.666666666666668,32.4,25.5,24,6.4,83.16666666666667,7,2003,Monsoon
2003-07-20,28.379166666666666,32.7,26.1,24,20.8,86.54166666666667,7,2003,Monsoon
2003-07-21,26.150000000000002,27.7,25.0,24,15.8,91.45833333333333,7,2003,Monsoon
2003-07-22,27.650000000000002,32.0,25.0,24,11.1,86.79166666666667,7,2003,Monsoon
2003-07-23,28.212500000000002,31.7,25.4,24,5.6,84.83333333333333,7,2003,Monsoon
2003-07-24,29.462500000000002,32.8,26.1,24,1.3,81.25,7,2003,Monsoon
2003-07-25,30.775000000000002,34.4,27.2,24,1.1,76.375,7,2003,Monsoon
2003-07-26,29.204166666666666,32.2,26.3,24,7.5,83.58333333333333,7,2003,Monsoon
2003-07-27,29.441666666666666,31.6,26.9,24,1.5,80.45833333333333,7,2003,Monsoon
2003-07-28,28.59166666666667,31.1,27.0,24,3.6,77.91666666666667,7,2003,Monsoon
2003-07-29,27.991666666666664,29.9,26.6,24,0.4,77.25,7,2003,Monsoon
2003-07-30,27.037499999999998,28.4,25.9,24,0.9,80.54166666666667,7,2003,Monsoon
2003-07-31,28.275000000000002,30.4,26.7,24,0.0,74.875,7,2003,Monsoon
2003-08-01,26.5,28.1,25.4,24,21.9,89.375,8,2003,Monsoon
2003-08-02,26.566666666666666,29.0,24.8,24,25.6,88.08333333333333,8,2003,Monsoon
2003-08-03,26.366666666666664,28.9,25.2,24,15.0,90.91666666666667,8,2003,Monsoon
2003-08-04,26.641666666666666,29.7,24.9,24,5.2,89.16666666666667,8,2003,Monsoon
2003-08-05,28.47083333333333,32.6,25.0,24,0.30000000000000004,84.33333333333333,8,2003,Monsoon
2003-08-06,28.575,31.4,25.2,24,15.9,85.25,8,2003,Monsoon
2003-08-07,29.40833333333333,34.0,25.6,24,9.5,83.04166666666667,8,2003,Monsoon
2003-08-08,28.724999999999998,32.8,25.2,24,7.2,82.875,8,2003,Monsoon
2003-08-09,28.733333333333334,33.4,25.2,24,9.799999999999999,83.83333333333333,8,2003,Monsoon
2003-08-10,27.516666666666666,31.2,25.5,24,10.8,88.20833333333333,8,2003,Monsoon
2003-08-11,27.587500000000002,32.3,24.7,24,20.2,86.375,8,2003,Monsoon
2003-08-12,28.15833333333333,32.4,25.1,24,3.3000000000000003,83.29166666666667,8,2003,Monsoon
2003-08-13,29.066666666666666,33.0,26.1,24,1.9000000000000001,82.20833333333333,8,2003,Monsoon
2003-08-14,27.71666666666667,29.7,26.0,24,6.2,85.95833333333333,8,2003,Monsoon
2003-08-15,26.704166666666666,28.5,25.5,24,17.4,87.625,8,2003,Monsoon
2003-08-16,26.933333333333334,30.8,24.8,24,13.2,89.25,8,2003,Monsoon
2003-08-17,28.59166666666667,31.8,25.6,24,0.6000000000000001,86.58333333333333,8,2003,Monsoon
2003-08-18,29.625,33.6,26.9,24,0.6000000000000001,74.33333333333333,8,2003,Monsoon
2003-08-19,28.245833333333334,31.0,25.4,24,0.6000000000000001,73.5,8,2003,Monsoon
2003-08-20,28.308333333333334,32.0,25.3,24,0.2,78.45833333333333,8,2003,Monsoon
2003-08-21,28.55,32.9,24.4,24,0.7,80.16666666666667,8,2003,Monsoon
2003-08-22,29.020833333333332,32.4,25.7,24,0.6000000000000001,81.95833333333333,8,2003,Monsoon
2003-08-23,29.133333333333336,33.2,26.5,24,3.2,80.95833333333333,8,2003,Monsoon
2003-08-24,28.691666666666666,31.6,26.6,24,0.6,79.625,8,2003,Monsoon
2003-08-25,27.958333333333332,31.3,26.0,24,4.6000000000000005,83.29166666666667,8,2003,Monsoon
2003-08-26,27.804166666666664,31.0,25.3,24,1.4,82.58333333333333,8,2003,Monsoon
2003-08-27,27.8125,31.3,25.1,24,3.0,83.16666666666667,8,2003,Monsoon
2003-08-28,28.254166666666666,31.8,25.2,24,2.2,82.70833333333333,8,2003,Monsoon
2003-08-29,27.712500000000002,30.6,25.6,24,6.8,86.91666666666667,8,2003,Monsoon
2003-08-30,27.59166666666667,30.8,25.1,24,5.9,86.0,8,2003,Monsoon
2003-08-31,27.491666666666664,30.5,25.4,24,1.6,87.54166666666667,8,2003,Monsoon
2003-09-01,27.629166666666666,31.4,25.2,24,6.1000000000000005,85.875,9,2003,Monsoon
2003-09-02,27.8125,31.4,25.6,24,3.2,84.16666666666667,9,2003,Monsoon
2003-09-03,27.691666666666666,31.4,25.5,24,2.5,85.04166666666667,9,2003,Monsoon
2003-09-04,27.162499999999998,30.6,25.1,24,8.2,86.20833333333333,9,2003,Monsoon
2003-09-05,26.09166666666667,29.4,23.8,24,10.1,87.33333333333333,9,2003,Monsoon
2003-09-06,25.8125,29.7,24.1,24,22.2,89.625,9,2003,Monsoon
2003-09-07,26.27916666666667,29.7,24.4,24,22.1,87.875,9,2003,Monsoon
2003-09-08,26.974999999999998,30.7,23.8,24,0.9,84.16666666666667,9,2003,Monsoon
2003-09-09,27.3875,31.2,24.5,24,0.0,82.75,9,2003,Monsoon
2003-09-10,26.183333333333334,28.3,24.8,24,6.8,89.70833333333333,9,2003,Monsoon
2003-09-11,24.775000000000002,25.9,23.8,24,51.6,92.20833333333333,9,2003,Monsoon
2003-09-12,25.087500000000002,27.5,23.6,24,4.0,83.75,9,2003,Monsoon
2003-09-13,26.683333333333334,31.1,22.6,24,0.0,79.0,9,2003,Monsoon
2003-09-14,27.066666666666666,31.5,24.4,24,7.1,87.41666666666667,9,2003,Monsoon
2003-09-15,26.09166666666667,30.0,24.5,24,16.8,90.70833333333333,9,2003,Monsoon
2003-09-16,26.21666666666667,29.4,24.1,24,4.0,88.16666666666667,9,2003,Monsoon
2003-09-17,26.025000000000002,29.8,23.6,24,9.2,86.875,9,2003,Monsoon
2003-09-18,26.09166666666667,30.8,22.9,24,5.0,88.625,9,2003,Monsoon
2003-09-19,27.254166666666666,31.9,23.1,24,0.0,83.41666666666667,9,2003,Monsoon
2003-09-20,28.695833333333336,32.9,24.3,24,0.0,78.29166666666667,9,2003,Monsoon
2003-09-21,28.72083333333333,32.5,24.4,24,0.30000000000000004,78.45833333333333,9,2003,Monsoon
2003-09-22,28.3,32.2,25.5,24,1.9000000000000001,82.91666666666667,9,2003,Monsoon
2003-09-23,26.979166666666668,29.9,24.7,24,0.7,86.20833333333333,9,2003,Monsoon
2003-09-24,26.3125,30.2,23.6,24,0.2,82.91666666666667,9,2003,Monsoon
2003-09-25,24.866666666666664,28.3,21.9,24,0.1,83.125,9,2003,Monsoon
2003-09-26,24.65833333333333,29.4,20.0,24,0.0,81.58333333333333,9,2003,Monsoon
2003-09-27,26.183333333333334,30.9,21.6,24,0.0,78.20833333333333,9,2003,Monsoon
2003-09-28,26.558333333333334,31.0,22.5,24,0.0,77.25,9,2003,Monsoon
2003-09-29,25.97083333333333,30.6,21.4,24,0.0,76.25,9,2003,Monsoon
2003-09-30,25.662499999999998,31.1,20.7,24,0.0,71.20833333333333,9,2003,Monsoon
2003-10-01,25.179166666666664,31.4,20.0,24,0.0,61.041666666666664,10,2003,Post-monsoon
2003-10-02,24.02916666666667,31.1,17.3,24,0.0,58.458333333333336,10,2003,Post-monsoon
2003-10-03,23.829166666666666,30.7,17.3,24,0.0,67.16666666666667,10,2003,Post-monsoon
2003-10-04,24.445833333333336,31.0,16.9,24,0.0,67.375,10,2003,Post-monsoon
2003-10-05,24.945833333333336,30.9,18.0,24,0.0,63.75,10,2003,Post-monsoon
2003-10-06,24.120833333333334,30.6,18.0,24,0.0,73.25,10,2003,Post-monsoon
2003-10-07,24.641666666666666,31.0,18.2,24,0.0,71.5,10,2003,Post-monsoon
2003-10-08,25.412499999999998,31.4,19.5,24,0.0,71.625,10,2003,Post-monsoon
2003-10-09,26.120833333333334,32.8,20.0,24,0.0,68.20833333333333,10,2003,Post-monsoon
2003-10-10,25.495833333333334,32.2,19.4,24,0.0,67.91666666666667,10,2003,Post-monsoon
2003-10-11,25.241666666666664,31.9,19.2,24,0.0,61.291666666666664,10,2003,Post-monsoon
2003-10-12,23.733333333333334,31.5,17.3,24,0.0,51.208333333333336,10,2003,Post-monsoon
2003-10-13,23.287499999999998,31.3,16.1,24,0.0,43.333333333333336,10,2003,Post-monsoon
2003-10-14,24.025000000000002,32.1,17.7,24,0.0,47.166666666666664,10,2003,Post-monsoon
2003-10-15,24.245833333333334,31.5,16.7,24,0.0,53.791666666666664,10,2003,Post-monsoon
2003-10-16,24.05,31.1,18.0,24,0.0,58.041666666666664,10,2003,Post-monsoon
2003-10-17,23.724999999999998,29.9,17.9,24,0.0,63.916666666666664,10,2003,Post-monsoon
2003-10-18,24.0625,30.9,16.4,24,0.0,60.75,10,2003,Post-monsoon
2003-10-19,23.662499999999998,31.0,15.9,24,0.0,57.708333333333336,10,2003,Post-monsoon
2003-10-20,23.525000000000002,31.4,15.8,24,0.0,54.916666666666664,10,2003,Post-monsoon
2003-10-21,23.445833333333336,30.9,15.3,24,0.0,53.5,10,2003,Post-monsoon
2003-10-22,23.241666666666664,30.7,16.0,24,0.0,58.041666666666664,10,2003,Post-monsoon
2003-10-23,22.833333333333332,29.8,15.3,24,0.0,59.791666666666664,10,2003,Post-monsoon
2003-10-24,22.84166666666667,29.3,16.5,24,0.0,64.625,10,2003,Post-monsoon
2003-10-25,23.070833333333336,28.9,18.4,24,0.0,63.041666666666664,10,2003,Post-monsoon
2003-10-26,22.604166666666668,28.8,16.3,24,0.0,64.66666666666667,10,2003,Post-monsoon
2003-10-27,22.879166666666666,29.3,15.5,24,0.0,64.375,10,2003,Post-monsoon
2003-10-28,23.52916666666667,29.2,18.3,24,0.0,64.875,10,2003,Post-monsoon
2003-10-29,23.483333333333334,29.4,16.7,24,0.0,64.91666666666667,10,2003,Post-monsoon
2003-10-30,22.866666666666664,29.4,16.7,24,0.0,63.291666666666664,10,2003,Post-monsoon
2003-10-31,22.745833333333334,28.8,16.2,24,0.0,60.791666666666664,10,2003,Post-monsoon
2003-11-01,22.59166666666667,29.1,15.8,24,0.0,61.583333333333336,11,2003,Post-monsoon
2003-11-02,22.166666666666668,29.8,14.8,24,0.0,59.333333333333336,11,2003,Post-monsoon
2003-11-03,21.854166666666668,29.4,14.5,24,0.0,58.75,11,2003,Post-monsoon
2003-11-04,21.958333333333332,29.8,14.5,24,0.0,58.958333333333336,11,2003,Post-monsoon
2003-11-05,23.162499999999998,30.2,15.8,24,0.0,60.625,11,2003,Post-monsoon
2003-11-06,23.21666666666667,30.7,16.8,24,0.0,64.0,11,2003,Post-monsoon
2003-11-07,23.354166666666668,30.2,16.1,24,0.0,60.041666666666664,11,2003,Post-monsoon
2003-11-08,22.616666666666664,30.2,16.0,24,0.0,56.041666666666664,11,2003,Post-monsoon
2003-11-09,22.71666666666667,30.2,16.2,24,0.0,49.125,11,2003,Post-monsoon
2003-11-10,20.754166666666666,27.4,15.3,24,0.0,44.041666666666664,11,2003,Post-monsoon
2003-11-11,20.179166666666667,26.8,13.1,24,0.0,47.916666666666664,11,2003,Post-monsoon
2003-11-12,19.983333333333334,25.7,14.3,24,0.0,56.625,11,2003,Post-monsoon
2003-11-13,19.383333333333333,25.2,13.7,24,0.0,64.0,11,2003,Post-monsoon
2003-11-14,18.408333333333335,23.8,13.8,24,0.0,66.41666666666667,11,2003,Post-monsoon
2003-11-15,18.841666666666665,25.5,12.9,24,0.0,68.83333333333333,11,2003,Post-monsoon
2003-11-16,20.6125,26.2,15.8,24,0.0,66.91666666666667,11,2003,Post-monsoon
2003-11-17,20.358333333333334,25.4,16.6,24,0.0,62.25,11,2003,Post-monsoon
2003-11-18,20.150000000000002,25.5,15.5,24,0.0,63.0,11,2003,Post-monsoon
2003-11-19,17.8875,24.0,12.5,24,0.0,61.333333333333336,11,2003,Post-monsoon
2003-11-20,16.45,23.1,10.5,24,0.0,52.708333333333336,11,2003,Post-monsoon
2003-11-21,16.70416666666667,23.9,10.8,24,0.0,53.875,11,2003,Post-monsoon
2003-11-22,15.862499999999999,23.6,8.8,24,0.0,57.0,11,2003,Post-monsoon
2003-11-23,15.295833333333334,23.3,8.3,24,0.0,58.791666666666664,11,2003,Post-monsoon
2003-11-24,15.4375,22.7,9.0,24,0.0,61.625,11,2003,Post-monsoon
2003-11-25,16.708333333333332,24.8,10.4,24,0.0,48.666666666666664,11,2003,Post-monsoon
2003-11-26,16.037499999999998,23.4,8.7,24,0.0,43.916666666666664,11,2003,Post-monsoon
2003-11-27,15.091666666666667,22.5,8.8,24,0.0,55.958333333333336,11,2003,Post-monsoon
2003-11-28,14.104166666666666,22.0,7.0,24,0.0,63.625,11,2003,Post-monsoon
2003-11-29,14.104166666666666,21.6,6.9,24,0.0,65.41666666666667,11,2003,Post-monsoon
2003-11-30,13.933333333333332,21.9,6.6,24,0.0,63.166666666666664,11,2003,Post-monsoon
2003-12-01,14.420833333333334,22.4,6.6,24,0.0,59.416666666666664,12,2003,Winter
2003-12-02,15.283333333333333,23.0,7.9,24,0.0,57.458333333333336,12,2003,Winter
2003-12-03,15.404166666666667,23.6,7.9,24,0.0,61.458333333333336,12,2003,Winter
2003-12-04,15.933333333333332,23.7,8.4,24,0.0,64.79166666666667,12,2003,Winter
2003-12-05,16.912499999999998,25.1,9.4,24,0.0,62.458333333333336,12,2003,Winter
2003-12-06,17.654166666666665,25.1,11.7,24,0.0,54.0,12,2003,Winter
2003-12-07,18.2375,25.2,12.6,24,0.0,55.875,12,2003,Winter
2003-12-08,17.591666666666665,24.6,11.8,24,0.0,69.08333333333333,12,2003,Winter
2003-12-09,19.220833333333335,24.7,15.7,24,0.0,64.08333333333333,12,2003,Winter
2003-12-10,18.775000000000002,24.6,13.6,24,0.0,67.875,12,2003,Winter
2003-12-11,18.425,24.4,12.3,24,0.0,73.33333333333333,12,2003,Winter
2003-12-12,18.9375,23.9,14.1,24,0.3,70.875,12,2003,Winter
2003-12-13,19.433333333333334,24.0,16.3,24,0.0,66.04166666666667,12,2003,Winter
2003-12-14,19.454166666666666,25.7,13.6,24,0.0,69.41666666666667,12,2003,Winter
2003-12-15,18.908333333333335,24.8,14.6,24,6.199999999999999,77.0,12,2003,Winter
2003-12-16,15.916666666666666,19.7,13.6,24,10.5,86.33333333333333,12,2003,Winter
2003-12-17,14.933333333333332,19.8,10.7,24,0.0,76.0,12,2003,Winter
2003-12-18,13.975,18.2,9.9,24,0.0,68.91666666666667,12,2003,Winter
2003-12-19,13.145833333333334,18.9,8.1,24,0.0,74.75,12,2003,Winter
2003-12-20,13.629166666666668,20.2,7.7,24,0.0,79.04166666666667,12,2003,Winter
2003-12-21,13.424999999999999,20.0,7.5,24,0.0,76.91666666666667,12,2003,Winter
2003-12-22,12.841666666666667,18.9,6.7,24,0.0,78.04166666666667,12,2003,Winter
2003-12-23,12.070833333333333,17.0,6.2,24,0.0,80.83333333333333,12,2003,Winter
2003-12-24,11.695833333333333,17.8,6.1,24,0.0,79.33333333333333,12,2003,Winter
2003-12-25,11.679166666666667,17.7,5.9,24,0.0,77.625,12,2003,Winter
2003-12-26,11.708333333333334,16.7,7.6,24,0.0,77.41666666666667,12,2003,Winter
2003-12-27,10.441666666666666,15.6,5.1,24,0.0,80.375,12,2003,Winter
2003-12-28,10.666666666666666,16.9,5.7,24,0.0,78.08333333333333,12,2003,Winter
2003-12-29,11.191666666666668,18.0,5.6,24,0.0,74.29166666666667,12,2003,Winter
2003-12-30,11.762500000000001,17.9,5.6,24,0.0,71.58333333333333,12,2003,Winter
2003-12-31,11.733333333333334,17.7,4.7,24,0.0,75.54166666666667,12,2003,Winter
2004-01-01,11.095833333333333,17.6,5.0,24,0.0,85.04166666666667,1,2004,Winter
2004-01-02,11.145833333333334,17.7,5.1,24,0.0,81.95833333333333,1,2004,Winter
2004-01-03,10.854166666666666,16.7,6.0,24,0.0,80.04166666666667,1,2004,Winter
2004-01-04,9.325000000000001,15.6,3.7,24,0.0,79.91666666666667,1,2004,Winter
2004-01-05,9.604166666666666,15.3,5.2,24,0.0,84.79166666666667,1,2004,Winter
2004-01-06,9.5875,16.1,3.8,24,0.0,86.70833333333333,1,2004,Winter
2004-01-07,12.033333333333333,19.8,6.2,24,0.0,75.45833333333333,1,2004,Winter
2004-01-08,12.091666666666667,19.2,5.7,24,0.0,68.79166666666667,1,2004,Winter
2004-01-09,13.745833333333332,20.9,8.3,24,0.0,64.875,1,2004,Winter
2004-01-10,13.85,20.5,6.9,24,0.0,68.83333333333333,1,2004,Winter
2004-01-11,14.450000000000001,21.3,8.1,24,0.0,76.125,1,2004,Winter
2004-01-12,14.620833333333332,21.5,7.8,24,0.0,77.0,1,2004,Winter
2004-01-13,15.775,22.5,9.8,24,0.0,79.91666666666667,1,2004,Winter
2004-01-14,14.358333333333334,21.4,8.9,24,0.0,82.66666666666667,1,2004,Winter
2004-01-15,15.479166666666666,22.4,8.3,24,0.0,77.375,1,2004,Winter
2004-01-16,15.766666666666666,21.6,10.3,24,0.0,84.16666666666667,1,2004,Winter
2004-01-17,17.116666666666667,23.1,12.0,24,0.8,79.83333333333333,1,2004,Winter
2004-01-18,15.5625,20.1,11.5,24,1.7,79.95833333333333,1,2004,Winter
2004-01-19,12.954166666666666,18.2,8.3,24,0.0,82.66666666666667,1,2004,Winter
2004-01-20,12.616666666666667,17.9,6.8,24,0.0,82.41666666666667,1,2004,Winter
2004-01-21,13.825000000000001,18.0,11.9,24,6.7,76.5,1,2004,Winter
2004-01-22,13.8375,19.3,8.5,24,9.2,82.79166666666667,1,2004,Winter
2004-01-23,14.424999999999999,18.2,10.5,24,6.9,87.58333333333333,1,2004,Winter
2004-01-24,12.066666666666668,17.4,8.0,24,0.0,81.95833333333333,1,2004,Winter
2004-01-25,11.395833333333334,16.5,7.4,24,0.0,77.04166666666667,1,2004,Winter
2004-01-26,11.070833333333333,17.2,5.3,24,0.0,74.95833333333333,1,2004,Winter
2004-01-27,11.541666666666666,18.2,5.7,24,0.0,75.70833333333333,1,2004,Winter
2004-01-28,11.804166666666667,18.1,5.3,24,0.0,77.66666666666667,1,2004,Winter
2004-01-29,12.391666666666666,18.7,5.9,24,0.0,77.41666666666667,1,2004,Winter
2004-01-30,12.858333333333334,17.2,8.7,24,7.7,82.875,1,2004,Winter
2004-01-31,12.450000000000001,16.7,8.5,24,3.1,82.875,1,2004,Winter
2004-02-01,10.991666666666667,16.5,6.4,24,0.0,81.875,2,2004,Winter
2004-02-02,11.2875,17.6,6.3,24,0.0,71.45833333333333,2,2004,Winter
2004-02-03,11.304166666666667,18.1,5.7,24,0.0,65.70833333333333,2,2004,Winter
2004-02-04,12.241666666666667,19.1,6.0,24,0.0,67.91666666666667,2,2004,Winter
2004-02-05,13.2875,20.1,7.4,24,0.0,71.95833333333333,2,2004,Winter
2004-02-06,12.908333333333333,19.7,6.9,24,0.0,68.45833333333333,2,2004,Winter
2004-02-07,13.941666666666668,20.9,7.9,24,0.0,62.375,2,2004,Winter
2004-02-08,14.3375,21.2,8.3,24,0.0,68.33333333333333,2,2004,Winter
2004-02-09,15.5,22.7,9.2,24,0.0,68.41666666666667,2,2004,Winter
2004-02-10,16.683333333333334,22.5,11.1,24,0.0,73.125,2,2004,Winter
2004-02-11,16.808333333333334,22.3,11.7,24,0.0,75.20833333333333,2,2004,Winter
2004-02-12,16.704166666666666,24.0,10.6,24,0.0,74.04166666666667,2,2004,Winter
2004-02-13,16.179166666666667,23.8,8.7,24,0.0,71.0,2,2004,Winter
2004-02-14,15.8125,23.4,8.7,24,0.0,67.70833333333333,2,2004,Winter
2004-02-15,16.466666666666665,23.9,10.2,24,0.0,63.833333333333336,2,2004,Winter
2004-02-16,17.020833333333332,25.2,8.8,24,0.0,67.91666666666667,2,2004,Winter
2004-02-17,18.333333333333332,25.6,10.7,24,0.0,67.79166666666667,2,2004,Winter
2004-02-18,19.895833333333332,26.0,14.4,24,0.0,63.833333333333336,2,2004,Winter
2004-02-19,19.4375,26.3,13.5,24,0.0,71.41666666666667,2,2004,Winter
2004-02-20,18.8125,26.3,12.7,24,0.0,61.0,2,2004,Winter
2004-02-21,18.916666666666668,27.9,11.1,24,0.0,54.791666666666664,2,2004,Winter
2004-02-22,20.020833333333332,28.3,12.5,24,0.0,56.833333333333336,2,2004,Winter
2004-02-23,19.675,27.0,13.7,24,0.0,49.75,2,2004,Winter
2004-02-24,19.483333333333334,28.6,10.4,24,0.0,52.041666666666664,2,2004,Winter
2004-02-25,20.270833333333332,28.8,12.5,24,0.0,55.458333333333336,2,2004,Winter
2004-02-26,21.575,30.5,13.8,24,0.0,56.458333333333336,2,2004,Winter
2004-02-27,22.733333333333334,31.4,14.5,24,0.0,55.583333333333336,2,2004,Winter
2004-02-28,23.075,31.3,14.6,24,0.0,57.166666666666664,2,2004,Winter
2004-02-29,22.333333333333332,29.6,14.8,24,0.0,46.75,2,2004,Winter
2004-03-01,21.662499999999998,29.0,15.7,24,0.0,35.791666666666664,3,2004,Summer
2004-03-02,20.641666666666666,28.6,13.5,24,0.0,37.791666666666664,3,2004,Summer
2004-03-03,21.1375,29.3,14.4,24,0.0,34.541666666666664,3,2004,Summer
2004-03-04,21.129166666666666,29.9,12.6,24,0.0,39.291666666666664,3,2004,Summer
2004-03-05,21.47083333333333,30.4,11.8,24,0.0,45.708333333333336,3,2004,Summer
2004-03-06,22.150000000000002,30.2,13.7,24,0.0,44.083333333333336,3,2004,Summer
2004-03-07,22.441666666666666,31.5,14.7,24,0.0,38.333333333333336,3,2004,Summer
2004-03-08,21.858333333333334,29.8,13.8,24,0.0,58.083333333333336,3,2004,Summer
2004-03-09,22.6875,29.4,16.3,24,0.0,52.625,3,2004,Summer
2004-03-10,23.0125,29.9,15.5,24,0.0,59.25,3,2004,Summer
2004-03-11,24.175,30.8,17.9,24,0.0,56.125,3,2004,Summer
2004-03-12,24.766666666666666,32.2,17.0,24,0.0,54.208333333333336,3,2004,Summer
2004-03-13,25.125,33.2,17.1,24,0.0,52.666666666666664,3,2004,Summer
2004-03-14,25.474999999999998,33.5,16.9,24,0.0,50.791666666666664,3,2004,Summer
2004-03-15,26.329166666666666,34.5,18.3,24,0.0,50.208333333333336,3,2004,Summer
2004-03-16,27.958333333333332,36.4,20.1,24,0.0,49.083333333333336,3,2004,Summer
2004-03-17,28.241666666666664,36.6,21.0,24,0.0,45.375,3,2004,Summer
2004-03-18,26.97083333333333,36.2,17.3,24,0.0,47.625,3,2004,Summer
2004-03-19,28.6875,36.3,21.6,24,0.0,39.25,3,2004,Summer
2004-03-20,27.691666666666666,35.4,21.0,24,0.0,30.666666666666668,3,2004,Summer
2004-03-21,28.291666666666668,37.1,19.2,24,0.0,35.708333333333336,3,2004,Summer
2004-03-22,29.02916666666667,38.6,19.8,24,0.0,42.333333333333336,3,2004,Summer
2004-03-23,28.433333333333334,36.0,21.1,24,0.0,35.0,3,2004,Summer
2004-03-24,26.791666666666668,34.9,18.8,24,0.0,30.75,3,2004,Summer
2004-03-25,24.816666666666666,33.9,15.8,24,0.0,30.5,3,2004,Summer
2004-03-26,26.191666666666666,34.0,17.7,24,0.0,25.916666666666668,3,2004,Summer
2004-03-27,26.474999999999998,34.4,18.7,24,0.0,24.875,3,2004,Summer
2004-03-28,25.662499999999998,33.7,16.9,24,0.0,29.75,3,2004,Summer
2004-03-29,26.866666666666664,35.3,18.3,24,0.0,28.083333333333332,3,2004,Summer
2004-03-30,26.933333333333334,36.0,16.9,24,0.0,29.708333333333332,3,2004,Summer
2004-03-31,27.616666666666664,36.7,16.8,24,0.0,29.375,3,2004,Summer
2004-04-01,28.233333333333334,35.9,21.5,24,0.0,29.0,4,2004,Summer
2004-04-02,28.287499999999998,37.2,18.8,24,0.0,32.666666666666664,4,2004,Summer
2004-04-03,28.625,37.3,19.0,24,0.0,32.041666666666664,4,2004,Summer
2004-04-04,29.329166666666666,37.8,20.2,24,0.0,29.25,4,2004,Summer
2004-04-05,29.670833333333334,37.3,21.6,24,0.3,28.125,4,2004,Summer
2004-04-06,29.75833333333333,37.3,22.0,24,0.0,31.291666666666668,4,2004,Summer
2004-04-07,29.829166666666666,38.4,21.4,24,0.0,29.541666666666668,4,2004,Summer
2004-04-08,30.0,37.1,22.8,24,0.2,31.416666666666668,4,2004,Summer
2004-04-09,30.608333333333334,39.5,21.6,24,0.0,31.916666666666668,4,2004,Summer
2004-04-10,30.974999999999998,39.2,22.0,24,0.0,32.958333333333336,4,2004,Summer
2004-04-11,31.070833333333336,39.5,22.0,24,0.0,27.333333333333332,4,2004,Summer
2004-04-12,31.05,39.7,21.9,24,0.0,25.333333333333332,4,2004,Summer
2004-04-13,31.766666666666666,40.3,23.4,24,0.0,17.916666666666668,4,2004,Summer
2004-04-14,32.375,40.4,24.0,24,0.0,21.083333333333332,4,2004,Summer
2004-04-15,32.3125,41.0,23.7,24,0.0,21.208333333333332,4,2004,Summer
2004-04-16,32.37916666666667,41.0,23.2,24,0.0,22.708333333333332,4,2004,Summer
2004-04-17,32.22083333333333,39.5,26.2,24,0.0,21.0,4,2004,Summer
2004-04-18,32.104166666666664,39.1,24.8,24,0.0,22.791666666666668,4,2004,Summer
2004-04-19,32.25416666666667,40.0,23.5,24,0.0,21.791666666666668,4,2004,Summer
2004-04-20,31.770833333333332,39.3,23.9,24,0.0,30.125,4,2004,Summer
2004-04-21,31.525000000000002,39.7,24.3,24,0.4,35.583333333333336,4,2004,Summer
2004-04-22,29.120833333333334,36.9,22.9,24,3.8,46.041666666666664,4,2004,Summer
2004-04-23,26.46666666666667,33.4,20.2,24,2.9999999999999996,57.041666666666664,4,2004,Summer
2004-04-24,26.458333333333332,32.7,20.5,24,0.8,55.5,4,2004,Summer
2004-04-25,27.370833333333334,33.3,20.6,24,0.0,50.75,4,2004,Summer
2004-04-26,28.495833333333334,34.6,21.6,24,0.0,45.0,4,2004,Summer
2004-04-27,30.337500000000002,36.6,23.8,24,0.0,41.375,4,2004,Summer
2004-04-28,31.09583333333333,37.5,24.7,24,1.1,38.375,4,2004,Summer
2004-04-29,29.304166666666664,36.1,24.1,24,2.2,47.0,4,2004,Summer
2004-04-30,24.983333333333334,32.1,21.0,24,40.2,70.29166666666667,4,2004,Summer
2004-05-01,23.858333333333334,30.4,17.5,24,0.0,67.375,5,2004,Summer
2004-05-02,25.375,32.2,18.4,24,0.0,55.041666666666664,5,2004,Summer
2004-05-03,25.212500000000002,32.4,17.4,24,0.0,47.208333333333336,5,2004,Summer
2004-05-04,27.145833333333332,35.0,18.9,24,0.0,46.833333333333336,5,2004,Summer
2004-05-05,28.445833333333336,36.0,20.0,24,0.0,42.916666666666664,5,2004,Summer
2004-05-06,28.991666666666664,37.0,19.9,24,0.0,38.375,5,2004,Summer
2004-05-07,30.212500000000002,38.8,20.8,24,0.0,42.25,5,2004,Summer
2004-05-08,32.145833333333336,39.9,24.0,24,0.0,38.25,5,2004,Summer
2004-05-09,33.17916666666667,40.8,24.4,24,0.0,36.708333333333336,5,2004,Summer
2004-05-10,33.270833333333336,40.8,25.9,24,0.0,25.875,5,2004,Summer
2004-05-11,33.824999999999996,42.2,24.6,24,0.0,23.625,5,2004,Summer
2004-05-12,34.983333333333334,40.1,30.4,24,0.0,28.75,5,2004,Summer
2004-05-13,34.44583333333333,40.3,29.1,24,0.0,37.958333333333336,5,2004,Summer
2004-05-14,35.44583333333333,42.0,30.0,24,0.0,29.958333333333332,5,2004,Summer
2004-05-15,35.97083333333333,42.2,30.6,24,0.0,29.541666666666668,5,2004,Summer
2004-05-16,36.729166666666664,42.6,31.0,24,0.0,31.125,5,2004,Summer
2004-05-17,37.37083333333333,44.1,31.1,24,0.0,24.25,5,2004,Summer
2004-05-18,36.2125,43.2,27.9,24,0.0,18.5,5,2004,Summer
2004-05-19,36.82083333333333,44.5,28.8,24,0.0,19.541666666666668,5,2004,Summer
2004-05-20,37.65416666666666,43.6,32.8,24,0.0,26.25,5,2004,Summer
2004-05-21,37.641666666666666,43.8,32.5,24,0.0,26.541666666666668,5,2004,Summer
2004-05-22,36.97083333333333,43.5,31.4,24,0.0,29.375,5,2004,Summer
2004-05-23,33.15833333333333,40.3,27.0,24,0.7,45.375,5,2004,Summer
2004-05-24,33.0,38.1,28.8,24,0.0,44.666666666666664,5,2004,Summer
2004-05-25,32.375,39.8,27.7,24,0.7,48.5,5,2004,Summer
2004-05-26,32.675000000000004,38.0,26.0,24,0.0,44.291666666666664,5,2004,Summer
2004-05-27,30.329166666666666,37.4,26.9,24,10.6,56.625,5,2004,Summer
2004-05-28,29.912499999999998,36.3,22.6,24,0.2,58.416666666666664,5,2004,Summer
2004-05-29,32.166666666666664,38.4,25.6,24,0.0,45.125,5,2004,Summer
2004-05-30,33.025,40.6,24.7,24,0.0,40.375,5,2004,Summer
2004-05-31,34.170833333333334,41.2,27.0,24,0.0,39.916666666666664,5,2004,Summer
2004-06-01,34.375,42.2,26.4,24,0.0,32.708333333333336,6,2004,Monsoon
2004-06-02,33.88333333333333,40.7,26.3,24,0.0,42.583333333333336,6,2004,Monsoon
2004-06-03,34.858333333333334,41.5,28.3,24,0.0,37.375,6,2004,Monsoon
2004-06-04,35.333333333333336,41.9,29.6,24,0.0,33.291666666666664,6,2004,Monsoon
2004-06-05,32.96666666666667,38.6,28.1,24,0.8999999999999999,47.333333333333336,6,2004,Monsoon
2004-06-06,33.00416666666667,38.6,27.8,24,0.0,48.875,6,2004,Monsoon
2004-06-07,31.1875,34.9,27.9,24,1.2,56.708333333333336,6,2004,Monsoon
2004-06-08,30.170833333333334,34.2,27.2,24,5.6,64.45833333333333,6,2004,Monsoon
2004-06-09,29.650000000000002,35.0,25.5,24,0.1,64.625,6,2004,Monsoon
2004-06-10,30.329166666666666,34.7,25.5,24,0.0,61.291666666666664,6,2004,Monsoon
2004-06-11,31.5,36.0,26.4,24,0.0,54.166666666666664,6,2004,Monsoon
2004-06-12,32.3125,36.8,27.2,24,0.1,53.25,6,2004,Monsoon
2004-06-13,32.74583333333333,37.3,28.0,24,0.2,51.208333333333336,6,2004,Monsoon
2004-06-14,32.52916666666667,37.2,28.6,24,0.1,51.75,6,2004,Monsoon
2004-06-15,33.11666666666667,37.3,28.9,24,0.0,50.125,6,2004,Monsoon
2004-06-16,32.729166666666664,36.6,29.7,24,0.0,53.25,6,2004,Monsoon
2004-06-17,31.883333333333336,37.1,27.1,24,0.1,57.958333333333336,6,2004,Monsoon
2004-06-18,31.133333333333336,37.7,27.4,24,5.4,63.458333333333336,6,2004,Monsoon
2004-06-19,30.59583333333333,35.4,26.4,24,5.7,71.25,6,2004,Monsoon
2004-06-20,31.162499999999998,36.7,26.3,24,1.2,67.83333333333333,6,2004,Monsoon
2004-06-21,32.9,37.7,28.4,24,0.8,57.125,6,2004,Monsoon
2004-06-22,32.987500000000004,37.6,27.8,24,0.7999999999999999,52.916666666666664,6,2004,Monsoon
2004-06-23,32.733333333333334,37.7,27.9,24,1.5,53.541666666666664,6,2004,Monsoon
2004-06-24,31.508333333333336,35.2,27.7,24,0.8,55.791666666666664,6,2004,Monsoon
2004-06-25,30.7,34.9,26.7,24,0.5,63.541666666666664,6,2004,Monsoon
2004-06-26,29.53333333333333,35.0,25.3,24,5.4,68.95833333333333,6,2004,Monsoon
2004-06-27,30.40416666666667,34.9,25.5,24,0.0,62.958333333333336,6,2004,Monsoon
2004-06-28,31.8,37.0,26.4,24,0.0,51.25,6,2004,Monsoon
2004-06-29,33.0875,39.2,26.8,24,0.0,46.125,6,2004,Monsoon
2004-06-30,34.737500000000004,40.5,28.5,24,0.0,39.708333333333336,6,2004,Monsoon
2004-07-01,35.520833333333336,41.0,30.9,24,0.0,37.25,7,2004,Monsoon
2004-07-02,35.2125,40.9,29.1,24,0.0,37.833333333333336,7,2004,Monsoon
2004-07-03,34.2125,40.2,29.1,24,0.0,53.083333333333336,7,2004,Monsoon
2004-07-04,32.18333333333333,36.9,27.8,24,0.0,62.041666666666664,7,2004,Monsoon
2004-07-05,31.77916666666667,35.4,28.9,24,1.3,65.58333333333333,7,2004,Monsoon
2004-07-06,30.1125,33.1,26.8,24,9.9,75.375,7,2004,Monsoon
2004-07-07,31.03333333333333,37.7,27.5,24,5.0,68.5,7,2004,Monsoon
2004-07-08,33.11666666666667,36.6,30.2,24,0.0,49.916666666666664,7,2004,Monsoon
2004-07-09,32.8125,36.8,29.6,24,0.0,49.625,7,2004,Monsoon
2004-07-10,32.59166666666667,37.8,28.7,24,2.2,51.333333333333336,7,2004,Monsoon
2004-07-11,33.24166666666667,39.2,29.3,24,0.9,49.916666666666664,7,2004,Monsoon
2004-07-12,33.391666666666666,39.0,28.6,24,0.0,51.166666666666664,7,2004,Monsoon
2004-07-13,32.90833333333333,38.7,27.8,24,0.9,56.291666666666664,7,2004,Monsoon
2004-07-14,31.8,38.6,27.7,24,2.0,62.041666666666664,7,2004,Monsoon
2004-07-15,31.895833333333332,36.8,26.7,24,1.9,64.95833333333333,7,2004,Monsoon
2004-07-16,30.2625,34.5,25.8,24,15.4,71.875,7,2004,Monsoon
2004-07-17,31.0625,35.3,27.0,24,0.0,66.16666666666667,7,2004,Monsoon
2004-07-18,32.1,37.7,27.7,24,0.30000000000000004,63.458333333333336,7,2004,Monsoon
2004-07-19,33.016666666666666,38.1,29.2,24,0.5,48.791666666666664,7,2004,Monsoon
2004-07-20,32.949999999999996,38.3,29.4,24,0.2,47.666666666666664,7,2004,Monsoon
2004-07-21,32.9,38.1,27.8,24,0.0,44.333333333333336,7,2004,Monsoon
2004-07-22,33.525,39.2,28.0,24,1.4000000000000001,45.833333333333336,7,2004,Monsoon
2004-07-23,33.233333333333334,38.0,28.6,24,0.0,50.041666666666664,7,2004,Monsoon
2004-07-24,32.958333333333336,37.6,28.4,24,0.0,56.458333333333336,7,2004,Monsoon
2004-07-25,31.758333333333336,35.3,28.4,24,0.4,65.45833333333333,7,2004,Monsoon
2004-07-26,31.02916666666667,34.7,28.2,24,1.8,69.79166666666667,7,2004,Monsoon
2004-07-27,30.6375,34.4,27.3,24,0.7,71.16666666666667,7,2004,Monsoon
2004-07-28,29.854166666666668,35.2,27.0,24,5.7,75.5,7,2004,Monsoon
2004-07-29,28.479166666666668,32.5,25.7,24,12.5,82.75,7,2004,Monsoon
2004-07-30,29.870833333333334,34.0,26.8,24,0.1,73.04166666666667,7,2004,Monsoon
2004-07-31,29.900000000000002,33.0,27.3,24,3.0,72.83333333333333,7,2004,Monsoon
2004-08-01,28.825,32.6,25.7,24,6.6,77.79166666666667,8,2004,Monsoon
2004-08-02,27.083333333333332,30.0,25.2,24,8.9,84.79166666666667,8,2004,Monsoon
2004-08-03,27.629166666666666,30.6,25.1,24,6.4,83.95833333333333,8,2004,Monsoon
2004-08-04,29.570833333333336,33.5,25.8,24,1.1,77.54166666666667,8,2004,Monsoon
2004-08-05,30.583333333333332,34.3,27.1,24,0.4,71.29166666666667,8,2004,Monsoon
2004-08-06,29.275000000000002,31.3,27.3,24,0.30000000000000004,74.25,8,2004,Monsoon
2004-08-07,29.616666666666664,33.5,26.7,24,2.3,77.20833333333333,8,2004,Monsoon
2004-08-08,29.25,33.5,25.9,24,5.2,77.75,8,2004,Monsoon
2004-08-09,27.59166666666667,31.0,25.6,24,9.6,86.375,8,2004,Monsoon
2004-08-10,26.379166666666666,28.7,24.8,24,12.9,89.95833333333333,8,2004,Monsoon
2004-08-11,28.412499999999998,32.5,25.4,24,1.5,82.58333333333333,8,2004,Monsoon
2004-08-12,29.483333333333334,32.8,26.0,24,0.39999999999999997,78.75,8,2004,Monsoon
2004-08-13,29.233333333333334,32.7,26.1,24,1.8,79.41666666666667,8,2004,Monsoon
2004-08-14,29.070833333333336,33.3,25.7,24,5.7,80.0,8,2004,Monsoon
2004-08-15,28.65833333333333,32.2,26.2,24,9.5,85.70833333333333,8,2004,Monsoon
2004-08-16,27.8875,32.0,25.2,24,8.5,85.66666666666667,8,2004,Monsoon
2004-08-17,27.55,30.9,25.6,24,12.1,87.125,8,2004,Monsoon
2004-08-18,26.245833333333334,28.2,25.1,24,14.9,91.16666666666667,8,2004,Monsoon
2004-08-19,28.1125,32.7,24.8,24,2.1,82.45833333333333,8,2004,Monsoon
2004-08-20,28.34583333333333,32.4,24.8,24,3.5,81.04166666666667,8,2004,Monsoon
2004-08-21,28.4375,32.6,25.0,24,1.5,82.66666666666667,8,2004,Monsoon
2004-08-22,27.854166666666668,30.5,25.8,24,6.9,85.875,8,2004,Monsoon
2004-08-23,27.2,31.1,24.7,24,31.0,88.25,8,2004,Monsoon
2004-08-24,26.266666666666666,29.4,24.8,24,21.2,90.45833333333333,8,2004,Monsoon
2004-08-25,25.724999999999998,28.6,24.4,24,25.2,92.41666666666667,8,2004,Monsoon
2004-08-26,27.291666666666668,32.1,24.3,24,9.0,85.25,8,2004,Monsoon
2004-08-27,28.933333333333334,33.0,25.6,24,0.0,74.41666666666667,8,2004,Monsoon
2004-08-28,29.258333333333336,33.6,25.1,24,0.0,71.625,8,2004,Monsoon
2004-08-29,29.604166666666668,33.8,25.8,24,0.0,71.375,8,2004,Monsoon
2004-08-30,29.645833333333332,34.0,26.0,24,0.0,68.25,8,2004,Monsoon
2004-08-31,29.7375,33.9,26.6,24,0.2,64.875,8,2004,Monsoon
2004-09-01,29.375,34.1,25.5,24,0.0,61.916666666666664,9,2004,Monsoon
2004-09-02,29.3625,34.4,25.4,24,0.0,61.75,9,2004,Monsoon
2004-09-03,29.170833333333334,34.6,24.1,24,0.0,63.416666666666664,9,2004,Monsoon
2004-09-04,29.170833333333334,34.8,24.9,24,0.0,59.375,9,2004,Monsoon
2004-09-05,29.195833333333336,34.9,24.7,24,0.0,58.125,9,2004,Monsoon
2004-09-06,29.316666666666666,35.3,23.7,24,0.0,62.458333333333336,9,2004,Monsoon
2004-09-07,29.579166666666666,35.3,23.7,24,0.0,63.375,9,2004,Monsoon
2004-09-08,30.395833333333332,36.9,24.5,24,0.0,55.25,9,2004,Monsoon
2004-09-09,30.891666666666666,37.0,26.1,24,0.0,44.75,9,2004,Monsoon
2004-09-10,30.625,35.8,25.8,24,0.0,51.666666666666664,9,2004,Monsoon
2004-09-11,30.016666666666666,34.6,25.7,24,0.0,59.083333333333336,9,2004,Monsoon
2004-09-12,30.729166666666668,35.5,26.3,24,0.0,59.125,9,2004,Monsoon
2004-09-13,30.875,35.1,26.6,24,0.0,59.416666666666664,9,2004,Monsoon
2004-09-14,30.099999999999998,35.8,27.0,24,2.4,63.958333333333336,9,2004,Monsoon
2004-09-15,27.616666666666664,31.6,25.3,24,4.8,77.70833333333333,9,2004,Monsoon
2004-09-16,26.912499999999998,30.6,24.1,24,2.3,77.375,9,2004,Monsoon
2004-09-17,28.308333333333334,32.6,24.8,24,0.0,74.45833333333333,9,2004,Monsoon
2004-09-18,28.295833333333334,32.1,24.8,24,0.1,73.83333333333333,9,2004,Monsoon
2004-09-19,28.891666666666666,33.4,24.4,24,0.0,70.29166666666667,9,2004,Monsoon
2004-09-20,28.616666666666664,33.2,24.5,24,0.0,69.75,9,2004,Monsoon
2004-09-21,27.104166666666668,31.0,24.3,24,3.3,76.54166666666667,9,2004,Monsoon
2004-09-22,23.854166666666668,25.1,22.7,24,7.2,82.33333333333333,9,2004,Monsoon
2004-09-23,25.45,30.2,21.7,24,0.0,75.29166666666667,9,2004,Monsoon
2004-09-24,27.358333333333334,33.5,21.3,24,0.0,66.08333333333333,9,2004,Monsoon
2004-09-25,27.900000000000002,34.0,22.4,24,0.0,58.458333333333336,9,2004,Monsoon
2004-09-26,28.02916666666667,34.6,21.3,24,0.0,54.291666666666664,9,2004,Monsoon
2004-09-27,28.483333333333334,34.9,21.7,24,0.0,53.208333333333336,9,2004,Monsoon
2004-09-28,29.195833333333336,35.7,23.1,24,0.0,53.458333333333336,9,2004,Monsoon
2004-09-29,29.041666666666668,34.7,24.2,24,0.1,56.833333333333336,9,2004,Monsoon
2004-09-30,28.979166666666668,34.3,24.1,24,0.0,63.125,9,2004,Monsoon
2004-10-01,29.412499999999998,34.8,24.0,24,0.0,61.041666666666664,10,2004,Post-monsoon
2004-10-02,27.558333333333334,33.3,25.2,24,5.0,74.375,10,2004,Post-monsoon
2004-10-03,25.666666666666668,29.0,23.5,24,5.4,85.58333333333333,10,2004,Post-monsoon
2004-10-04,25.541666666666668,30.0,23.0,24,12.6,83.04166666666667,10,2004,Post-monsoon
2004-10-05,26.3875,30.6,22.5,24,0.8,79.16666666666667,10,2004,Post-monsoon
2004-10-06,26.087500000000002,31.6,22.0,24,0.0,72.41666666666667,10,2004,Post-monsoon
2004-10-07,26.45,31.8,20.0,24,0.0,65.66666666666667,10,2004,Post-monsoon
2004-10-08,27.070833333333336,33.8,20.8,24,0.0,61.916666666666664,10,2004,Post-monsoon
2004-10-09,26.97083333333333,32.8,22.2,24,0.7000000000000001,63.666666666666664,10,2004,Post-monsoon
2004-10-10,25.71666666666667,30.3,22.4,24,26.8,75.04166666666667,10,2004,Post-monsoon
2004-10-11,22.133333333333336,25.7,19.5,24,3.8,88.33333333333333,10,2004,Post-monsoon
2004-10-12,22.162499999999998,26.0,19.0,24,1.1,80.75,10,2004,Post-monsoon
2004-10-13,21.379166666666666,26.7,17.0,24,0.0,77.75,10,2004,Post-monsoon
2004-10-14,21.420833333333334,27.0,16.0,24,0.2,70.83333333333333,10,2004,Post-monsoon
2004-10-15,21.675,27.9,15.5,24,0.0,69.5,10,2004,Post-monsoon
2004-10-16,21.7375,28.5,15.5,24,0.0,65.375,10,2004,Post-monsoon
2004-10-17,22.675,29.3,16.8,24,0.0,66.83333333333333,10,2004,Post-monsoon
2004-10-18,23.775000000000002,30.4,17.0,24,0.0,64.79166666666667,10,2004,Post-monsoon
2004-10-19,24.099999999999998,31.4,18.0,24,0.0,65.95833333333333,10,2004,Post-monsoon
2004-10-20,24.47083333333333,30.7,18.7,24,0.0,65.95833333333333,10,2004,Post-monsoon
2004-10-21,24.166666666666668,31.2,18.6,24,0.0,63.041666666666664,10,2004,Post-monsoon
2004-10-22,23.020833333333332,29.9,16.7,24,0.0,60.916666666666664,10,2004,Post-monsoon
2004-10-23,22.008333333333336,29.2,15.4,24,0.0,58.5,10,2004,Post-monsoon
2004-10-24,22.575,29.2,17.0,24,0.0,53.416666666666664,10,2004,Post-monsoon
2004-10-25,21.925,28.9,14.9,24,0.0,60.208333333333336,10,2004,Post-monsoon
2004-10-26,22.7375,28.8,16.6,24,0.0,60.708333333333336,10,2004,Post-monsoon
2004-10-27,22.741666666666664,28.9,18.3,24,0.0,59.958333333333336,10,2004,Post-monsoon
2004-10-28,21.71666666666667,28.8,16.8,24,1.7,63.916666666666664,10,2004,Post-monsoon
2004-10-29,20.070833333333333,26.0,15.9,24,3.3,70.95833333333333,10,2004,Post-monsoon
2004-10-30,20.2625,27.1,14.2,24,0.0,63.583333333333336,10,2004,Post-monsoon
2004-10-31,19.904166666666665,27.1,13.0,24,0.0,59.625,10,2004,Post-monsoon
2004-11-01,19.650000000000002,26.8,13.0,24,0.0,55.791666666666664,11,2004,Post-monsoon
2004-11-02,19.370833333333334,26.8,12.0,24,0.0,53.166666666666664,11,2004,Post-monsoon
2004-11-03,19.820833333333333,27.5,12.6,24,0.0,53.958333333333336,11,2004,Post-monsoon
2004-11-04,20.541666666666668,27.8,14.5,24,0.0,51.125,11,2004,Post-monsoon
2004-11-05,20.508333333333333,27.9,12.6,24,0.0,55.833333333333336,11,2004,Post-monsoon
2004-11-06,20.474999999999998,27.3,14.1,24,0.0,55.041666666666664,11,2004,Post-monsoon
2004-11-07,19.916666666666668,27.6,13.2,24,0.0,56.375,11,2004,Post-monsoon
2004-11-08,19.416666666666668,26.9,11.9,24,0.0,55.5,11,2004,Post-monsoon
2004-11-09,19.683333333333334,27.5,11.8,24,0.0,53.916666666666664,11,2004,Post-monsoon
2004-11-10,19.75,27.7,11.8,24,0.0,52.541666666666664,11,2004,Post-monsoon
2004-11-11,20.620833333333334,27.7,14.6,24,0.0,52.416666666666664,11,2004,Post-monsoon
2004-11-12,20.629166666666666,28.2,14.5,24,0.0,52.291666666666664,11,2004,Post-monsoon
2004-11-13,20.595833333333335,28.9,13.1,24,0.0,55.333333333333336,11,2004,Post-monsoon
2004-11-14,21.058333333333334,29.0,14.3,24,0.0,54.416666666666664,11,2004,Post-monsoon
2004-11-15,21.083333333333332,28.6,14.4,24,0.0,56.333333333333336,11,2004,Post-monsoon
2004-11-16,21.175,28.7,14.6,24,0.0,55.041666666666664,11,2004,Post-monsoon
2004-11-17,21.729166666666668,28.7,14.6,24,0.0,58.583333333333336,11,2004,Post-monsoon
2004-11-18,22.991666666666664,29.6,18.5,24,0.0,54.958333333333336,11,2004,Post-monsoon
2004-11-19,20.570833333333333,28.1,13.7,24,0.0,57.583333333333336,11,2004,Post-monsoon
2004-11-20,20.766666666666666,28.2,13.2,24,0.0,60.791666666666664,11,2004,Post-monsoon
2004-11-21,21.2625,28.3,15.3,24,0.0,63.833333333333336,11,2004,Post-monsoon
2004-11-22,21.525000000000002,28.7,15.1,24,0.0,62.75,11,2004,Post-monsoon
2004-11-23,21.745833333333334,28.5,16.0,24,0.0,63.916666666666664,11,2004,Post-monsoon
2004-11-24,21.40416666666667,27.7,15.8,24,0.0,68.91666666666667,11,2004,Post-monsoon
2004-11-25,20.808333333333334,26.9,16.8,24,1.0,76.125,11,2004,Post-monsoon
2004-11-26,19.354166666666668,26.0,15.8,24,8.0,81.04166666666667,11,2004,Post-monsoon
2004-11-27,19.150000000000002,24.7,14.6,24,0.1,80.625,11,2004,Post-monsoon
2004-11-28,18.595833333333335,25.2,13.4,24,0.0,70.66666666666667,11,2004,Post-monsoon
2004-11-29,18.079166666666666,24.7,12.9,24,0.0,73.29166666666667,11,2004,Post-monsoon
2004-11-30,19.120833333333334,25.7,13.9,24,0.0,70.66666666666667,11,2004,Post-monsoon
2004-12-01,19.391666666666666,25.2,14.3,24,0.0,65.125,12,2004,Winter
2004-12-02,19.3625,25.1,15.0,24,0.0,66.95833333333333,12,2004,Winter
2004-12-03,18.708333333333332,26.0,12.3,24,0.0,66.95833333333333,12,2004,Winter
2004-12-04,18.120833333333334,24.5,12.8,24,0.0,61.333333333333336,12,2004,Winter
2004-12-05,17.866666666666667,25.2,13.0,24,0.0,50.583333333333336,12,2004,Winter
2004-12-06,16.316666666666666,23.8,10.2,24,0.0,47.416666666666664,12,2004,Winter
2004-12-07,15.566666666666668,22.9,8.8,24,0.0,55.666666666666664,12,2004,Winter
2004-12-08,15.695833333333333,23.3,8.9,24,0.0,65.29166666666667,12,2004,Winter
2004-12-09,15.708333333333334,23.2,9.6,24,0.0,56.875,12,2004,Winter
2004-12-10,15.658333333333333,23.5,7.7,24,0.0,58.291666666666664,12,2004,Winter
2004-12-11,16.204166666666666,23.1,10.5,24,0.0,64.625,12,2004,Winter
2004-12-12,16.787499999999998,23.9,9.8,24,0.0,72.29166666666667,12,2004,Winter
2004-12-13,16.620833333333334,23.9,10.2,24,0.0,67.625,12,2004,Winter
2004-12-14,16.708333333333332,24.4,10.4,24,0.0,62.666666666666664,12,2004,Winter
2004-12-15,17.308333333333334,25.1,11.1,24,0.0,57.416666666666664,12,2004,Winter
2004-12-16,18.104166666666668,26.2,11.9,24,0.0,57.625,12,2004,Winter
2004-12-17,16.929166666666667,24.8,9.7,24,0.0,68.20833333333333,12,2004,Winter
2004-12-18,17.091666666666665,24.3,10.5,24,0.0,72.625,12,2004,Winter
2004-12-19,17.425,24.9,10.0,24,0.0,66.20833333333333,12,2004,Winter
2004-12-20,17.033333333333335,21.8,12.4,24,0.0,73.70833333333333,12,2004,Winter
2004-12-21,15.612499999999999,19.7,12.4,24,0.0,80.0,12,2004,Winter
2004-12-22,15.237499999999999,20.5,9.7,24,0.0,71.75,12,2004,Winter
2004-12-23,14.758333333333333,20.4,9.9,24,0.0,70.5,12,2004,Winter
2004-12-24,13.429166666666667,19.5,7.7,24,0.0,71.95833333333333,12,2004,Winter
2004-12-25,12.887500000000001,19.2,7.7,24,0.0,67.70833333333333,12,2004,Winter
2004-12-26,12.15,18.4,7.6,24,0.0,53.625,12,2004,Winter
2004-12-27,11.775,18.8,5.3,24,0.0,55.708333333333336,12,2004,Winter
2004-12-28,12.591666666666667,19.6,6.4,24,0.0,66.91666666666667,12,2004,Winter
2004-12-29,13.004166666666668,21.0,5.1,24,0.0,67.33333333333333,12,2004,Winter
2004-12-30,15.204166666666666,20.7,10.5,24,0.0,60.166666666666664,12,2004,Winter
2004-12-31,16.229166666666668,20.5,12.7,24,1.3,65.41666666666667,12,2004,Winter
2005-01-01,17.5,22.2,13.7,24,0.0,70.16666666666667,1,2005,Winter
2005-01-02,16.349999999999998,22.1,10.8,24,0.0,75.875,1,2005,Winter
2005-01-03,14.183333333333332,19.9,10.5,24,0.0,74.95833333333333,1,2005,Winter
2005-01-04,13.225,19.7,7.7,24,0.0,71.79166666666667,1,2005,Winter
2005-01-05,13.070833333333333,19.4,8.0,24,0.0,74.04166666666667,1,2005,Winter
2005-01-06,12.8375,19.7,7.1,24,0.0,72.875,1,2005,Winter
2005-01-07,13.108333333333334,20.0,7.6,24,0.0,68.91666666666667,1,2005,Winter
2005-01-08,13.608333333333334,20.6,8.0,24,0.0,66.25,1,2005,Winter
2005-01-09,14.108333333333334,21.7,6.7,24,0.0,72.29166666666667,1,2005,Winter
2005-01-10,14.270833333333334,20.4,8.3,24,0.0,73.875,1,2005,Winter
2005-01-11,13.866666666666667,20.6,8.1,24,0.0,65.83333333333333,1,2005,Winter
2005-01-12,13.083333333333334,20.3,6.5,24,0.0,61.291666666666664,1,2005,Winter
2005-01-13,13.424999999999999,21.1,7.0,24,0.0,57.125,1,2005,Winter
2005-01-14,14.8375,22.2,8.8,24,0.0,53.958333333333336,1,2005,Winter
2005-01-15,15.266666666666666,21.8,10.4,24,0.0,59.041666666666664,1,2005,Winter
2005-01-16,14.904166666666667,21.3,10.2,24,1.3,58.916666666666664,1,2005,Winter
2005-01-17,14.454166666666666,19.8,10.9,24,0.7,71.08333333333333,1,2005,Winter
2005-01-18,12.745833333333332,18.8,8.2,24,0.0,68.41666666666667,1,2005,Winter
2005-01-19,11.508333333333333,18.6,4.6,24,0.0,60.541666666666664,1,2005,Winter
2005-01-20,12.125,18.5,7.6,24,0.0,58.708333333333336,1,2005,Winter
2005-01-21,11.85,15.8,7.2,24,0.30000000000000004,63.291666666666664,1,2005,Winter
2005-01-22,12.545833333333334,17.3,9.0,24,4.4,75.08333333333333,1,2005,Winter
2005-01-23,11.325000000000001,15.9,8.0,24,0.9,76.79166666666667,1,2005,Winter
2005-01-24,10.866666666666667,16.2,5.6,24,0.0,75.95833333333333,1,2005,Winter
2005-01-25,12.029166666666667,17.3,7.2,24,0.0,74.91666666666667,1,2005,Winter
2005-01-26,12.733333333333334,19.1,7.4,24,0.0,74.16666666666667,1,2005,Winter
2005-01-27,14.424999999999999,21.1,8.1,24,3.4,70.45833333333333,1,2005,Winter
2005-01-28,15.070833333333333,19.8,11.3,24,9.9,74.20833333333333,1,2005,Winter
2005-01-29,13.758333333333333,18.2,9.6,24,0.2,76.20833333333333,1,2005,Winter
2005-01-30,13.666666666666666,19.0,9.1,24,0.6,81.54166666666667,1,2005,Winter
2005-01-31,14.895833333333334,20.5,10.0,24,0.0,74.66666666666667,1,2005,Winter
2005-02-01,13.479166666666666,18.4,8.7,24,0.0,70.83333333333333,2,2005,Winter
2005-02-02,12.5,19.1,6.9,24,0.0,67.125,2,2005,Winter
2005-02-03,12.445833333333333,19.6,5.2,24,0.0,68.45833333333333,2,2005,Winter
2005-02-04,14.233333333333334,21.4,7.2,24,0.0,66.0,2,2005,Winter
2005-02-05,15.008333333333333,22.1,8.0,24,1.0,67.125,2,2005,Winter
2005-02-06,15.025,19.4,11.2,24,3.6,79.0,2,2005,Winter
2005-02-07,16.066666666666666,21.3,11.9,24,13.6,77.25,2,2005,Winter
2005-02-08,17.025000000000002,22.0,14.0,24,16.8,81.58333333333333,2,2005,Winter
2005-02-09,17.483333333333334,23.2,13.0,24,0.1,79.875,2,2005,Winter
2005-02-10,16.958333333333332,23.0,12.9,24,0.4,76.33333333333333,2,2005,Winter
2005-02-11,18.0,24.2,13.5,24,2.0999999999999996,71.04166666666667,2,2005,Winter
2005-02-12,18.158333333333335,25.2,12.8,24,1.5,81.5,2,2005,Winter
2005-02-13,18.125,23.2,13.6,24,0.0,76.16666666666667,2,2005,Winter
2005-02-14,18.175,23.3,15.1,24,0.0,69.66666666666667,2,2005,Winter
2005-02-15,17.404166666666665,22.5,13.8,24,2.0,76.95833333333333,2,2005,Winter
2005-02-16,15.783333333333333,20.9,12.6,24,0.0,78.25,2,2005,Winter
2005-02-17,14.887500000000001,20.8,10.5,24,2.0,76.16666666666667,2,2005,Winter
2005-02-18,17.016666666666666,24.0,11.6,24,0.0,61.375,2,2005,Winter
2005-02-19,15.045833333333334,21.8,8.9,24,0.0,65.41666666666667,2,2005,Winter
2005-02-20,12.983333333333334,18.4,8.2,24,0.0,61.75,2,2005,Winter
2005-02-21,12.279166666666667,18.8,7.0,24,0.0,61.666666666666664,2,2005,Winter
2005-02-22,12.716666666666667,18.9,7.0,24,0.0,63.125,2,2005,Winter
2005-02-23,15.299999999999999,22.4,9.2,24,0.0,67.91666666666667,2,2005,Winter
2005-02-24,15.883333333333333,22.4,10.9,24,0.8,69.375,2,2005,Winter
2005-02-25,17.279166666666665,24.2,11.3,24,0.0,64.83333333333333,2,2005,Winter
2005-02-26,18.479166666666668,25.1,12.6,24,0.0,59.0,2,2005,Winter
2005-02-27,19.433333333333334,26.7,12.9,24,0.0,57.458333333333336,2,2005,Winter
2005-02-28,19.875,27.3,12.6,24,0.0,62.333333333333336,2,2005,Winter
2005-03-01,19.091666666666665,25.6,13.8,24,0.7000000000000001,70.41666666666667,3,2005,Summer
2005-03-02,19.787499999999998,27.6,13.0,24,0.0,66.33333333333333,3,2005,Summer
2005-03-03,22.46666666666667,30.8,14.6,24,0.0,58.458333333333336,3,2005,Summer
2005-03-04,22.45,27.6,16.9,24,0.0,64.95833333333333,3,2005,Summer
2005-03-05,20.983333333333334,29.1,15.9,24,12.799999999999999,71.54166666666667,3,2005,Summer
2005-03-06,21.52916666666667,28.4,15.0,24,0.0,68.0,3,2005,Summer
2005-03-07,21.770833333333332,28.4,16.9,24,0.6000000000000001,63.166666666666664,3,2005,Summer
2005-03-08,22.729166666666668,29.2,16.7,24,0.2,64.70833333333333,3,2005,Summer
2005-03-09,20.075,27.0,16.7,24,10.100000000000001,79.66666666666667,3,2005,Summer
2005-03-10,18.629166666666666,23.3,14.8,24,0.0,84.125,3,2005,Summer
2005-03-11,18.841666666666665,24.6,13.5,24,0.0,73.79166666666667,3,2005,Summer
2005-03-12,20.408333333333335,27.2,14.4,24,0.0,69.0,3,2005,Summer
2005-03-13,21.216666666666665,27.5,14.6,24,0.0,68.58333333333333,3,2005,Summer
2005-03-14,22.208333333333332,29.1,14.9,24,0.0,65.75,3,2005,Summer
2005-03-15,23.7375,31.1,16.0,24,0.0,66.25,3,2005,Summer
2005-03-16,25.508333333333336,32.6,18.0,24,0.0,61.0,3,2005,Summer
2005-03-17,26.004166666666666,33.3,18.9,24,1.1,60.583333333333336,3,2005,Summer
2005-03-18,26.599999999999998,33.3,20.2,24,0.0,61.291666666666664,3,2005,Summer
2005-03-19,26.075,33.6,20.3,24,0.0,51.583333333333336,3,2005,Summer
2005-03-20,25.541666666666668,32.0,19.3,24,0.2,54.083333333333336,3,2005,Summer
2005-03-21,24.95,32.7,19.4,24,1.7,58.458333333333336,3,2005,Summer
2005-03-22,22.945833333333336,29.2,17.2,24,0.2,59.25,3,2005,Summer
2005-03-23,22.087500000000002,28.9,14.5,24,0.6,55.208333333333336,3,2005,Summer
2005-03-24,22.141666666666666,29.0,15.0,24,0.0,47.0,3,2005,Summer
2005-03-25,22.170833333333334,29.7,14.0,24,0.0,48.916666666666664,3,2005,Summer
2005-03-26,23.47083333333333,31.9,15.1,24,0.0,48.875,3,2005,Summer
2005-03-27,25.504166666666666,32.6,18.7,24,0.0,46.041666666666664,3,2005,Summer
2005-03-28,25.2,32.8,17.6,24,0.0,37.208333333333336,3,2005,Summer
2005-03-29,25.075,32.8,15.9,24,0.0,33.916666666666664,3,2005,Summer
2005-03-30,25.133333333333336,32.3,17.1,24,0.0,27.291666666666668,3,2005,Summer
2005-03-31,24.1375,31.6,16.1,24,0.0,28.333333333333332,3,2005,Summer
2005-04-01,25.070833333333336,32.8,16.5,24,0.0,29.833333333333332,4,2005,Summer
2005-04-02,25.679166666666664,34.2,16.1,24,0.0,30.166666666666668,4,2005,Summer
2005-04-03,26.691666666666666,35.1,16.6,24,0.0,29.375,4,2005,Summer
2005-04-04,27.145833333333332,35.8,16.7,24,0.0,31.166666666666668,4,2005,Summer
2005-04-05,28.925,37.6,19.3,24,0.0,29.708333333333332,4,2005,Summer
2005-04-06,30.683333333333334,39.9,21.3,24,0.0,21.583333333333332,4,2005,Summer
2005-04-07,30.558333333333334,40.1,22.0,24,0.0,16.833333333333332,4,2005,Summer
2005-04-08,27.520833333333332,35.8,17.4,24,0.0,14.416666666666666,4,2005,Summer
2005-04-09,25.054166666666664,32.8,16.1,24,0.0,10.041666666666666,4,2005,Summer
2005-04-10,23.620833333333334,30.5,16.0,24,0.0,15.291666666666666,4,2005,Summer
2005-04-11,24.429166666666664,31.9,16.1,24,0.0,16.0,4,2005,Summer
2005-04-12,25.141666666666666,33.3,16.3,24,0.0,18.583333333333332,4,2005,Summer
2005-04-13,27.537499999999998,36.3,18.2,24,0.0,20.333333333333332,4,2005,Summer
2005-04-14,29.358333333333334,38.3,19.1,24,0.0,21.958333333333332,4,2005,Summer
2005-04-15,30.412499999999998,38.8,19.6,24,0.0,17.333333333333332,4,2005,Summer
2005-04-16,30.400000000000002,37.8,22.6,24,0.0,16.416666666666668,4,2005,Summer
2005-04-17,29.8625,36.9,21.6,24,0.0,17.125,4,2005,Summer
2005-04-18,29.712500000000002,37.5,19.9,24,0.0,16.041666666666668,4,2005,Summer
2005-04-19,29.995833333333334,38.3,19.5,24,0.0,20.458333333333332,4,2005,Summer
2005-04-20,30.979166666666668,38.9,21.4,24,0.0,20.375,4,2005,Summer
2005-04-21,31.583333333333332,39.7,21.4,24,0.0,20.541666666666668,4,2005,Summer
2005-04-22,31.912499999999998,39.5,24.0,24,0.0,24.833333333333332,4,2005,Summer
2005-04-23,31.1125,37.7,26.2,24,0.3,27.208333333333332,4,2005,Summer
2005-04-24,29.958333333333332,37.3,23.1,24,1.2,38.125,4,2005,Summer
2005-04-25,30.241666666666664,36.7,23.0,24,0.4,33.916666666666664,4,2005,Summer
2005-04-26,30.375,37.1,23.9,24,0.30000000000000004,34.041666666666664,4,2005,Summer
2005-04-27,29.212500000000002,36.9,21.9,24,1.0,32.833333333333336,4,2005,Summer
2005-04-28,27.349999999999998,33.9,20.7,24,1.8,41.5,4,2005,Summer
2005-04-29,27.104166666666668,32.6,21.8,24,3.6000000000000005,47.166666666666664,4,2005,Summer
2005-04-30,27.958333333333332,34.2,20.9,24,0.0,42.125,4,2005,Summer
2005-05-01,28.05,33.3,22.5,24,0.0,45.833333333333336,5,2005,Summer
2005-05-02,27.395833333333332,33.9,23.0,24,0.8999999999999999,53.791666666666664,5,2005,Summer
2005-05-03,26.141666666666666,33.3,21.5,24,6.5,67.0,5,2005,Summer
2005-05-04,27.120833333333334,32.7,21.2,24,0.0,57.333333333333336,5,2005,Summer
2005-05-05,28.27916666666667,34.1,22.0,24,0.0,50.083333333333336,5,2005,Summer
2005-05-06,29.933333333333334,35.5,23.3,24,0.0,42.666666666666664,5,2005,Summer
2005-05-07,31.2625,37.3,24.4,24,0.0,36.708333333333336,5,2005,Summer
2005-05-08,31.6375,38.1,25.3,24,0.0,36.125,5,2005,Summer
2005-05-09,30.941666666666666,38.1,22.8,24,0.0,30.833333333333332,5,2005,Summer
2005-05-10,30.454166666666666,37.2,23.0,24,0.0,22.791666666666668,5,2005,Summer
2005-05-11,30.429166666666664,38.1,20.5,24,0.0,23.166666666666668,5,2005,Summer
2005-05-12,31.691666666666666,40.3,21.8,24,0.0,20.875,5,2005,Summer
2005-05-13,32.44583333333333,40.9,22.0,24,0.0,19.083333333333332,5,2005,Summer
2005-05-14,32.637499999999996,39.8,23.6,24,0.0,20.625,5,2005,Summer
2005-05-15,32.9125,40.9,23.1,24,0.0,19.875,5,2005,Summer
2005-05-16,33.8375,41.8,24.1,24,0.0,20.625,5,2005,Summer
2005-05-17,34.375,42.3,24.5,24,1.5,20.833333333333332,5,2005,Summer
2005-05-18,34.025,41.0,28.4,24,0.7999999999999999,25.833333333333332,5,2005,Summer
2005-05-19,32.49166666666667,40.3,25.2,24,1.4000000000000001,29.125,5,2005,Summer
2005-05-20,32.920833333333334,41.6,22.6,24,0.1,27.625,5,2005,Summer
2005-05-21,33.15833333333333,41.6,22.9,24,0.0,26.458333333333332,5,2005,Summer
2005-05-22,34.329166666666666,40.8,27.0,24,0.30000000000000004,23.833333333333332,5,2005,Summer
2005-05-23,33.78333333333333,40.3,27.0,24,0.0,25.583333333333332,5,2005,Summer
2005-05-24,34.112500000000004,40.9,27.1,24,0.0,22.083333333333332,5,2005,Summer
2005-05-25,34.07083333333333,41.5,25.2,24,0.0,18.041666666666668,5,2005,Summer
2005-05-26,34.050000000000004,41.8,26.6,24,1.7000000000000002,20.0,5,2005,Summer
2005-05-27,33.170833333333334,40.1,25.6,24,0.0,23.666666666666668,5,2005,Summer
2005-05-28,33.62083333333333,41.0,25.1,24,0.0,16.25,5,2005,Summer
2005-05-29,33.71666666666667,41.6,25.5,24,0.0,19.875,5,2005,Summer
2005-05-30,33.1875,39.4,26.3,24,0.0,25.416666666666668,5,2005,Summer
2005-05-31,33.704166666666666,40.0,27.1,24,0.0,23.458333333333332,5,2005,Summer
2005-06-01,34.266666666666666,41.2,26.5,24,0.0,19.416666666666668,6,2005,Monsoon
2005-06-02,35.19583333333333,42.3,27.1,24,0.0,17.625,6,2005,Monsoon
2005-06-03,35.954166666666666,42.7,28.5,24,0.0,19.333333333333332,6,2005,Monsoon
2005-06-04,36.11666666666667,43.1,28.6,24,0.0,21.666666666666668,6,2005,Monsoon
2005-06-05,35.59166666666667,42.6,28.3,24,0.1,24.416666666666668,6,2005,Monsoon
2005-06-06,34.574999999999996,40.8,28.7,24,1.0,34.208333333333336,6,2005,Monsoon
2005-06-07,32.550000000000004,39.2,27.3,24,4.3,48.25,6,2005,Monsoon
2005-06-08,32.854166666666664,39.4,25.1,24,0.0,46.666666666666664,6,2005,Monsoon
2005-06-09,34.766666666666666,40.9,26.7,24,0.0,29.416666666666668,6,2005,Monsoon
2005-06-10,35.12083333333333,41.2,27.8,24,0.0,28.0,6,2005,Monsoon
2005-06-11,35.762499999999996,42.8,28.4,24,0.0,29.833333333333332,6,2005,Monsoon
2005-06-12,35.18333333333333,40.4,28.8,24,0.0,29.083333333333332,6,2005,Monsoon
2005-06-13,34.96666666666667,40.8,28.2,24,0.0,25.208333333333332,6,2005,Monsoon
2005-06-14,35.079166666666666,40.6,28.9,24,0.0,28.333333333333332,6,2005,Monsoon
2005-06-15,35.266666666666666,41.3,28.8,24,0.0,28.208333333333332,6,2005,Monsoon
2005-06-16,36.079166666666666,42.7,28.5,24,0.0,24.791666666666668,6,2005,Monsoon
2005-06-17,36.550000000000004,42.9,29.4,24,0.0,23.708333333333332,6,2005,Monsoon
2005-06-18,37.05833333333333,43.0,31.2,24,0.0,24.541666666666668,6,2005,Monsoon
2005-06-19,37.237500000000004,43.6,29.5,24,0.0,26.625,6,2005,Monsoon
2005-06-20,38.19583333333333,44.7,29.8,24,0.0,24.625,6,2005,Monsoon
2005-06-21,37.637499999999996,42.2,33.8,24,0.0,28.0,6,2005,Monsoon
2005-06-22,37.77916666666667,43.9,32.2,24,0.0,33.75,6,2005,Monsoon
2005-06-23,35.42916666666667,41.7,29.4,24,3.7,46.458333333333336,6,2005,Monsoon
2005-06-24,31.295833333333334,36.2,26.8,24,11.5,69.16666666666667,6,2005,Monsoon
2005-06-25,32.233333333333334,37.6,27.5,24,0.5,66.20833333333333,6,2005,Monsoon
2005-06-26,28.65833333333333,31.3,27.3,24,35.7,88.29166666666667,6,2005,Monsoon
2005-06-27,28.945833333333336,32.4,25.9,24,38.1,82.20833333333333,6,2005,Monsoon
2005-06-28,28.741666666666664,31.3,27.2,24,5.9,83.16666666666667,6,2005,Monsoon
2005-06-29,29.575000000000003,33.4,26.3,24,5.1000000000000005,79.58333333333333,6,2005,Monsoon
2005-06-30,29.758333333333336,33.2,26.8,24,3.4,76.16666666666667,6,2005,Monsoon
2005-07-01,30.358333333333334,34.8,27.2,24,2.6,73.83333333333333,7,2005,Monsoon
2005-07-02,28.933333333333334,32.5,25.3,24,14.9,79.375,7,2005,Monsoon
2005-07-03,29.683333333333334,34.0,25.9,24,6.9,77.54166666666667,7,2005,Monsoon
2005-07-04,28.120833333333334,30.3,26.2,24,6.1,81.41666666666667,7,2005,Monsoon
2005-07-05,26.420833333333334,30.2,24.8,24,67.0,89.5,7,2005,Monsoon
2005-07-06,25.5125,26.1,25.0,24,26.8,91.54166666666667,7,2005,Monsoon
2005-07-07,26.508333333333336,30.7,24.3,24,29.599999999999998,89.125,7,2005,Monsoon
2005-07-08,28.55,32.6,24.9,24,0.9,80.25,7,2005,Monsoon
2005-07-09,30.304166666666664,34.2,26.3,24,0.2,74.58333333333333,7,2005,Monsoon
2005-07-10,31.479166666666668,34.9,27.9,24,0.0,71.29166666666667,7,2005,Monsoon
2005-07-11,27.525000000000002,30.3,25.8,24,20.4,89.08333333333333,7,2005,Monsoon
2005-07-12,26.295833333333334,28.1,24.9,24,14.8,90.08333333333333,7,2005,Monsoon
2005-07-13,26.849999999999998,29.3,25.3,24,9.0,87.375,7,2005,Monsoon
2005-07-14,27.104166666666668,29.8,25.1,24,9.5,86.79166666666667,7,2005,Monsoon
2005-07-15,27.170833333333334,30.2,25.0,24,4.9,86.25,7,2005,Monsoon
2005-07-16,27.075,29.0,25.6,24,2.9000000000000004,86.0,7,2005,Monsoon
2005-07-17,27.63333333333333,31.3,25.2,24,6.9,81.33333333333333,7,2005,Monsoon
2005-07-18,28.025000000000002,32.6,24.9,24,1.9000000000000001,78.875,7,2005,Monsoon
2005-07-19,29.791666666666668,34.2,25.4,24,2.5,74.875,7,2005,Monsoon
2005-07-20,30.870833333333334,34.9,27.0,24,0.2,69.58333333333333,7,2005,Monsoon
2005-07-21,30.78333333333333,34.7,26.9,24,0.0,66.70833333333333,7,2005,Monsoon
2005-07-22,30.733333333333334,35.2,27.2,24,0.6000000000000001,66.625,7,2005,Monsoon
2005-07-23,29.454166666666666,33.4,27.1,24,2.3000000000000003,78.25,7,2005,Monsoon
2005-07-24,28.945833333333336,33.1,25.4,24,2.4,82.16666666666667,7,2005,Monsoon
2005-07-25,29.795833333333334,33.0,26.3,24,0.2,79.70833333333333,7,2005,Monsoon
2005-07-26,29.275000000000002,33.1,27.4,24,3.7,82.70833333333333,7,2005,Monsoon
2005-07-27,30.212500000000002,33.8,26.9,24,0.1,78.25,7,2005,Monsoon
2005-07-28,30.079166666666666,33.0,27.4,24,0.0,74.29166666666667,7,2005,Monsoon
2005-07-29,29.349999999999998,33.1,27.3,24,5.3,80.75,7,2005,Monsoon
2005-07-30,29.520833333333332,33.7,26.2,24,1.3,81.95833333333333,7,2005,Monsoon
2005-07-31,29.3875,32.9,26.1,24,8.8,82.16666666666667,7,2005,Monsoon
2005-08-01,30.266666666666666,34.2,26.3,24,6.199999999999999,77.83333333333333,8,2005,Monsoon
2005-08-02,30.320833333333336,33.5,27.7,24,0.30000000000000004,77.70833333333333,8,2005,Monsoon
2005-08-03,30.333333333333332,33.4,27.3,24,0.1,77.16666666666667,8,2005,Monsoon
2005-08-04,30.104166666666668,32.4,28.0,24,0.6,79.04166666666667,8,2005,Monsoon
2005-08-05,29.054166666666664,33.1,26.0,24,10.4,85.25,8,2005,Monsoon
2005-08-06,28.0,30.5,26.3,24,8.1,84.375,8,2005,Monsoon
2005-08-07,28.441666666666666,30.6,26.2,24,0.5,74.41666666666667,8,2005,Monsoon
2005-08-08,28.695833333333336,32.5,25.7,24,0.1,70.04166666666667,8,2005,Monsoon
2005-08-09,29.229166666666668,33.3,25.9,24,0.0,66.25,8,2005,Monsoon
2005-08-10,29.916666666666668,34.1,26.7,24,0.0,64.625,8,2005,Monsoon
2005-08-11,30.133333333333336,34.3,26.6,24,0.0,62.708333333333336,8,2005,Monsoon
2005-08-12,30.1875,34.4,26.8,24,0.0,61.666666666666664,8,2005,Monsoon
2005-08-13,31.0625,35.2,27.7,24,0.0,62.625,8,2005,Monsoon
2005-08-14,31.47083333333333,35.8,27.6,24,0.0,64.91666666666667,8,2005,Monsoon
2005-08-15,30.516666666666666,33.8,28.6,24,0.2,63.166666666666664,8,2005,Monsoon
2005-08-16,28.504166666666666,31.6,26.9,24,10.9,82.29166666666667,8,2005,Monsoon
2005-08-17,27.866666666666664,29.9,25.9,24,13.0,85.20833333333333,8,2005,Monsoon
2005-08-18,29.829166666666666,33.7,26.1,24,0.0,77.20833333333333,8,2005,Monsoon
2005-08-19,30.329166666666666,35.2,26.6,24,0.4,71.25,8,2005,Monsoon
2005-08-20,29.929166666666664,34.5,26.2,24,0.7,73.25,8,2005,Monsoon
2005-08-21,29.854166666666668,34.0,25.7,24,1.2000000000000002,73.58333333333333,8,2005,Monsoon
2005-08-22,30.5125,35.2,26.4,24,0.0,70.45833333333333,8,2005,Monsoon
2005-08-23,31.0,35.6,27.1,24,0.0,62.125,8,2005,Monsoon
2005-08-24,31.270833333333332,35.5,28.1,24,0.0,55.375,8,2005,Monsoon
2005-08-25,31.129166666666666,35.8,26.8,24,0.0,52.958333333333336,8,2005,Monsoon
2005-08-26,31.1875,35.8,26.8,24,0.0,54.208333333333336,8,2005,Monsoon
2005-08-27,31.266666666666666,35.7,27.7,24,0.0,56.5,8,2005,Monsoon
2005-08-28,31.004166666666666,36.4,25.8,24,0.0,58.75,8,2005,Monsoon
2005-08-29,30.974999999999998,36.9,25.1,24,0.0,59.875,8,2005,Monsoon
2005-08-30,31.291666666666668,37.3,26.3,24,0.0,55.75,8,2005,Monsoon
2005-08-31,31.2,37.2,25.3,24,0.0,51.583333333333336,8,2005,Monsoon
2005-09-01,31.516666666666666,37.4,26.0,24,0.0,49.916666666666664,9,2005,Monsoon
2005-09-02,31.633333333333336,37.5,25.6,24,0.0,57.041666666666664,9,2005,Monsoon
2005-09-03,32.12083333333333,37.5,26.6,24,0.0,58.791666666666664,9,2005,Monsoon
2005-09-04,30.983333333333334,35.7,27.1,24,0.1,69.66666666666667,9,2005,Monsoon
2005-09-05,29.995833333333334,34.4,26.4,24,0.0,72.83333333333333,9,2005,Monsoon
2005-09-06,30.329166666666666,35.3,26.2,24,0.0,69.25,9,2005,Monsoon
2005-09-07,29.766666666666666,33.0,26.9,24,0.1,70.91666666666667,9,2005,Monsoon
2005-09-08,29.420833333333334,33.6,26.7,24,2.5,72.875,9,2005,Monsoon
2005-09-09,29.3875,33.6,25.5,24,9.5,76.04166666666667,9,2005,Monsoon
2005-09-10,28.625,32.1,25.7,24,0.6000000000000001,78.83333333333333,9,2005,Monsoon
2005-09-11,29.241666666666664,33.3,25.2,24,0.0,72.91666666666667,9,2005,Monsoon
2005-09-12,28.587500000000002,32.8,26.1,24,4.3,75.54166666666667,9,2005,Monsoon
2005-09-13,28.741666666666664,33.8,25.9,24,5.8,73.29166666666667,9,2005,Monsoon
2005-09-14,28.462500000000002,32.3,26.5,24,3.3,70.5,9,2005,Monsoon
2005-09-15,26.925,29.3,26.0,24,1.4000000000000001,68.66666666666667,9,2005,Monsoon
2005-09-16,23.537499999999998,25.3,22.9,24,54.0,89.70833333333333,9,2005,Monsoon
2005-09-17,23.5,24.3,23.0,24,23.2,94.04166666666667,9,2005,Monsoon
2005-09-18,25.454166666666666,29.1,22.9,24,1.8,86.875,9,2005,Monsoon
2005-09-19,27.333333333333332,32.0,23.4,24,0.0,83.83333333333333,9,2005,Monsoon
2005-09-20,28.7,32.8,24.1,24,0.0,76.75,9,2005,Monsoon
2005-09-21,28.370833333333334,32.3,25.7,24,5.0,83.54166666666667,9,2005,Monsoon
2005-09-22,27.037499999999998,30.5,24.1,24,6.5,84.70833333333333,9,2005,Monsoon
2005-09-23,26.479166666666668,30.7,24.3,24,3.3,85.91666666666667,9,2005,Monsoon
2005-09-24,24.766666666666666,26.3,24.0,24,79.0,94.125,9,2005,Monsoon
2005-09-25,25.1125,28.6,22.5,24,0.8,81.79166666666667,9,2005,Monsoon
2005-09-26,26.554166666666664,31.4,22.0,24,0.7,78.16666666666667,9,2005,Monsoon
2005-09-27,26.895833333333332,31.4,23.0,24,0.0,72.625,9,2005,Monsoon
2005-09-28,26.891666666666666,32.1,23.3,24,0.0,71.625,9,2005,Monsoon
2005-09-29,26.837500000000002,31.9,22.1,24,0.0,72.33333333333333,9,2005,Monsoon
2005-09-30,26.95,32.7,22.0,24,0.0,69.20833333333333,9,2005,Monsoon
2005-10-01,26.958333333333332,33.0,21.0,24,0.0,64.70833333333333,10,2005,Post-monsoon
2005-10-02,26.349999999999998,32.9,20.8,24,0.0,69.70833333333333,10,2005,Post-monsoon
2005-10-03,26.21666666666667,33.1,20.8,24,0.0,65.0,10,2005,Post-monsoon
2005-10-04,25.979166666666668,33.2,20.1,24,0.0,64.0,10,2005,Post-monsoon
2005-10-05,25.96666666666667,33.7,19.4,24,0.0,56.0,10,2005,Post-monsoon
2005-10-06,26.1375,32.9,20.0,24,0.0,66.54166666666667,10,2005,Post-monsoon
2005-10-07,26.325,34.1,19.8,24,0.0,61.5,10,2005,Post-monsoon
2005-10-08,26.320833333333336,33.8,20.2,24,0.0,58.125,10,2005,Post-monsoon
2005-10-09,26.275000000000002,33.4,19.7,24,0.0,62.791666666666664,10,2005,Post-monsoon
2005-10-10,26.0125,33.2,19.1,24,0.0,59.333333333333336,10,2005,Post-monsoon
2005-10-11,26.025000000000002,32.7,19.8,24,0.0,66.75,10,2005,Post-monsoon
2005-10-12,26.55,32.8,21.4,24,0.0,62.333333333333336,10,2005,Post-monsoon
2005-10-13,25.55,32.0,18.5,24,0.0,56.458333333333336,10,2005,Post-monsoon
2005-10-14,26.275000000000002,32.5,21.1,24,0.0,58.416666666666664,10,2005,Post-monsoon
2005-10-15,25.662499999999998,32.3,20.2,24,0.0,60.541666666666664,10,2005,Post-monsoon
2005-10-16,24.858333333333334,32.0,18.2,24,0.0,62.416666666666664,10,2005,Post-monsoon
2005-10-17,24.558333333333334,31.6,17.6,24,0.0,63.125,10,2005,Post-monsoon
2005-10-18,24.78333333333333,31.8,18.6,24,0.0,60.25,10,2005,Post-monsoon
2005-10-19,24.525000000000002,31.1,19.2,24,0.0,58.0,10,2005,Post-monsoon
2005-10-20,23.304166666666664,29.0,18.0,24,0.0,71.95833333333333,10,2005,Post-monsoon
2005-10-21,23.4375,28.9,19.2,24,0.0,73.625,10,2005,Post-monsoon
2005-10-22,23.554166666666664,30.4,17.4,24,0.0,61.208333333333336,10,2005,Post-monsoon
2005-10-23,22.96666666666667,30.3,15.9,24,0.0,53.958333333333336,10,2005,Post-monsoon
2005-10-24,22.729166666666668,30.0,15.8,24,0.0,54.0,10,2005,Post-monsoon
2005-10-25,23.21666666666667,30.9,15.9,24,0.0,56.541666666666664,10,2005,Post-monsoon
2005-10-26,23.75,31.9,16.0,24,0.0,52.833333333333336,10,2005,Post-monsoon
2005-10-27,23.5625,31.4,15.5,24,0.0,55.791666666666664,10,2005,Post-monsoon
2005-10-28,23.21666666666667,30.1,16.7,24,0.0,57.541666666666664,10,2005,Post-monsoon
2005-10-29,21.78333333333333,29.4,14.1,24,0.0,51.083333333333336,10,2005,Post-monsoon
2005-10-30,21.90416666666667,29.9,14.0,24,0.0,49.541666666666664,10,2005,Post-monsoon
2005-10-31,22.3,29.6,15.3,24,0.0,51.541666666666664,10,2005,Post-monsoon
2005-11-01,22.175,29.3,15.1,24,0.0,52.875,11,2005,Post-monsoon
2005-11-02,22.695833333333336,30.1,16.6,24,1.4000000000000001,53.375,11,2005,Post-monsoon
2005-11-03,21.8,28.6,15.5,24,0.7000000000000001,56.416666666666664,11,2005,Post-monsoon
2005-11-04,21.712500000000002,28.3,14.7,24,0.0,56.916666666666664,11,2005,Post-monsoon
2005-11-05,20.933333333333334,27.8,13.6,24,0.0,53.208333333333336,11,2005,Post-monsoon
2005-11-06,20.345833333333335,27.7,13.6,24,0.0,48.416666666666664,11,2005,Post-monsoon
2005-11-07,20.195833333333333,27.7,13.6,24,0.0,51.666666666666664,11,2005,Post-monsoon
2005-11-08,19.8875,27.5,12.6,24,0.0,58.166666666666664,11,2005,Post-monsoon
2005-11-09,20.208333333333332,28.2,12.5,24,0.0,59.333333333333336,11,2005,Post-monsoon
2005-11-10,20.708333333333332,28.6,13.2,24,0.0,57.541666666666664,11,2005,Post-monsoon
2005-11-11,21.191666666666666,29.6,13.6,24,0.0,55.666666666666664,11,2005,Post-monsoon
2005-11-12,21.641666666666666,29.9,14.3,24,0.0,49.083333333333336,11,2005,Post-monsoon
2005-11-13,22.395833333333332,29.4,16.9,24,0.0,44.666666666666664,11,2005,Post-monsoon
2005-11-14,22.1125,29.0,17.1,24,0.0,40.583333333333336,11,2005,Post-monsoon
2005-11-15,21.5125,28.6,15.9,24,0.0,37.291666666666664,11,2005,Post-monsoon
2005-11-16,21.116666666666667,28.2,15.8,24,0.0,37.625,11,2005,Post-monsoon
2005-11-17,20.008333333333333,27.3,14.1,24,0.0,32.083333333333336,11,2005,Post-monsoon
2005-11-18,19.045833333333334,27.0,13.1,24,0.0,29.5,11,2005,Post-monsoon
2005-11-19,18.575,27.1,11.3,24,0.0,44.666666666666664,11,2005,Post-monsoon
2005-11-20,18.945833333333333,27.6,10.8,24,0.0,47.333333333333336,11,2005,Post-monsoon
2005-11-21,19.358333333333334,27.6,11.4,24,0.0,48.083333333333336,11,2005,Post-monsoon
2005-11-22,19.8125,27.8,12.1,24,0.0,53.333333333333336,11,2005,Post-monsoon
2005-11-23,19.470833333333335,27.3,12.4,24,0.0,57.583333333333336,11,2005,Post-monsoon
2005-11-24,18.670833333333334,26.4,11.6,24,0.0,55.916666666666664,11,2005,Post-monsoon
2005-11-25,17.912499999999998,25.5,11.2,24,0.0,55.708333333333336,11,2005,Post-monsoon
2005-11-26,17.779166666666665,25.1,10.6,24,0.0,57.75,11,2005,Post-monsoon
2005-11-27,18.3875,26.0,11.4,24,0.0,55.625,11,2005,Post-monsoon
2005-11-28,18.495833333333334,25.6,12.4,24,0.0,55.708333333333336,11,2005,Post-monsoon
2005-11-29,18.912499999999998,25.7,12.4,24,0.0,59.541666666666664,11,2005,Post-monsoon
2005-11-30,17.275000000000002,23.5,12.2,24,0.0,52.791666666666664,11,2005,Post-monsoon
2005-12-01,14.708333333333334,21.4,8.5,24,0.0,42.75,12,2005,Winter
2005-12-02,13.779166666666667,21.4,7.3,24,0.0,42.625,12,2005,Winter
2005-12-03,13.325000000000001,21.0,6.5,24,0.0,47.5,12,2005,Winter
2005-12-04,14.354166666666666,22.7,7.1,24,0.0,44.791666666666664,12,2005,Winter
2005-12-05,15.7125,24.1,9.2,24,0.0,37.291666666666664,12,2005,Winter
2005-12-06,15.420833333333334,23.4,8.0,24,0.0,46.333333333333336,12,2005,Winter
2005-12-07,15.479166666666666,24.0,7.7,24,0.0,56.083333333333336,12,2005,Winter
2005-12-08,14.887500000000001,23.4,7.3,24,0.0,58.416666666666664,12,2005,Winter
2005-12-09,14.625,23.3,6.8,24,0.0,57.958333333333336,12,2005,Winter
2005-12-10,15.208333333333334,23.4,7.5,24,0.0,60.666666666666664,12,2005,Winter
2005-12-11,14.433333333333332,22.4,7.0,24,0.0,51.958333333333336,12,2005,Winter
2005-12-12,13.549999999999999,21.8,5.8,24,0.0,50.041666666666664,12,2005,Winter
2005-12-13,13.083333333333334,21.0,5.6,24,0.0,50.833333333333336,12,2005,Winter
2005-12-14,13.170833333333334,21.3,6.8,24,0.0,46.5,12,2005,Winter
2005-12-15,12.191666666666668,20.4,4.2,24,0.0,53.458333333333336,12,2005,Winter
2005-12-16,13.125,21.1,5.4,24,0.0,58.125,12,2005,Winter
2005-12-17,13.441666666666668,21.5,6.1,24,0.0,60.375,12,2005,Winter
2005-12-18,13.674999999999999,21.9,6.4,24,0.0,57.875,12,2005,Winter
2005-12-19,13.245833333333332,21.4,5.2,24,0.0,58.75,12,2005,Winter
2005-12-20,13.908333333333333,21.0,7.0,24,0.0,64.16666666666667,12,2005,Winter
2005-12-21,13.762500000000001,20.6,7.1,24,0.0,70.04166666666667,12,2005,Winter
2005-12-22,14.258333333333333,21.6,7.0,24,0.0,73.20833333333333,12,2005,Winter
2005-12-23,14.4625,20.3,9.5,24,0.6,75.20833333333333,12,2005,Winter
2005-12-24,13.891666666666666,20.8,7.9,24,0.0,71.54166666666667,12,2005,Winter
2005-12-25,13.933333333333332,21.2,8.3,24,0.0,60.666666666666664,12,2005,Winter
2005-12-26,14.237499999999999,21.8,8.1,24,0.0,58.708333333333336,12,2005,Winter
2005-12-27,15.329166666666666,22.4,10.2,24,0.0,60.291666666666664,12,2005,Winter
2005-12-28,15.404166666666667,23.1,8.2,24,0.0,65.91666666666667,12,2005,Winter
2005-12-29,14.791666666666666,22.3,7.2,24,0.0,66.625,12,2005,Winter
2005-12-30,14.191666666666668,21.7,7.2,24,0.0,66.29166666666667,12,2005,Winter
2005-12-31,14.620833333333332,22.3,7.4,24,0.0,65.20833333333333,12,2005,Winter
2006-01-01,16.5,24.4,9.6,24,0.0,64.25,1,2006,Winter
2006-01-02,17.783333333333335,23.2,14.1,24,2.3,68.125,1,2006,Winter
2006-01-03,15.158333333333333,20.2,11.2,24,0.4,75.29166666666667,1,2006,Winter
2006-01-04,12.120833333333332,18.2,7.5,24,0.0,61.208333333333336,1,2006,Winter
2006-01-05,11.283333333333333,18.1,6.0,24,0.0,59.291666666666664,1,2006,Winter
2006-01-06,11.041666666666666,18.5,5.3,24,0.0,52.0,1,2006,Winter
2006-01-07,10.825000000000001,18.5,5.0,24,0.0,52.166666666666664,1,2006,Winter
2006-01-08,10.208333333333334,18.4,3.6,24,0.0,56.333333333333336,1,2006,Winter
2006-01-09,10.933333333333332,19.0,3.7,24,0.0,60.75,1,2006,Winter
2006-01-10,12.387500000000001,19.8,6.7,24,0.0,61.75,1,2006,Winter
2006-01-11,12.65,21.4,5.9,24,0.0,62.5,1,2006,Winter
2006-01-12,14.112499999999999,23.3,6.9,24,0.0,61.958333333333336,1,2006,Winter
2006-01-13,15.029166666666667,24.2,7.4,24,0.0,56.166666666666664,1,2006,Winter
2006-01-14,15.979166666666666,24.5,9.1,24,0.0,52.041666666666664,1,2006,Winter
2006-01-15,17.3875,25.6,10.7,24,0.0,50.958333333333336,1,2006,Winter
2006-01-16,18.116666666666667,25.9,11.2,24,0.0,58.833333333333336,1,2006,Winter
2006-01-17,19.3875,26.9,12.9,24,0.0,62.75,1,2006,Winter
2006-01-18,18.791666666666668,25.0,14.1,24,0.0,67.75,1,2006,Winter
2006-01-19,16.754166666666666,23.4,11.8,24,0.0,64.79166666666667,1,2006,Winter
2006-01-20,15.9,23.6,9.4,24,0.0,49.5,1,2006,Winter
2006-01-21,15.083333333333334,22.0,9.4,24,0.0,48.25,1,2006,Winter
2006-01-22,14.241666666666667,20.8,9.4,24,0.0,41.083333333333336,1,2006,Winter
2006-01-23,12.308333333333332,19.9,4.9,24,0.0,49.625,1,2006,Winter
2006-01-24,13.362499999999999,20.9,7.0,24,0.0,42.5,1,2006,Winter
2006-01-25,13.483333333333334,21.1,7.1,24,0.0,45.333333333333336,1,2006,Winter
2006-01-26,13.395833333333334,21.7,5.7,24,0.0,52.208333333333336,1,2006,Winter
2006-01-27,14.520833333333334,22.7,7.3,24,0.0,48.875,1,2006,Winter
2006-01-28,15.641666666666666,23.7,7.7,24,0.0,52.166666666666664,1,2006,Winter
2006-01-29,16.65,26.1,7.9,24,0.0,54.708333333333336,1,2006,Winter
2006-01-30,17.825,26.5,10.1,24,0.0,50.875,1,2006,Winter
2006-01-31,17.787499999999998,27.1,9.4,24,0.0,54.75,1,2006,Winter
2006-02-01,18.366666666666667,26.6,10.1,24,0.0,52.666666666666664,2,2006,Winter
2006-02-02,19.4875,27.2,13.7,24,0.0,44.875,2,2006,Winter
2006-02-03,18.958333333333332,27.2,12.0,24,0.0,44.0,2,2006,Winter
2006-02-04,19.220833333333335,27.2,12.5,24,0.0,42.291666666666664,2,2006,Winter
2006-02-05,19.429166666666667,28.0,12.5,24,0.0,43.791666666666664,2,2006,Winter
2006-02-06,19.275000000000002,27.6,12.3,24,0.0,49.791666666666664,2,2006,Winter
2006-02-07,20.037499999999998,28.2,12.6,24,0.0,50.75,2,2006,Winter
2006-02-08,20.108333333333334,27.9,12.6,24,0.0,53.916666666666664,2,2006,Winter
2006-02-09,20.458333333333332,27.8,14.0,24,0.0,58.5,2,2006,Winter
2006-02-10,19.633333333333333,27.4,12.1,24,0.0,55.625,2,2006,Winter
2006-02-11,19.75,27.6,11.7,24,0.0,51.916666666666664,2,2006,Winter
2006-02-12,21.320833333333333,29.2,14.3,24,0.0,53.208333333333336,2,2006,Winter
2006-02-13,22.650000000000002,30.3,15.6,24,0.0,51.5,2,2006,Winter
2006-02-14,23.3125,31.0,16.2,24,0.0,54.125,2,2006,Winter
2006-02-15,21.858333333333334,28.4,16.4,24,0.0,50.625,2,2006,Winter
2006-02-16,21.704166666666666,29.5,14.3,24,0.0,57.041666666666664,2,2006,Winter
2006-02-17,22.97083333333333,30.8,15.6,24,0.0,55.166666666666664,2,2006,Winter
2006-02-18,23.291666666666668,30.0,17.0,24,0.0,52.0,2,2006,Winter
2006-02-19,23.5125,30.5,17.8,24,0.0,58.333333333333336,2,2006,Winter
2006-02-20,23.40833333333333,30.7,17.0,24,0.0,57.541666666666664,2,2006,Winter
2006-02-21,23.858333333333334,31.5,16.7,24,0.0,57.875,2,2006,Winter
2006-02-22,24.037499999999998,32.0,16.8,24,0.0,46.416666666666664,2,2006,Winter
2006-02-23,24.133333333333336,31.9,17.1,24,0.0,49.5,2,2006,Winter
2006-02-24,24.0,31.8,17.6,24,0.0,52.25,2,2006,Winter
2006-02-25,24.224999999999998,32.2,16.2,24,0.0,51.166666666666664,2,2006,Winter
2006-02-26,23.599999999999998,31.4,16.7,24,0.3,53.958333333333336,2,2006,Winter
2006-02-27,21.962500000000002,28.3,15.9,24,0.0,54.083333333333336,2,2006,Winter
2006-02-28,20.2,27.3,13.7,24,0.0,49.25,2,2006,Winter
2006-03-01,20.233333333333334,27.9,12.6,24,0.0,43.583333333333336,3,2006,Summer
2006-03-02,20.2375,28.5,12.6,24,0.0,42.458333333333336,3,2006,Summer
2006-03-03,21.195833333333333,29.7,11.6,24,0.0,43.75,3,2006,Summer
2006-03-04,21.670833333333334,31.1,12.6,24,0.0,45.5,3,2006,Summer
2006-03-05,22.537499999999998,31.2,12.5,24,0.0,43.0,3,2006,Summer
2006-03-06,22.662499999999998,30.9,14.8,24,0.1,39.375,3,2006,Summer
2006-03-07,23.795833333333334,31.6,15.7,24,0.0,38.208333333333336,3,2006,Summer
2006-03-08,24.1375,32.7,15.6,24,0.0,38.041666666666664,3,2006,Summer
2006-03-09,23.133333333333336,29.6,18.0,24,2.4,59.541666666666664,3,2006,Summer
2006-03-10,19.204166666666666,21.6,17.2,24,24.1,86.79166666666667,3,2006,Summer
2006-03-11,18.570833333333333,22.9,16.4,24,7.7,85.66666666666667,3,2006,Summer
2006-03-12,19.204166666666666,24.0,14.8,24,0.30000000000000004,79.79166666666667,3,2006,Summer
2006-03-13,20.45,26.5,14.5,24,0.0,72.04166666666667,3,2006,Summer
2006-03-14,19.575,23.6,16.7,24,6.4,77.25,3,2006,Summer
2006-03-15,19.066666666666666,24.6,15.7,24,0.0,79.83333333333333,3,2006,Summer
2006-03-16,18.825,25.7,12.6,24,0.0,72.625,3,2006,Summer
2006-03-17,19.308333333333334,26.2,12.6,24,0.0,58.291666666666664,3,2006,Summer
2006-03-18,19.916666666666668,27.1,13.8,24,0.0,54.25,3,2006,Summer
2006-03-19,20.974999999999998,28.7,13.6,24,0.0,57.083333333333336,3,2006,Summer
2006-03-20,22.587500000000002,31.2,14.5,24,0.9,57.416666666666664,3,2006,Summer
2006-03-21,22.46666666666667,29.6,15.4,24,0.0,58.208333333333336,3,2006,Summer
2006-03-22,22.366666666666664,29.2,16.4,24,0.0,51.333333333333336,3,2006,Summer
2006-03-23,23.145833333333332,31.8,14.0,24,0.0,52.916666666666664,3,2006,Summer
2006-03-24,25.079166666666666,33.7,15.4,24,0.0,45.75,3,2006,Summer
2006-03-25,23.979166666666668,31.1,17.9,24,0.4,53.375,3,2006,Summer
2006-03-26,23.266666666666666,29.6,16.8,24,0.8,53.625,3,2006,Summer
2006-03-27,22.541666666666668,28.9,15.3,24,0.0,47.625,3,2006,Summer
2006-03-28,22.370833333333334,29.2,15.9,24,0.0,41.125,3,2006,Summer
2006-03-29,23.183333333333334,31.0,15.6,24,0.0,40.416666666666664,3,2006,Summer
2006-03-30,24.304166666666664,31.9,15.7,24,0.0,41.25,3,2006,Summer
2006-03-31,26.075,34.3,17.1,24,0.0,41.333333333333336,3,2006,Summer
2006-04-01,27.916666666666668,35.8,19.9,24,0.0,36.0,4,2006,Summer
2006-04-02,27.058333333333334,36.5,17.4,24,0.0,29.833333333333332,4,2006,Summer
2006-04-03,27.983333333333334,35.8,18.9,24,0.0,30.916666666666668,4,2006,Summer
2006-04-04,28.358333333333334,36.2,20.2,24,0.0,26.25,4,2006,Summer
2006-04-05,29.329166666666666,37.2,21.5,24,0.0,28.291666666666668,4,2006,Summer
2006-04-06,30.041666666666668,38.1,20.9,24,0.0,28.666666666666668,4,2006,Summer
2006-04-07,30.295833333333334,38.6,21.6,24,0.0,26.25,4,2006,Summer
2006-04-08,30.795833333333334,39.1,20.9,24,0.0,27.166666666666668,4,2006,Summer
2006-04-09,31.483333333333334,39.6,23.3,24,0.0,29.958333333333332,4,2006,Summer
2006-04-10,28.629166666666666,35.0,22.5,24,0.0,37.25,4,2006,Summer
2006-04-11,28.991666666666664,36.1,20.8,24,0.0,26.416666666666668,4,2006,Summer
2006-04-12,28.037499999999998,35.3,21.3,24,0.0,17.541666666666668,4,2006,Summer
2006-04-13,27.066666666666666,34.7,19.5,24,0.0,12.75,4,2006,Summer
2006-04-14,27.920833333333334,36.4,18.3,24,0.0,13.458333333333334,4,2006,Summer
2006-04-15,29.041666666666668,37.7,18.7,24,0.0,16.083333333333332,4,2006,Summer
2006-04-16,29.53333333333333,38.2,20.5,24,0.0,20.291666666666668,4,2006,Summer
2006-04-17,27.166666666666668,34.8,20.2,24,0.0,26.875,4,2006,Summer
2006-04-18,25.925,32.6,18.8,24,0.0,38.208333333333336,4,2006,Summer
2006-04-19,26.675,34.0,19.6,24,0.2,46.375,4,2006,Summer
2006-04-20,28.174999999999997,34.9,21.4,24,0.0,38.083333333333336,4,2006,Summer
2006-04-21,29.416666666666668,36.2,21.9,24,0.9,35.791666666666664,4,2006,Summer
2006-04-22,30.174999999999997,37.9,21.1,24,0.0,31.0,4,2006,Summer
2006-04-23,31.270833333333332,39.4,21.9,24,0.0,23.291666666666668,4,2006,Summer
2006-04-24,31.175,38.6,22.3,24,0.0,26.5,4,2006,Summer
2006-04-25,31.633333333333336,39.9,21.9,24,0.0,27.541666666666668,4,2006,Summer
2006-04-26,32.4125,41.2,22.9,24,0.0,19.791666666666668,4,2006,Summer
2006-04-27,34.016666666666666,42.0,26.0,24,0.0,17.208333333333332,4,2006,Summer
2006-04-28,33.204166666666666,40.7,24.1,24,0.0,22.0,4,2006,Summer
2006-04-29,33.4,41.1,25.3,24,0.0,27.833333333333332,4,2006,Summer
2006-04-30,34.40416666666667,41.2,27.5,24,0.0,23.0,4,2006,Summer
2006-05-01,34.208333333333336,41.6,25.9,24,0.0,20.833333333333332,5,2006,Summer
2006-05-02,33.770833333333336,41.3,25.7,24,0.5,20.208333333333332,5,2006,Summer
2006-05-03,32.262499999999996,39.9,23.1,24,0.0,26.208333333333332,5,2006,Summer
2006-05-04,32.645833333333336,40.3,23.3,24,0.0,24.958333333333332,5,2006,Summer
2006-05-05,34.25,43.0,24.4,24,0.0,23.791666666666668,5,2006,Summer
2006-05-06,35.895833333333336,44.4,27.8,24,0.0,22.625,5,2006,Summer
2006-05-07,35.666666666666664,43.6,27.4,24,0.1,25.583333333333332,5,2006,Summer
2006-05-08,34.85,41.1,28.7,24,0.0,39.333333333333336,5,2006,Summer
2006-05-09,33.12916666666667,39.4,28.7,24,0.4,47.666666666666664,5,2006,Summer
2006-05-10,33.770833333333336,41.2,27.7,24,0.6000000000000001,42.75,5,2006,Summer
2006-05-11,33.775,39.8,26.9,24,0.0,40.958333333333336,5,2006,Summer
2006-05-12,33.42916666666667,41.1,26.6,24,1.2,41.666666666666664,5,2006,Summer
2006-05-13,33.34166666666667,41.3,25.9,24,0.0,45.708333333333336,5,2006,Summer
2006-05-14,33.762499999999996,39.4,28.0,24,0.0,46.75,5,2006,Summer
2006-05-15,33.545833333333334,39.1,28.5,24,0.6000000000000001,46.291666666666664,5,2006,Summer
2006-05-16,32.266666666666666,39.0,28.0,24,3.6,53.0,5,2006,Summer
2006-05-17,31.84166666666667,36.9,27.7,24,0.3,51.416666666666664,5,2006,Summer
2006-05-18,32.016666666666666,38.5,26.5,24,0.2,52.25,5,2006,Summer
2006-05-19,32.90833333333333,38.9,26.9,24,0.7,45.416666666666664,5,2006,Summer
2006-05-20,31.349999999999998,37.6,26.5,24,0.7,52.333333333333336,5,2006,Summer
2006-05-21,31.7375,37.6,26.0,24,0.0,54.458333333333336,5,2006,Summer
2006-05-22,30.704166666666666,35.9,25.9,24,0.6,63.708333333333336,5,2006,Summer
2006-05-23,30.604166666666668,35.0,26.3,24,5.0,61.375,5,2006,Summer
2006-05-24,33.06666666666667,39.4,27.9,24,0.4,51.291666666666664,5,2006,Summer
2006-05-25,33.93333333333333,39.1,28.8,24,0.0,50.541666666666664,5,2006,Summer
2006-05-26,34.520833333333336,40.4,29.0,24,0.0,51.708333333333336,5,2006,Summer
2006-05-27,34.675000000000004,40.4,29.7,24,0.0,49.333333333333336,5,2006,Summer
2006-05-28,33.67916666666667,39.4,28.1,24,0.0,55.375,5,2006,Summer
2006-05-29,33.34166666666667,38.5,28.2,24,0.0,52.083333333333336,5,2006,Summer
2006-05-30,34.07083333333333,39.8,28.5,24,0.0,51.166666666666664,5,2006,Summer
2006-05-31,34.96666666666667,40.9,30.8,24,0.6,49.375,5,2006,Summer
2006-06-01,34.77916666666667,41.0,30.4,24,0.0,50.125,6,2006,Monsoon
2006-06-02,32.17916666666667,34.5,28.7,24,0.30000000000000004,53.625,6,2006,Monsoon
2006-06-03,25.78333333333333,27.5,23.7,24,43.3,84.04166666666667,6,2006,Monsoon
2006-06-04,29.179166666666664,35.3,22.5,24,0.0,64.75,6,2006,Monsoon
2006-06-05,30.7375,36.3,25.2,24,2.4,60.666666666666664,6,2006,Monsoon
2006-06-06,32.641666666666666,38.8,26.8,24,0.0,41.0,6,2006,Monsoon
2006-06-07,33.02916666666667,39.2,26.1,24,0.0,35.458333333333336,6,2006,Monsoon
2006-06-08,34.2125,41.0,26.6,24,0.0,29.75,6,2006,Monsoon
2006-06-09,34.729166666666664,41.8,27.2,24,0.0,24.041666666666668,6,2006,Monsoon
2006-06-10,35.704166666666666,43.0,27.4,24,0.0,22.125,6,2006,Monsoon
2006-06-11,36.270833333333336,42.5,31.1,24,0.0,21.541666666666668,6,2006,Monsoon
2006-06-12,35.237500000000004,41.1,30.1,24,1.5,28.708333333333332,6,2006,Monsoon
2006-06-13,33.737500000000004,39.7,29.6,24,1.0,33.375,6,2006,Monsoon
2006-06-14,32.229166666666664,37.9,26.4,24,0.1,40.708333333333336,6,2006,Monsoon
2006-06-15,33.5625,39.1,28.6,24,0.1,36.416666666666664,6,2006,Monsoon
2006-06-16,32.699999999999996,39.0,27.7,24,2.6,46.291666666666664,6,2006,Monsoon
2006-06-17,30.875,35.4,26.6,24,0.7,53.125,6,2006,Monsoon
2006-06-18,32.24166666666667,37.9,26.3,24,0.0,44.625,6,2006,Monsoon
2006-06-19,31.233333333333334,37.5,26.3,24,1.5999999999999999,43.125,6,2006,Monsoon
2006-06-20,30.229166666666668,35.8,24.4,24,1.3,53.583333333333336,6,2006,Monsoon
2006-06-21,32.13333333333333,37.7,26.5,24,0.1,46.625,6,2006,Monsoon
2006-06-22,33.0875,38.2,27.6,24,0.0,47.958333333333336,6,2006,Monsoon
2006-06-23,33.875,38.9,28.9,24,0.0,49.041666666666664,6,2006,Monsoon
2006-06-24,33.795833333333334,38.0,29.9,24,0.1,54.625,6,2006,Monsoon
2006-06-25,32.03333333333333,35.9,28.8,24,0.6000000000000001,63.875,6,2006,Monsoon
2006-06-26,30.337500000000002,34.9,25.9,24,8.899999999999999,74.5,6,2006,Monsoon
2006-06-27,28.695833333333336,33.3,24.9,24,13.5,80.625,6,2006,Monsoon
2006-06-28,29.266666666666666,34.2,24.9,24,4.8,76.08333333333333,6,2006,Monsoon
2006-06-29,29.870833333333334,34.2,25.8,24,0.6000000000000001,74.75,6,2006,Monsoon
2006-06-30,29.333333333333332,33.4,26.0,24,2.1,77.79166666666667,6,2006,Monsoon
2006-07-01,31.329166666666666,35.9,26.7,24,0.7000000000000001,69.25,7,2006,Monsoon
2006-07-02,33.041666666666664,37.2,28.9,24,0.5,60.208333333333336,7,2006,Monsoon
2006-07-03,33.229166666666664,37.6,29.3,24,0.30000000000000004,61.25,7,2006,Monsoon
2006-07-04,33.71666666666667,38.0,29.5,24,0.0,56.75,7,2006,Monsoon
2006-07-05,31.920833333333334,34.1,29.6,24,0.0,61.75,7,2006,Monsoon
2006-07-06,32.166666666666664,35.3,28.7,24,0.2,60.166666666666664,7,2006,Monsoon
2006-07-07,34.25833333333333,38.4,29.3,24,0.1,51.083333333333336,7,2006,Monsoon
2006-07-08,33.237500000000004,39.0,29.2,24,1.3,59.708333333333336,7,2006,Monsoon
2006-07-09,29.795833333333334,35.8,26.1,24,57.5,71.66666666666667,7,2006,Monsoon
2006-07-10,26.95,29.0,26.2,24,79.4,90.75,7,2006,Monsoon
2006-07-11,27.037499999999998,30.1,25.6,24,38.6,90.91666666666667,7,2006,Monsoon
2006-07-12,26.995833333333334,29.1,25.9,24,7.2,89.66666666666667,7,2006,Monsoon
2006-07-13,28.46666666666667,31.6,25.5,24,2.5,82.25,7,2006,Monsoon
2006-07-14,28.90416666666667,33.5,25.5,24,1.0,81.29166666666667,7,2006,Monsoon
2006-07-15,30.712500000000002,34.8,26.7,24,0.0,70.625,7,2006,Monsoon
2006-07-16,30.7375,33.9,27.0,24,0.0,73.16666666666667,7,2006,Monsoon
2006-07-17,30.400000000000002,33.7,27.6,24,0.2,77.91666666666667,7,2006,Monsoon
2006-07-18,28.808333333333334,30.5,27.0,24,4.0,87.70833333333333,7,2006,Monsoon
2006-07-19,28.53333333333333,30.9,27.0,24,7.0,86.33333333333333,7,2006,Monsoon
2006-07-20,28.97083333333333,32.3,26.2,24,1.1,82.45833333333333,7,2006,Monsoon
2006-07-21,29.1875,32.6,26.4,24,0.9,80.83333333333333,7,2006,Monsoon
2006-07-22,29.825,33.0,27.0,24,0.0,74.45833333333333,7,2006,Monsoon
2006-07-23,29.145833333333332,32.1,26.7,24,0.1,74.875,7,2006,Monsoon
2006-07-24,28.45,32.0,26.6,24,2.4,82.75,7,2006,Monsoon
2006-07-25,28.212500000000002,31.6,26.5,24,14.1,86.875,7,2006,Monsoon
2006-07-26,26.670833333333334,28.6,25.8,24,21.9,91.25,7,2006,Monsoon
2006-07-27,25.8,27.0,25.0,24,21.6,93.41666666666667,7,2006,Monsoon
2006-07-28,27.224999999999998,30.3,24.6,24,3.3000000000000003,85.70833333333333,7,2006,Monsoon
2006-07-29,27.441666666666666,30.1,24.9,24,5.4,84.33333333333333,7,2006,Monsoon
2006-07-30,29.683333333333334,33.3,26.3,24,0.2,75.125,7,2006,Monsoon
2006-07-31,29.495833333333334,32.8,27.1,24,0.30000000000000004,73.625,7,2006,Monsoon
2006-08-01,28.933333333333334,32.1,26.7,24,0.0,74.04166666666667,8,2006,Monsoon
2006-08-02,28.441666666666666,32.4,24.5,24,0.0,73.45833333333333,8,2006,Monsoon
2006-08-03,27.7375,32.2,25.7,24,8.9,85.125,8,2006,Monsoon
2006-08-04,28.645833333333332,32.3,26.1,24,3.7,81.83333333333333,8,2006,Monsoon
2006-08-05,29.129166666666666,31.9,27.2,24,0.1,72.375,8,2006,Monsoon
2006-08-06,28.53333333333333,31.4,26.3,24,1.5,73.375,8,2006,Monsoon
2006-08-07,28.204166666666666,31.1,26.2,24,0.5,77.16666666666667,8,2006,Monsoon
2006-08-08,27.775000000000002,31.7,25.8,24,2.2,79.83333333333333,8,2006,Monsoon
2006-08-09,28.620833333333334,32.6,25.7,24,0.0,78.625,8,2006,Monsoon
2006-08-10,29.545833333333334,33.4,26.0,24,0.7,76.16666666666667,8,2006,Monsoon
2006-08-11,30.03333333333333,34.1,26.5,24,0.0,73.25,8,2006,Monsoon
2006-08-12,30.09583333333333,33.7,26.3,24,0.0,72.91666666666667,8,2006,Monsoon
2006-08-13,30.904166666666665,35.4,27.0,24,0.0,71.33333333333333,8,2006,Monsoon
2006-08-14,29.545833333333334,32.8,26.1,24,3.7,80.125,8,2006,Monsoon
2006-08-15,29.808333333333334,34.0,26.9,24,4.7,78.25,8,2006,Monsoon
2006-08-16,30.425,34.5,27.3,24,0.3,73.20833333333333,8,2006,Monsoon
2006-08-17,30.974999999999998,34.9,27.2,24,0.0,71.375,8,2006,Monsoon
2006-08-18,30.7375,34.2,27.7,24,0.1,70.66666666666667,8,2006,Monsoon
2006-08-19,29.47083333333333,32.2,26.9,24,0.6000000000000001,73.83333333333333,8,2006,Monsoon
2006-08-20,28.558333333333334,31.8,25.6,24,0.0,70.54166666666667,8,2006,Monsoon
2006-08-21,29.754166666666666,33.2,26.2,24,0.1,70.54166666666667,8,2006,Monsoon
2006-08-22,29.9875,33.6,27.5,24,0.4,68.20833333333333,8,2006,Monsoon
2006-08-23,29.3875,33.3,26.7,24,3.0999999999999996,76.79166666666667,8,2006,Monsoon
2006-08-24,29.40833333333333,34.2,25.7,24,3.9,76.08333333333333,8,2006,Monsoon
2006-08-25,30.59583333333333,34.3,27.4,24,0.0,63.625,8,2006,Monsoon
2006-08-26,30.662499999999998,34.1,27.3,24,0.2,59.208333333333336,8,2006,Monsoon
2006-08-27,30.008333333333336,33.9,26.5,24,0.1,62.5,8,2006,Monsoon
2006-08-28,30.075,34.2,26.5,24,0.0,58.583333333333336,8,2006,Monsoon
2006-08-29,30.025000000000002,35.0,26.4,24,1.5,60.625,8,2006,Monsoon
2006-08-30,27.604166666666668,31.8,25.3,24,3.5,80.54166666666667,8,2006,Monsoon
2006-08-31,27.566666666666666,32.4,23.8,24,5.3,77.125,8,2006,Monsoon
2006-09-01,26.233333333333334,29.3,23.5,24,15.5,77.83333333333333,9,2006,Monsoon
2006-09-02,24.366666666666664,28.4,22.3,24,21.0,92.16666666666667,9,2006,Monsoon
2006-09-03,26.95,31.1,23.2,24,0.6,78.79166666666667,9,2006,Monsoon
2006-09-04,27.204166666666666,31.6,22.8,24,0.0,76.45833333333333,9,2006,Monsoon
2006-09-05,28.491666666666664,32.3,24.8,24,0.0,76.95833333333333,9,2006,Monsoon
2006-09-06,29.037499999999998,33.0,25.8,24,0.1,75.16666666666667,9,2006,Monsoon
2006-09-07,28.995833333333334,32.7,25.9,24,0.2,75.70833333333333,9,2006,Monsoon
2006-09-08,29.3125,33.3,25.1,24,0.0,68.16666666666667,9,2006,Monsoon
2006-09-09,29.72083333333333,33.6,26.6,24,0.0,62.333333333333336,9,2006,Monsoon
2006-09-10,29.900000000000002,33.8,26.7,24,0.0,61.125,9,2006,Monsoon
2006-09-11,30.041666666666668,33.9,26.1,24,0.1,63.25,9,2006,Monsoon
2006-09-12,30.870833333333334,35.9,26.6,24,0.0,57.458333333333336,9,2006,Monsoon
2006-09-13,30.75,35.4,25.7,24,0.0,58.625,9,2006,Monsoon
2006-09-14,29.65833333333333,35.4,25.9,24,1.5,67.45833333333333,9,2006,Monsoon
2006-09-15,29.066666666666666,34.2,24.7,24,0.4,68.16666666666667,9,2006,Monsoon
2006-09-16,29.570833333333336,34.4,25.2,24,0.0,68.83333333333333,9,2006,Monsoon
2006-09-17,29.90833333333333,34.9,25.1,24,0.0,63.75,9,2006,Monsoon
2006-09-18,30.254166666666666,35.0,25.4,24,0.0,60.541666666666664,9,2006,Monsoon
2006-09-19,31.183333333333334,36.3,26.3,24,0.0,57.208333333333336,9,2006,Monsoon
2006-09-20,30.729166666666668,35.9,27.1,24,0.30000000000000004,60.666666666666664,9,2006,Monsoon
2006-09-21,29.283333333333335,34.2,24.4,24,1.1,68.125,9,2006,Monsoon
2006-09-22,29.958333333333332,35.4,25.1,24,0.0,63.666666666666664,9,2006,Monsoon
2006-09-23,29.454166666666666,35.7,23.4,24,0.0,56.25,9,2006,Monsoon
2006-09-24,29.020833333333332,35.8,22.5,24,0.0,48.708333333333336,9,2006,Monsoon
2006-09-25,29.104166666666668,36.0,22.2,24,0.0,46.0,9,2006,Monsoon
2006-09-26,29.474999999999998,36.2,21.8,24,0.0,45.375,9,2006,Monsoon
2006-09-27,30.0625,36.8,23.1,24,0.0,42.333333333333336,9,2006,Monsoon
2006-09-28,29.962500000000002,37.2,22.5,24,0.0,42.375,9,2006,Monsoon
2006-09-29,29.724999999999998,36.8,22.3,24,0.0,39.208333333333336,9,2006,Monsoon
2006-09-30,28.858333333333334,34.8,20.9,24,0.0,50.458333333333336,9,2006,Monsoon
2006-10-01,29.5125,34.6,24.2,24,0.0,59.5,10,2006,Post-monsoon
2006-10-02,29.45,35.9,22.5,24,0.0,48.791666666666664,10,2006,Post-monsoon
2006-10-03,29.59583333333333,36.3,22.5,24,0.0,45.791666666666664,10,2006,Post-monsoon
2006-10-04,30.175,37.4,23.1,24,0.0,41.666666666666664,10,2006,Post-monsoon
2006-10-05,29.900000000000002,37.4,22.5,24,0.0,39.291666666666664,10,2006,Post-monsoon
2006-10-06,30.275000000000002,37.3,24.8,24,0.0,37.833333333333336,10,2006,Post-monsoon
2006-10-07,29.883333333333336,36.3,24.0,24,0.0,42.25,10,2006,Post-monsoon
2006-10-08,30.3125,35.6,25.6,24,0.0,45.166666666666664,10,2006,Post-monsoon
2006-10-09,29.804166666666664,35.7,24.3,24,0.0,47.166666666666664,10,2006,Post-monsoon
2006-10-10,29.3625,35.7,23.1,24,0.0,40.791666666666664,10,2006,Post-monsoon
2006-10-11,29.483333333333334,35.9,23.2,24,0.0,38.916666666666664,10,2006,Post-monsoon
2006-10-12,29.554166666666664,35.6,23.6,24,0.0,40.916666666666664,10,2006,Post-monsoon
2006-10-13,28.99166666666667,35.2,23.6,24,0.0,42.25,10,2006,Post-monsoon
2006-10-14,28.254166666666666,35.0,21.5,24,0.0,44.583333333333336,10,2006,Post-monsoon
2006-10-15,27.458333333333332,34.2,20.2,24,0.0,43.333333333333336,10,2006,Post-monsoon
2006-10-16,27.554166666666664,34.1,21.1,24,0.0,44.666666666666664,10,2006,Post-monsoon
2006-10-17,27.679166666666664,33.7,20.8,24,0.0,50.666666666666664,10,2006,Post-monsoon
2006-10-18,27.558333333333334,34.2,23.0,24,0.7,53.375,10,2006,Post-monsoon
2006-10-19,25.266666666666666,31.4,20.4,24,1.2,63.041666666666664,10,2006,Post-monsoon
2006-10-20,23.537499999999998,28.2,20.1,24,0.7,67.58333333333333,10,2006,Post-monsoon
2006-10-21,23.95,30.2,17.8,24,0.7,63.375,10,2006,Post-monsoon
2006-10-22,22.65833333333333,28.4,19.3,24,4.7,72.125,10,2006,Post-monsoon
2006-10-23,23.166666666666668,27.7,18.6,24,0.0,70.91666666666667,10,2006,Post-monsoon
2006-10-24,23.662499999999998,29.1,17.0,24,0.0,62.416666666666664,10,2006,Post-monsoon
2006-10-25,23.325,29.6,17.1,24,0.0,60.875,10,2006,Post-monsoon
2006-10-26,24.03333333333333,30.3,17.2,24,0.0,60.916666666666664,10,2006,Post-monsoon
2006-10-27,24.537499999999998,30.6,18.5,24,0.0,57.041666666666664,10,2006,Post-monsoon
2006-10-28,24.741666666666664,30.4,19.1,24,0.5,56.875,10,2006,Post-monsoon
2006-10-29,24.474999999999998,30.5,18.2,24,0.0,57.166666666666664,10,2006,Post-monsoon
2006-10-30,23.945833333333336,30.6,17.3,24,0.0,59.125,10,2006,Post-monsoon
2006-10-31,23.791666666666668,30.1,17.6,24,0.0,56.958333333333336,10,2006,Post-monsoon
2006-11-01,23.724999999999998,29.9,18.8,24,0.0,58.625,11,2006,Post-monsoon
2006-11-02,23.662499999999998,29.5,18.3,24,0.0,60.041666666666664,11,2006,Post-monsoon
2006-11-03,23.770833333333332,29.6,17.9,24,0.0,58.625,11,2006,Post-monsoon
2006-11-04,23.916666666666668,30.3,18.6,24,0.0,58.875,11,2006,Post-monsoon
2006-11-05,23.912499999999998,30.4,17.9,24,0.0,59.083333333333336,11,2006,Post-monsoon
2006-11-06,23.95,30.4,17.0,24,0.0,57.291666666666664,11,2006,Post-monsoon
2006-11-07,24.129166666666666,30.2,19.5,24,0.3,56.833333333333336,11,2006,Post-monsoon
2006-11-08,23.474999999999998,30.3,17.2,24,1.3,61.666666666666664,11,2006,Post-monsoon
2006-11-09,23.991666666666664,29.8,17.6,24,0.0,62.791666666666664,11,2006,Post-monsoon
2006-11-10,23.6375,29.7,18.2,24,0.0,59.708333333333336,11,2006,Post-monsoon
2006-11-11,23.55,30.3,17.4,24,0.0,54.875,11,2006,Post-monsoon
2006-11-12,23.40833333333333,29.5,17.2,24,0.0,59.166666666666664,11,2006,Post-monsoon
2006-11-13,22.958333333333332,29.5,16.9,24,0.0,58.916666666666664,11,2006,Post-monsoon
2006-11-14,22.433333333333334,28.7,16.8,24,0.0,56.083333333333336,11,2006,Post-monsoon
2006-11-15,21.599999999999998,28.3,15.2,24,0.0,53.208333333333336,11,2006,Post-monsoon
2006-11-16,21.233333333333334,28.0,15.2,24,0.0,52.625,11,2006,Post-monsoon
2006-11-17,22.120833333333334,28.8,15.7,24,0.0,57.208333333333336,11,2006,Post-monsoon
2006-11-18,22.791666666666668,29.4,17.0,24,0.0,57.5,11,2006,Post-monsoon
2006-11-19,21.53333333333333,27.2,16.7,24,0.0,59.0,11,2006,Post-monsoon
2006-11-20,21.275000000000002,27.3,16.7,24,0.0,53.958333333333336,11,2006,Post-monsoon
2006-11-21,20.629166666666666,27.4,14.7,24,0.0,56.0,11,2006,Post-monsoon
2006-11-22,20.8875,27.2,15.6,24,0.0,60.041666666666664,11,2006,Post-monsoon
2006-11-23,20.495833333333334,26.2,15.5,24,0.0,59.208333333333336,11,2006,Post-monsoon
2006-11-24,18.104166666666668,24.0,12.7,24,0.0,58.416666666666664,11,2006,Post-monsoon
2006-11-25,16.895833333333332,23.7,10.9,24,0.0,45.083333333333336,11,2006,Post-monsoon
2006-11-26,16.266666666666666,23.7,10.1,24,0.0,43.541666666666664,11,2006,Post-monsoon
2006-11-27,16.037499999999998,23.3,9.0,24,0.0,48.916666666666664,11,2006,Post-monsoon
2006-11-28,16.970833333333335,23.8,11.5,24,0.0,50.875,11,2006,Post-monsoon
2006-11-29,16.808333333333334,25.0,9.4,24,0.0,48.583333333333336,11,2006,Post-monsoon
2006-11-30,17.474999999999998,25.1,11.4,24,0.0,44.041666666666664,11,2006,Post-monsoon
2006-12-01,17.345833333333335,24.6,11.6,24,0.0,43.875,12,2006,Winter
2006-12-02,16.875,24.4,10.8,24,0.0,42.916666666666664,12,2006,Winter
2006-12-03,17.724999999999998,25.2,10.7,24,0.0,44.166666666666664,12,2006,Winter
2006-12-04,17.650000000000002,24.2,11.7,24,0.0,58.0,12,2006,Winter
2006-12-05,19.133333333333333,24.8,15.0,24,1.3,63.75,12,2006,Winter
2006-12-06,18.916666666666668,23.4,15.2,24,0.0,73.79166666666667,12,2006,Winter
2006-12-07,17.691666666666666,23.2,13.5,24,0.0,65.25,12,2006,Winter
2006-12-08,15.433333333333332,21.2,10.9,24,0.0,58.0,12,2006,Winter
2006-12-09,14.104166666666666,21.1,7.7,24,0.0,64.58333333333333,12,2006,Winter
2006-12-10,15.366666666666667,21.8,9.4,24,0.2,67.41666666666667,12,2006,Winter
2006-12-11,15.483333333333334,21.1,10.7,24,0.0,73.25,12,2006,Winter
2006-12-12,14.441666666666668,20.7,8.9,24,0.0,66.33333333333333,12,2006,Winter
2006-12-13,14.633333333333333,21.7,9.0,24,0.0,60.5,12,2006,Winter
2006-12-14,15.8375,23.4,10.2,24,0.0,53.208333333333336,12,2006,Winter
2006-12-15,16.508333333333333,24.3,10.9,24,0.0,45.75,12,2006,Winter
2006-12-16,17.0,24.8,11.1,24,0.0,48.083333333333336,12,2006,Winter
2006-12-17,16.908333333333335,24.9,10.9,24,0.0,53.5,12,2006,Winter
2006-12-18,15.737499999999999,23.4,9.7,24,0.0,51.125,12,2006,Winter
2006-12-19,15.137500000000001,22.8,7.9,24,0.0,58.166666666666664,12,2006,Winter
2006-12-20,16.170833333333334,22.2,11.6,24,0.0,66.625,12,2006,Winter
2006-12-21,16.3625,23.4,10.3,24,0.0,70.91666666666667,12,2006,Winter
2006-12-22,16.45,23.5,9.8,24,0.0,71.375,12,2006,Winter
2006-12-23,15.558333333333332,22.7,9.7,24,0.0,65.16666666666667,12,2006,Winter
2006-12-24,14.804166666666667,22.3,8.0,24,0.0,60.833333333333336,12,2006,Winter
2006-12-25,15.095833333333333,22.9,8.9,24,0.0,54.166666666666664,12,2006,Winter
2006-12-26,14.745833333333332,20.2,9.3,24,0.0,70.45833333333333,12,2006,Winter
2006-12-27,15.454166666666666,21.7,10.8,24,0.0,73.58333333333333,12,2006,Winter
2006-12-28,14.595833333333333,21.2,9.6,24,0.0,63.833333333333336,12,2006,Winter
2006-12-29,13.204166666666666,20.6,6.0,24,0.0,63.208333333333336,12,2006,Winter
2006-12-30,13.283333333333333,21.2,5.6,24,0.0,63.791666666666664,12,2006,Winter
2006-12-31,14.208333333333334,21.1,7.5,24,0.0,73.04166666666667,12,2006,Winter
2007-01-01,13.5625,20.1,7.3,24,0.0,71.25,1,2007,Winter
2007-01-02,13.754166666666668,20.7,8.8,24,0.0,67.33333333333333,1,2007,Winter
2007-01-03,12.979166666666666,19.8,7.7,24,0.0,54.166666666666664,1,2007,Winter
2007-01-04,12.795833333333334,19.8,7.7,24,0.0,47.625,1,2007,Winter
2007-01-05,12.316666666666668,19.6,7.1,24,0.0,48.333333333333336,1,2007,Winter
2007-01-06,11.354166666666666,18.8,5.2,24,0.0,50.083333333333336,1,2007,Winter
2007-01-07,10.445833333333333,17.5,4.5,24,0.0,50.625,1,2007,Winter
2007-01-08,10.620833333333334,17.0,4.9,24,0.0,57.958333333333336,1,2007,Winter
2007-01-09,12.016666666666666,19.4,6.2,24,0.0,59.25,1,2007,Winter
2007-01-10,12.408333333333333,19.9,6.0,24,0.0,60.541666666666664,1,2007,Winter
2007-01-11,12.2125,19.5,6.0,24,0.0,60.416666666666664,1,2007,Winter
2007-01-12,12.204166666666666,19.8,5.3,24,0.0,54.375,1,2007,Winter
2007-01-13,12.520833333333334,20.3,6.0,24,0.0,52.25,1,2007,Winter
2007-01-14,13.208333333333334,20.6,6.7,24,0.0,54.041666666666664,1,2007,Winter
2007-01-15,13.5625,21.2,6.2,24,0.0,53.583333333333336,1,2007,Winter
2007-01-16,13.9375,22.0,6.6,24,0.0,51.041666666666664,1,2007,Winter
2007-01-17,14.620833333333332,22.7,7.3,24,0.0,49.291666666666664,1,2007,Winter
2007-01-18,15.545833333333333,22.9,9.3,24,0.0,50.5,1,2007,Winter
2007-01-19,15.525,23.8,7.9,24,0.0,55.5,1,2007,Winter
2007-01-20,15.275,21.9,10.1,24,0.0,56.458333333333336,1,2007,Winter
2007-01-21,13.916666666666666,21.1,7.9,24,0.0,48.125,1,2007,Winter
2007-01-22,13.845833333333333,21.8,7.7,24,0.0,43.166666666666664,1,2007,Winter
2007-01-23,13.429166666666667,21.7,5.8,24,0.0,46.5,1,2007,Winter
2007-01-24,14.533333333333333,22.6,5.9,24,0.0,53.958333333333336,1,2007,Winter
2007-01-25,17.058333333333334,25.2,10.8,24,0.0,52.875,1,2007,Winter
2007-01-26,17.808333333333334,26.7,9.7,24,0.0,62.625,1,2007,Winter
2007-01-27,19.029166666666665,27.0,11.2,24,0.0,68.95833333333333,1,2007,Winter
2007-01-28,19.933333333333334,27.3,12.2,24,0.0,69.41666666666667,1,2007,Winter
2007-01-29,20.329166666666666,27.1,13.6,24,2.3,70.79166666666667,1,2007,Winter
2007-01-30,19.5625,25.2,14.8,24,2.6,76.5,1,2007,Winter
2007-01-31,18.783333333333335,25.8,12.8,24,0.0,71.91666666666667,1,2007,Winter
2007-02-01,18.708333333333332,25.9,13.0,24,0.0,61.25,2,2007,Winter
2007-02-02,18.029166666666665,25.4,11.5,24,0.0,60.166666666666664,2,2007,Winter
2007-02-03,17.841666666666665,24.7,10.5,24,0.0,61.5,2,2007,Winter
2007-02-04,18.525000000000002,26.1,11.7,24,0.0,63.25,2,2007,Winter
2007-02-05,18.724999999999998,25.5,12.5,24,0.0,62.875,2,2007,Winter
2007-02-06,19.037499999999998,25.5,12.7,24,0.1,68.08333333333333,2,2007,Winter
2007-02-07,18.108333333333334,23.2,13.8,24,1.0,78.08333333333333,2,2007,Winter
2007-02-08,16.983333333333334,22.6,11.9,24,0.0,78.16666666666667,2,2007,Winter
2007-02-09,17.670833333333334,22.2,13.6,24,0.9,77.33333333333333,2,2007,Winter
2007-02-10,16.125,17.2,15.3,24,21.9,90.58333333333333,2,2007,Winter
2007-02-11,15.520833333333334,17.3,14.6,24,19.9,96.625,2,2007,Winter
2007-02-12,15.870833333333332,19.5,13.0,24,2.9,89.625,2,2007,Winter
2007-02-13,13.424999999999999,15.4,11.8,24,16.4,93.79166666666667,2,2007,Winter
2007-02-14,12.737499999999999,16.8,9.8,24,0.0,84.125,2,2007,Winter
2007-02-15,14.245833333333332,19.6,8.4,24,0.0,75.91666666666667,2,2007,Winter
2007-02-16,14.691666666666668,20.5,9.4,24,0.0,75.75,2,2007,Winter
2007-02-17,14.395833333333334,20.5,8.1,24,0.0,76.25,2,2007,Winter
2007-02-18,15.579166666666666,22.2,9.2,24,0.0,73.16666666666667,2,2007,Winter
2007-02-19,16.875,23.7,10.5,24,0.0,70.83333333333333,2,2007,Winter
2007-02-20,16.116666666666667,23.0,10.2,24,0.0,69.29166666666667,2,2007,Winter
2007-02-21,16.9875,24.6,10.5,24,0.0,70.25,2,2007,Winter
2007-02-22,18.370833333333334,25.8,12.3,24,0.0,72.125,2,2007,Winter
2007-02-23,17.883333333333333,24.4,12.8,24,0.0,65.45833333333333,2,2007,Winter
2007-02-24,17.7375,25.0,10.9,24,0.0,66.70833333333333,2,2007,Winter
2007-02-25,18.058333333333334,22.3,14.7,24,6.5,79.125,2,2007,Winter
2007-02-26,17.904166666666665,24.3,13.3,24,0.0,77.08333333333333,2,2007,Winter
2007-02-27,19.241666666666667,26.5,12.1,24,0.4,73.875,2,2007,Winter
2007-02-28,17.925,20.8,15.6,24,16.3,85.75,2,2007,Winter
2007-03-01,16.770833333333332,20.9,13.7,24,4.7,85.875,3,2007,Summer
2007-03-02,15.954166666666666,21.7,10.6,24,0.0,75.16666666666667,3,2007,Summer
2007-03-03,16.795833333333334,23.8,10.6,24,0.0,69.45833333333333,3,2007,Summer
2007-03-04,18.029166666666665,25.0,11.4,24,0.0,66.58333333333333,3,2007,Summer
2007-03-05,19.033333333333335,25.9,13.1,24,0.0,59.375,3,2007,Summer
2007-03-06,17.558333333333334,24.0,12.0,24,0.0,54.583333333333336,3,2007,Summer
2007-03-07,17.554166666666667,25.1,10.9,24,0.0,53.875,3,2007,Summer
2007-03-08,18.349999999999998,26.6,10.4,24,0.0,58.5,3,2007,Summer
2007-03-09,19.57916666666667,27.3,12.0,24,0.0,62.0,3,2007,Summer
2007-03-10,20.954166666666666,27.0,15.7,24,0.8999999999999999,59.458333333333336,3,2007,Summer
2007-03-11,20.491666666666667,26.8,15.6,24,12.799999999999999,67.0,3,2007,Summer
2007-03-12,17.945833333333333,20.6,15.9,24,25.1,85.45833333333333,3,2007,Summer
2007-03-13,18.029166666666665,23.0,15.3,24,10.9,82.875,3,2007,Summer
2007-03-14,17.754166666666666,21.9,13.1,24,0.0,75.20833333333333,3,2007,Summer
2007-03-15,16.766666666666666,23.0,11.1,24,0.0,64.83333333333333,3,2007,Summer
2007-03-16,18.537499999999998,24.6,13.0,24,0.0,61.208333333333336,3,2007,Summer
2007-03-17,20.533333333333335,27.3,14.3,24,0.0,67.66666666666667,3,2007,Summer
2007-03-18,21.858333333333334,29.1,14.6,24,0.0,71.54166666666667,3,2007,Summer
2007-03-19,23.662499999999998,30.5,15.2,24,0.0,73.375,3,2007,Summer
2007-03-20,24.349999999999998,31.1,20.3,24,2.5,72.66666666666667,3,2007,Summer
2007-03-21,22.84583333333333,29.0,18.0,24,5.3,74.5,3,2007,Summer
2007-03-22,22.583333333333332,29.0,15.8,24,0.0,68.83333333333333,3,2007,Summer
2007-03-23,22.28333333333333,28.3,17.3,24,0.0,60.0,3,2007,Summer
2007-03-24,21.96666666666667,29.2,14.7,24,0.0,51.125,3,2007,Summer
2007-03-25,22.429166666666664,30.1,15.6,24,0.0,48.083333333333336,3,2007,Summer
2007-03-26,23.2,31.4,16.4,24,0.0,42.833333333333336,3,2007,Summer
2007-03-27,24.025000000000002,33.0,15.6,24,0.0,47.25,3,2007,Summer
2007-03-28,24.833333333333332,33.9,15.7,24,0.0,51.916666666666664,3,2007,Summer
2007-03-29,26.608333333333334,34.3,17.9,24,0.0,51.583333333333336,3,2007,Summer
2007-03-30,27.829166666666666,35.6,19.7,24,0.0,50.958333333333336,3,2007,Summer
2007-03-31,28.7,37.3,20.0,24,0.4,48.416666666666664,3,2007,Summer
2007-04-01,29.025000000000002,37.8,20.4,24,0.1,32.916666666666664,4,2007,Summer
2007-04-02,27.075,33.9,21.2,24,0.0,32.875,4,2007,Summer
2007-04-03,26.40833333333333,34.4,18.7,24,0.0,25.125,4,2007,Summer
2007-04-04,27.462500000000002,36.1,19.9,24,0.0,25.333333333333332,4,2007,Summer
2007-04-05,28.066666666666666,36.4,19.6,24,0.0,32.083333333333336,4,2007,Summer
2007-04-06,28.9875,37.1,20.2,24,0.0,33.833333333333336,4,2007,Summer
2007-04-07,28.59583333333333,35.8,21.2,24,0.9,38.375,4,2007,Summer
2007-04-08,27.650000000000002,35.9,19.9,24,2.0,42.5,4,2007,Summer
2007-04-09,28.133333333333336,35.8,20.0,24,0.0,29.958333333333332,4,2007,Summer
2007-04-10,29.566666666666666,37.8,21.0,24,0.0,28.125,4,2007,Summer
2007-04-11,30.291666666666668,38.9,20.1,24,0.0,28.5,4,2007,Summer
2007-04-12,30.650000000000002,39.1,20.7,24,0.0,27.583333333333332,4,2007,Summer
2007-04-13,31.166666666666668,39.0,23.1,24,0.0,30.916666666666668,4,2007,Summer
2007-04-14,30.870833333333334,39.0,21.7,24,0.0,36.083333333333336,4,2007,Summer
2007-04-15,31.708333333333332,39.8,23.1,24,0.0,36.458333333333336,4,2007,Summer
2007-04-16,32.166666666666664,39.2,24.4,24,0.0,33.166666666666664,4,2007,Summer
2007-04-17,31.745833333333334,39.2,24.9,24,2.2,38.125,4,2007,Summer
2007-04-18,30.6125,36.4,25.7,24,0.4,44.708333333333336,4,2007,Summer
2007-04-19,30.458333333333332,36.7,23.6,24,0.1,46.458333333333336,4,2007,Summer
2007-04-20,31.991666666666664,39.4,23.6,24,0.0,35.208333333333336,4,2007,Summer
2007-04-21,31.945833333333336,38.7,23.5,24,0.0,27.583333333333332,4,2007,Summer
2007-04-22,32.645833333333336,40.7,23.9,24,0.0,24.916666666666668,4,2007,Summer
2007-04-23,32.90416666666667,40.8,24.0,24,0.0,21.25,4,2007,Summer
2007-04-24,32.854166666666664,40.7,24.3,24,0.0,18.791666666666668,4,2007,Summer
2007-04-25,32.71666666666667,41.2,22.9,24,0.0,19.041666666666668,4,2007,Summer
2007-04-26,32.1625,39.7,23.5,24,0.0,19.75,4,2007,Summer
2007-04-27,32.833333333333336,40.8,23.0,24,0.0,20.625,4,2007,Summer
2007-04-28,33.775,42.0,24.9,24,0.0,20.666666666666668,4,2007,Summer
2007-04-29,33.483333333333334,42.2,24.3,24,0.0,28.5,4,2007,Summer
2007-04-30,32.979166666666664,40.8,24.6,24,0.4,29.916666666666668,4,2007,Summer
2007-05-01,32.958333333333336,39.7,26.2,24,0.1,35.625,5,2007,Summer
2007-05-02,31.383333333333336,37.8,26.2,24,1.5,43.958333333333336,5,2007,Summer
2007-05-03,31.554166666666664,38.0,25.1,24,0.7999999999999999,45.666666666666664,5,2007,Summer
2007-05-04,31.454166666666666,37.6,25.8,24,1.7,45.041666666666664,5,2007,Summer
2007-05-05,31.837500000000002,37.9,25.2,24,0.0,47.875,5,2007,Summer
2007-05-06,32.637499999999996,40.0,25.1,24,1.6,43.458333333333336,5,2007,Summer
2007-05-07,32.762499999999996,38.4,25.9,24,0.0,38.5,5,2007,Summer
2007-05-08,32.795833333333334,39.2,26.9,24,2.4,42.791666666666664,5,2007,Summer
2007-05-09,33.15416666666667,39.2,26.7,24,0.4,40.75,5,2007,Summer
2007-05-10,33.19166666666667,39.6,25.5,24,0.0,36.041666666666664,5,2007,Summer
2007-05-11,32.395833333333336,39.3,24.7,24,1.4,31.958333333333332,5,2007,Summer
2007-05-12,29.983333333333334,37.1,23.8,24,0.6,47.916666666666664,5,2007,Summer
2007-05-13,31.204166666666666,37.8,24.0,24,0.0,48.041666666666664,5,2007,Summer
2007-05-14,32.52916666666667,38.9,26.0,24,0.0,43.916666666666664,5,2007,Summer
2007-05-15,34.82083333333333,43.0,26.9,24,0.0,32.25,5,2007,Summer
2007-05-16,33.425000000000004,41.6,26.7,24,1.7,38.583333333333336,5,2007,Summer
2007-05-17,33.65833333333333,40.4,27.2,24,0.3,43.791666666666664,5,2007,Summer
2007-05-18,34.09583333333333,40.4,27.9,24,0.0,42.25,5,2007,Summer
2007-05-19,33.94166666666667,39.6,28.2,24,0.0,45.375,5,2007,Summer
2007-05-20,35.3125,41.4,27.9,24,0.0,32.541666666666664,5,2007,Summer
2007-05-21,34.329166666666666,39.9,28.3,24,0.0,31.208333333333332,5,2007,Summer
2007-05-22,33.88333333333333,39.2,28.4,24,0.0,31.0,5,2007,Summer
2007-05-23,34.17916666666667,41.2,26.5,24,0.0,25.041666666666668,5,2007,Summer
2007-05-24,34.050000000000004,41.2,25.6,24,0.0,19.541666666666668,5,2007,Summer
2007-05-25,34.27916666666667,41.0,27.1,24,0.0,21.291666666666668,5,2007,Summer
2007-05-26,32.354166666666664,38.5,27.6,24,1.7,26.291666666666668,5,2007,Summer
2007-05-27,30.366666666666664,38.0,22.6,24,0.1,38.375,5,2007,Summer
2007-05-28,31.395833333333332,39.4,23.0,24,0.1,31.291666666666668,5,2007,Summer
2007-05-29,31.65416666666667,38.1,23.1,24,0.0,33.666666666666664,5,2007,Summer
2007-05-30,32.74583333333333,39.1,24.4,24,0.0,27.791666666666668,5,2007,Summer
2007-05-31,33.762499999999996,40.2,25.7,24,0.0,25.958333333333332,5,2007,Summer
2007-06-01,34.979166666666664,41.8,26.3,24,0.0,22.166666666666668,6,2007,Monsoon
2007-06-02,35.958333333333336,43.9,26.6,24,0.0,20.75,6,2007,Monsoon
2007-06-03,36.34583333333333,42.7,29.6,24,0.0,20.0,6,2007,Monsoon
2007-06-04,34.612500000000004,41.5,29.2,24,0.5,28.458333333333332,6,2007,Monsoon
2007-06-05,35.266666666666666,41.1,29.1,24,0.0,30.875,6,2007,Monsoon
2007-06-06,36.525,41.9,30.0,24,0.0,30.041666666666668,6,2007,Monsoon
2007-06-07,37.69583333333333,43.0,31.9,24,0.0,28.166666666666668,6,2007,Monsoon
2007-06-08,38.13333333333333,43.4,32.9,24,0.0,29.0,6,2007,Monsoon
2007-06-09,39.420833333333334,45.4,33.7,24,0.0,26.166666666666668,6,2007,Monsoon
2007-06-10,39.49583333333333,45.0,33.4,24,0.0,27.833333333333332,6,2007,Monsoon
2007-06-11,36.854166666666664,42.1,31.5,24,0.0,42.875,6,2007,Monsoon
2007-06-12,33.12083333333333,36.6,29.1,24,0.0,57.0,6,2007,Monsoon
2007-06-13,33.4375,38.8,28.9,24,0.3,58.833333333333336,6,2007,Monsoon
2007-06-14,31.995833333333334,38.0,27.4,24,0.0,65.54166666666667,6,2007,Monsoon
2007-06-15,31.791666666666668,36.6,27.1,24,2.1,63.958333333333336,6,2007,Monsoon
2007-06-16,30.7,35.0,27.1,24,3.3,68.375,6,2007,Monsoon
2007-06-17,29.004166666666666,34.5,26.2,24,18.1,77.83333333333333,6,2007,Monsoon
2007-06-18,30.320833333333336,33.6,27.0,24,1.4,69.54166666666667,6,2007,Monsoon
2007-06-19,30.145833333333332,35.1,27.2,24,8.8,73.33333333333333,6,2007,Monsoon
2007-06-20,30.09583333333333,33.7,27.4,24,1.0,72.16666666666667,6,2007,Monsoon
2007-06-21,29.212500000000002,33.8,25.8,24,2.8000000000000003,75.04166666666667,6,2007,Monsoon
2007-06-22,30.537499999999998,34.6,26.3,24,1.3,70.83333333333333,6,2007,Monsoon
2007-06-23,31.395833333333332,34.6,29.0,24,0.7,66.91666666666667,6,2007,Monsoon
2007-06-24,31.883333333333336,35.8,28.9,24,1.8,65.125,6,2007,Monsoon
2007-06-25,31.400000000000002,36.4,28.3,24,4.4,68.20833333333333,6,2007,Monsoon
2007-06-26,30.016666666666666,33.8,27.0,24,4.9,71.33333333333333,6,2007,Monsoon
2007-06-27,31.224999999999998,35.6,27.8,24,1.4000000000000001,67.08333333333333,6,2007,Monsoon
2007-06-28,28.766666666666666,32.0,26.2,24,27.5,81.29166666666667,6,2007,Monsoon
2007-06-29,29.516666666666666,33.4,26.2,24,1.8,78.95833333333333,6,2007,Monsoon
2007-06-30,31.558333333333334,35.4,27.5,24,0.0,69.375,6,2007,Monsoon
2007-07-01,31.849999999999998,35.3,29.1,24,0.2,65.375,7,2007,Monsoon
2007-07-02,30.40416666666667,34.1,28.3,24,4.5,73.5,7,2007,Monsoon
2007-07-03,29.2375,32.7,27.0,24,7.2,78.29166666666667,7,2007,Monsoon
2007-07-04,28.291666666666668,31.2,25.8,24,12.700000000000001,83.29166666666667,7,2007,Monsoon
2007-07-05,29.337500000000002,32.9,26.5,24,1.9000000000000001,80.41666666666667,7,2007,Monsoon
2007-07-06,30.191666666666666,34.8,26.5,24,4.6,80.91666666666667,7,2007,Monsoon
2007-07-07,30.195833333333336,34.7,26.7,24,1.9000000000000001,80.83333333333333,7,2007,Monsoon
2007-07-08,29.4875,33.6,26.6,24,2.7,78.20833333333333,7,2007,Monsoon
2007-07-09,29.275000000000002,32.8,27.3,24,3.1,75.20833333333333,7,2007,Monsoon
2007-07-10,29.900000000000002,33.1,26.5,24,0.0,71.625,7,2007,Monsoon
2007-07-11,30.77916666666667,34.3,26.8,24,0.30000000000000004,72.5,7,2007,Monsoon
2007-07-12,31.2625,36.1,27.8,24,3.0,74.25,7,2007,Monsoon
2007-07-13,30.295833333333334,34.6,27.7,24,4.7,77.875,7,2007,Monsoon
2007-07-14,30.25,34.2,26.7,24,2.7,75.08333333333333,7,2007,Monsoon
2007-07-15,30.59583333333333,34.8,27.4,24,0.9,72.875,7,2007,Monsoon
2007-07-16,30.2375,34.3,26.5,24,1.5,73.66666666666667,7,2007,Monsoon
2007-07-17,31.34166666666667,35.5,27.1,24,0.6000000000000001,68.66666666666667,7,2007,Monsoon
2007-07-18,32.27916666666667,36.8,28.0,24,0.0,62.166666666666664,7,2007,Monsoon
2007-07-19,32.69583333333333,37.7,29.3,24,1.2,57.0,7,2007,Monsoon
2007-07-20,32.574999999999996,37.0,29.4,24,0.1,52.458333333333336,7,2007,Monsoon
2007-07-21,31.412499999999998,35.7,28.8,24,1.1,55.0,7,2007,Monsoon
2007-07-22,31.53333333333333,35.2,29.0,24,0.3,55.5,7,2007,Monsoon
2007-07-23,32.050000000000004,35.4,29.5,24,0.0,55.25,7,2007,Monsoon
2007-07-24,29.25833333333333,33.2,26.4,24,11.2,75.25,7,2007,Monsoon
2007-07-25,30.375,35.0,27.8,24,3.0,69.66666666666667,7,2007,Monsoon
2007-07-26,30.683333333333334,36.4,27.9,24,5.0,69.25,7,2007,Monsoon
2007-07-27,31.150000000000002,35.6,28.3,24,1.1,67.625,7,2007,Monsoon
2007-07-28,30.183333333333334,34.7,25.8,24,5.0,76.5,7,2007,Monsoon
2007-07-29,29.383333333333336,33.4,26.1,24,3.1,80.16666666666667,7,2007,Monsoon
2007-07-30,30.070833333333336,34.5,26.5,24,5.0,76.875,7,2007,Monsoon
2007-07-31,29.8875,33.5,26.0,24,10.4,78.54166666666667,7,2007,Monsoon
2007-08-01,29.079166666666666,33.9,25.6,24,45.4,81.66666666666667,8,2007,Monsoon
2007-08-02,26.741666666666664,28.6,25.8,24,46.6,92.41666666666667,8,2007,Monsoon
2007-08-03,26.320833333333336,28.2,24.9,24,16.3,89.625,8,2007,Monsoon
2007-08-04,27.72083333333333,32.0,25.1,24,21.6,87.125,8,2007,Monsoon
2007-08-05,28.520833333333332,32.3,25.6,24,6.0,85.45833333333333,8,2007,Monsoon
2007-08-06,28.72083333333333,33.5,25.7,24,7.7,84.0,8,2007,Monsoon
2007-08-07,30.283333333333335,34.2,26.3,24,0.0,77.16666666666667,8,2007,Monsoon
2007-08-08,30.320833333333336,33.2,28.3,24,0.0,72.16666666666667,8,2007,Monsoon
2007-08-09,29.275000000000002,32.2,26.9,24,1.0,77.58333333333333,8,2007,Monsoon
2007-08-10,29.979166666666668,33.4,26.6,24,0.3,76.66666666666667,8,2007,Monsoon
2007-08-11,30.7,33.6,27.9,24,0.30000000000000004,70.0,8,2007,Monsoon
2007-08-12,29.849999999999998,32.3,27.2,24,0.4,70.66666666666667,8,2007,Monsoon
2007-08-13,29.3625,31.3,27.6,24,1.0,72.66666666666667,8,2007,Monsoon
2007-08-14,29.133333333333336,32.1,26.4,24,1.8,69.95833333333333,8,2007,Monsoon
2007-08-15,30.179166666666664,33.8,27.2,24,0.0,66.08333333333333,8,2007,Monsoon
2007-08-16,30.65833333333333,34.8,27.4,24,0.1,64.58333333333333,8,2007,Monsoon
2007-08-17,31.025000000000002,35.7,27.3,24,0.0,61.583333333333336,8,2007,Monsoon
2007-08-18,31.241666666666664,35.9,27.3,24,0.0,59.958333333333336,8,2007,Monsoon
2007-08-19,27.90416666666667,31.8,26.5,24,4.5,79.70833333333333,8,2007,Monsoon
2007-08-20,27.212500000000002,30.9,25.5,24,9.3,86.04166666666667,8,2007,Monsoon
2007-08-21,28.875,32.5,25.7,24,0.0,76.16666666666667,8,2007,Monsoon
2007-08-22,28.474999999999998,31.8,26.2,24,2.7,78.91666666666667,8,2007,Monsoon
2007-08-23,28.775000000000002,32.3,25.8,24,1.9000000000000001,78.95833333333333,8,2007,Monsoon
2007-08-24,29.65833333333333,33.7,27.1,24,0.39999999999999997,73.58333333333333,8,2007,Monsoon
2007-08-25,29.995833333333334,33.9,26.6,24,0.8,75.375,8,2007,Monsoon
2007-08-26,29.458333333333332,33.1,25.7,24,19.6,80.375,8,2007,Monsoon
2007-08-27,29.837500000000002,34.2,26.5,24,0.5,78.5,8,2007,Monsoon
2007-08-28,28.212500000000002,30.8,26.2,24,1.3,82.29166666666667,8,2007,Monsoon
2007-08-29,26.891666666666666,31.1,25.2,24,13.5,89.0,8,2007,Monsoon
2007-08-30,28.145833333333332,32.3,25.3,24,2.8,84.375,8,2007,Monsoon
2007-08-31,26.795833333333334,29.9,25.0,24,8.3,89.16666666666667,8,2007,Monsoon
2007-09-01,27.78333333333333,31.6,24.7,24,3.0,84.33333333333333,9,2007,Monsoon
2007-09-02,28.291666666666668,31.9,25.3,24,1.6,85.29166666666667,9,2007,Monsoon
2007-09-03,29.087500000000002,32.9,25.8,24,4.0,83.33333333333333,9,2007,Monsoon
2007-09-04,28.545833333333334,32.1,25.1,24,11.899999999999999,84.66666666666667,9,2007,Monsoon
2007-09-05,29.954166666666666,34.1,26.8,24,6.6,79.95833333333333,9,2007,Monsoon
2007-09-06,27.47083333333333,30.8,25.1,24,10.2,87.04166666666667,9,2007,Monsoon
2007-09-07,27.233333333333334,31.8,23.7,24,3.2,84.875,9,2007,Monsoon
2007-09-08,28.191666666666666,32.4,24.6,24,1.1,81.08333333333333,9,2007,Monsoon
2007-09-09,28.8875,32.9,25.7,24,0.4,74.41666666666667,9,2007,Monsoon
2007-09-10,28.925,33.2,25.5,24,0.6000000000000001,72.91666666666667,9,2007,Monsoon
2007-09-11,28.895833333333332,33.0,25.5,24,0.2,72.41666666666667,9,2007,Monsoon
2007-09-12,28.770833333333332,33.3,24.8,24,0.0,71.04166666666667,9,2007,Monsoon
2007-09-13,28.416666666666668,32.6,24.6,24,0.9,69.875,9,2007,Monsoon
2007-09-14,27.483333333333334,31.8,24.2,24,2.8,74.79166666666667,9,2007,Monsoon
2007-09-15,27.8625,32.1,24.3,24,0.7,74.54166666666667,9,2007,Monsoon
2007-09-16,28.191666666666666,31.9,24.1,24,0.30000000000000004,74.66666666666667,9,2007,Monsoon
2007-09-17,29.070833333333336,33.1,24.5,24,0.0,71.75,9,2007,Monsoon
2007-09-18,30.079166666666666,34.3,25.7,24,0.0,67.25,9,2007,Monsoon
2007-09-19,30.075000000000003,34.2,25.8,24,0.1,68.91666666666667,9,2007,Monsoon
2007-09-20,28.920833333333334,33.4,24.4,24,6.800000000000001,77.54166666666667,9,2007,Monsoon
2007-09-21,29.670833333333334,33.9,26.1,24,0.0,73.08333333333333,9,2007,Monsoon
2007-09-22,29.52916666666667,33.9,25.9,24,0.0,65.95833333333333,9,2007,Monsoon
2007-09-23,28.829166666666666,33.5,24.2,24,0.0,60.958333333333336,9,2007,Monsoon
2007-09-24,28.641666666666666,33.7,23.5,24,0.0,61.041666666666664,9,2007,Monsoon
2007-09-25,28.008333333333336,33.5,25.6,24,0.3,71.33333333333333,9,2007,Monsoon
2007-09-26,26.333333333333332,29.4,23.8,24,0.0,72.41666666666667,9,2007,Monsoon
2007-09-27,26.454166666666666,30.2,23.3,24,0.0,77.08333333333333,9,2007,Monsoon
2007-09-28,26.15833333333333,30.3,22.0,24,0.30000000000000004,79.04166666666667,9,2007,Monsoon
2007-09-29,26.05,30.7,22.1,24,0.7000000000000001,81.66666666666667,9,2007,Monsoon
2007-09-30,27.508333333333336,34.5,21.7,24,0.0,58.208333333333336,9,2007,Monsoon
2007-10-01,27.3625,34.8,20.5,24,0.0,39.083333333333336,10,2007,Post-monsoon
2007-10-02,26.929166666666664,35.0,18.9,24,0.0,43.75,10,2007,Post-monsoon
2007-10-03,26.425,34.3,18.7,24,0.0,51.875,10,2007,Post-monsoon
2007-10-04,27.133333333333336,34.5,19.3,24,0.0,51.875,10,2007,Post-monsoon
2007-10-05,27.620833333333334,35.6,19.5,24,0.0,46.041666666666664,10,2007,Post-monsoon
2007-10-06,27.6125,35.2,20.1,24,0.0,30.666666666666668,10,2007,Post-monsoon
2007-10-07,27.5,34.9,20.8,24,0.0,27.958333333333332,10,2007,Post-monsoon
2007-10-08,26.825,34.8,19.1,24,0.0,30.375,10,2007,Post-monsoon
2007-10-09,26.212500000000002,34.1,18.4,24,0.0,29.166666666666668,10,2007,Post-monsoon
2007-10-10,26.05,34.2,17.4,24,0.0,31.666666666666668,10,2007,Post-monsoon
2007-10-11,26.15416666666667,34.0,17.7,24,0.0,32.083333333333336,10,2007,Post-monsoon
2007-10-12,25.916666666666668,33.9,17.7,24,0.0,31.375,10,2007,Post-monsoon
2007-10-13,26.041666666666668,34.3,18.0,24,0.0,30.458333333333332,10,2007,Post-monsoon
2007-10-14,25.7,33.4,17.5,24,0.0,38.875,10,2007,Post-monsoon
2007-10-15,26.129166666666666,33.2,18.1,24,0.0,49.416666666666664,10,2007,Post-monsoon
2007-10-16,25.079166666666666,31.3,20.5,24,0.2,69.54166666666667,10,2007,Post-monsoon
2007-10-17,24.579166666666666,30.7,19.5,24,0.2,68.0,10,2007,Post-monsoon
2007-10-18,25.616666666666664,32.7,18.3,24,0.0,51.916666666666664,10,2007,Post-monsoon
2007-10-19,25.666666666666668,32.7,18.1,24,0.0,41.75,10,2007,Post-monsoon
2007-10-20,26.270833333333332,34.4,18.4,24,0.0,36.625,10,2007,Post-monsoon
2007-10-21,25.495833333333334,34.4,17.3,24,0.0,36.416666666666664,10,2007,Post-monsoon
2007-10-22,25.224999999999998,33.3,16.7,24,0.0,45.75,10,2007,Post-monsoon
2007-10-23,25.099999999999998,32.4,18.1,24,0.0,42.458333333333336,10,2007,Post-monsoon
2007-10-24,25.129166666666666,32.2,18.0,24,0.0,39.708333333333336,10,2007,Post-monsoon
2007-10-25,25.041666666666668,32.5,17.3,24,0.0,46.666666666666664,10,2007,Post-monsoon
2007-10-26,25.679166666666664,32.6,19.1,24,0.0,48.375,10,2007,Post-monsoon
2007-10-27,25.633333333333336,32.9,18.8,24,0.0,46.458333333333336,10,2007,Post-monsoon
2007-10-28,25.491666666666664,32.8,19.3,24,0.0,40.208333333333336,10,2007,Post-monsoon
2007-10-29,24.15833333333333,31.7,16.2,24,0.0,41.125,10,2007,Post-monsoon
2007-10-30,23.616666666666664,30.5,17.4,24,0.0,47.333333333333336,10,2007,Post-monsoon
2007-10-31,23.25,30.8,15.1,24,0.0,51.541666666666664,10,2007,Post-monsoon
2007-11-01,23.116666666666664,31.2,15.0,24,0.0,47.833333333333336,11,2007,Post-monsoon
2007-11-02,23.333333333333332,30.8,16.1,24,0.0,41.541666666666664,11,2007,Post-monsoon
2007-11-03,23.133333333333336,30.6,15.7,24,0.0,40.916666666666664,11,2007,Post-monsoon
2007-11-04,22.516666666666666,30.5,15.2,24,0.0,48.458333333333336,11,2007,Post-monsoon
2007-11-05,23.325,31.6,15.9,24,0.0,45.916666666666664,11,2007,Post-monsoon
2007-11-06,23.02916666666667,30.4,15.9,24,0.0,53.458333333333336,11,2007,Post-monsoon
2007-11-07,22.974999999999998,30.3,16.4,24,0.0,60.458333333333336,11,2007,Post-monsoon
2007-11-08,22.795833333333334,29.2,17.7,24,0.0,68.04166666666667,11,2007,Post-monsoon
2007-11-09,22.933333333333334,29.3,17.6,24,0.4,68.08333333333333,11,2007,Post-monsoon
2007-11-10,22.55,29.1,16.5,24,0.0,68.91666666666667,11,2007,Post-monsoon
2007-11-11,22.77916666666667,29.6,16.4,24,0.0,63.666666666666664,11,2007,Post-monsoon
2007-11-12,22.724999999999998,29.5,16.3,24,0.0,61.791666666666664,11,2007,Post-monsoon
2007-11-13,22.741666666666664,29.2,17.1,24,0.0,61.375,11,2007,Post-monsoon
2007-11-14,22.46666666666667,28.8,16.4,24,0.0,63.958333333333336,11,2007,Post-monsoon
2007-11-15,22.608333333333334,28.9,17.4,24,0.0,62.583333333333336,11,2007,Post-monsoon
2007-11-16,21.983333333333334,28.9,15.9,24,0.0,59.625,11,2007,Post-monsoon
2007-11-17,21.162499999999998,28.2,15.0,24,0.0,56.333333333333336,11,2007,Post-monsoon
2007-11-18,20.520833333333332,27.1,13.6,24,0.0,54.458333333333336,11,2007,Post-monsoon
2007-11-19,19.8,26.5,12.8,24,0.0,50.458333333333336,11,2007,Post-monsoon
2007-11-20,19.370833333333334,27.0,12.4,24,0.0,51.416666666666664,11,2007,Post-monsoon
2007-11-21,19.916666666666668,27.3,13.9,24,0.0,54.416666666666664,11,2007,Post-monsoon
2007-11-22,20.070833333333333,27.9,12.7,24,0.0,62.875,11,2007,Post-monsoon
2007-11-23,19.554166666666667,27.3,12.4,24,0.0,63.041666666666664,11,2007,Post-monsoon
2007-11-24,19.679166666666667,27.6,12.1,24,0.0,62.875,11,2007,Post-monsoon
2007-11-25,19.808333333333334,27.4,12.9,24,0.0,64.625,11,2007,Post-monsoon
2007-11-26,19.575,26.9,12.8,24,0.0,67.54166666666667,11,2007,Post-monsoon
2007-11-27,19.2375,26.3,12.3,24,0.0,67.54166666666667,11,2007,Post-monsoon
2007-11-28,19.05,26.4,12.0,24,0.0,62.791666666666664,11,2007,Post-monsoon
2007-11-29,19.454166666666666,26.8,12.4,24,0.0,62.875,11,2007,Post-monsoon
2007-11-30,19.395833333333332,25.2,15.1,24,0.0,62.875,11,2007,Post-monsoon
2007-12-01,19.1375,25.9,12.3,24,0.0,66.66666666666667,12,2007,Winter
2007-12-02,19.008333333333333,25.0,14.8,24,1.0,68.08333333333333,12,2007,Winter
2007-12-03,17.954166666666666,24.2,12.9,24,0.0,65.79166666666667,12,2007,Winter
2007-12-04,16.245833333333334,23.2,10.6,24,0.0,56.666666666666664,12,2007,Winter
2007-12-05,16.020833333333332,23.1,9.7,24,0.0,58.291666666666664,12,2007,Winter
2007-12-06,15.908333333333333,23.0,9.0,24,0.0,62.25,12,2007,Winter
2007-12-07,16.470833333333335,23.0,11.6,24,0.0,60.875,12,2007,Winter
2007-12-08,15.608333333333334,23.3,9.2,24,0.0,64.08333333333333,12,2007,Winter
2007-12-09,14.895833333333334,21.0,8.8,24,0.0,69.33333333333333,12,2007,Winter
2007-12-10,16.045833333333334,22.2,10.7,24,0.9,69.16666666666667,12,2007,Winter
2007-12-11,15.7875,20.4,12.4,24,1.2,69.91666666666667,12,2007,Winter
2007-12-12,15.120833333333332,20.8,9.7,24,0.9,76.54166666666667,12,2007,Winter
2007-12-13,15.275,20.1,11.9,24,0.7,83.375,12,2007,Winter
2007-12-14,14.554166666666667,20.1,10.2,24,0.0,72.79166666666667,12,2007,Winter
2007-12-15,13.833333333333334,20.6,9.2,24,0.0,63.625,12,2007,Winter
2007-12-16,12.725,20.2,6.6,24,0.0,55.0,12,2007,Winter
2007-12-17,12.804166666666667,20.3,6.8,24,0.0,57.333333333333336,12,2007,Winter
2007-12-18,13.141666666666666,20.9,5.9,24,0.0,56.958333333333336,12,2007,Winter
2007-12-19,13.4125,20.9,7.1,24,0.0,63.416666666666664,12,2007,Winter
2007-12-20,13.429166666666667,21.9,6.1,24,0.0,63.083333333333336,12,2007,Winter
2007-12-21,15.858333333333334,24.4,9.3,24,0.0,53.333333333333336,12,2007,Winter
2007-12-22,17.316666666666666,24.3,12.2,24,0.0,46.458333333333336,12,2007,Winter
2007-12-23,17.958333333333332,23.9,13.3,24,0.0,48.125,12,2007,Winter
2007-12-24,18.162499999999998,25.2,12.2,24,0.0,58.75,12,2007,Winter
2007-12-25,16.683333333333334,24.1,11.7,24,0.0,63.208333333333336,12,2007,Winter
2007-12-26,15.104166666666666,22.5,9.5,24,0.0,54.833333333333336,12,2007,Winter
2007-12-27,13.833333333333334,21.8,7.1,24,0.0,47.666666666666664,12,2007,Winter
2007-12-28,13.4625,21.3,7.6,24,0.0,45.75,12,2007,Winter
2007-12-29,12.570833333333333,20.7,5.2,24,0.0,50.833333333333336,12,2007,Winter
2007-12-30,12.595833333333333,20.9,5.9,24,0.0,50.583333333333336,12,2007,Winter
2007-12-31,12.454166666666666,20.3,5.7,24,0.0,45.75,12,2007,Winter
2008-01-01,11.958333333333334,19.9,4.5,24,0.0,47.0,1,2008,Winter
2008-01-02,11.366666666666667,19.6,3.4,24,0.0,53.583333333333336,1,2008,Winter
2008-01-03,11.799999999999999,20.4,4.1,24,0.0,59.458333333333336,1,2008,Winter
2008-01-04,12.841666666666667,20.8,5.6,24,0.0,56.708333333333336,1,2008,Winter
2008-01-05,13.7125,21.7,6.9,24,0.0,57.333333333333336,1,2008,Winter
2008-01-06,15.304166666666667,22.4,10.2,24,0.0,63.291666666666664,1,2008,Winter
2008-01-07,16.133333333333333,24.1,8.4,24,0.0,62.75,1,2008,Winter
2008-01-08,18.3625,25.4,12.5,24,0.0,60.125,1,2008,Winter
2008-01-09,19.316666666666666,25.1,15.1,24,0.0,60.666666666666664,1,2008,Winter
2008-01-10,17.1875,22.8,13.0,24,0.4,70.54166666666667,1,2008,Winter
2008-01-11,14.879166666666668,21.0,9.3,24,0.0,64.04166666666667,1,2008,Winter
2008-01-12,12.9375,19.5,7.6,24,0.0,56.208333333333336,1,2008,Winter
2008-01-13,14.270833333333334,21.2,9.4,24,0.0,49.416666666666664,1,2008,Winter
2008-01-14,14.3125,21.6,8.8,24,0.0,46.625,1,2008,Winter
2008-01-15,15.766666666666666,23.0,9.8,24,0.0,45.416666666666664,1,2008,Winter
2008-01-16,17.150000000000002,24.0,11.5,24,0.0,48.625,1,2008,Winter
2008-01-17,18.1375,24.2,13.7,24,0.0,57.916666666666664,1,2008,Winter
2008-01-18,17.470833333333335,22.6,13.1,24,0.0,67.16666666666667,1,2008,Winter
2008-01-19,12.995833333333332,18.1,9.5,24,0.0,76.25,1,2008,Winter
2008-01-20,12.029166666666667,18.5,6.5,24,0.0,60.916666666666664,1,2008,Winter
2008-01-21,11.245833333333332,18.1,5.2,24,0.0,50.625,1,2008,Winter
2008-01-22,10.295833333333333,17.3,3.0,24,0.0,51.0,1,2008,Winter
2008-01-23,10.85,18.0,5.7,24,0.0,49.416666666666664,1,2008,Winter
2008-01-24,11.0625,18.3,3.6,24,0.0,47.666666666666664,1,2008,Winter
2008-01-25,12.674999999999999,19.1,7.1,24,0.0,44.916666666666664,1,2008,Winter
2008-01-26,12.170833333333334,19.0,6.5,24,0.0,50.25,1,2008,Winter
2008-01-27,11.65,18.2,6.8,24,0.0,44.125,1,2008,Winter
2008-01-28,10.633333333333333,16.2,5.0,24,0.1,43.5,1,2008,Winter
2008-01-29,12.004166666666668,18.8,5.0,24,0.0,54.375,1,2008,Winter
2008-01-30,12.466666666666667,19.1,5.7,24,0.0,52.0,1,2008,Winter
2008-01-31,12.1625,19.3,4.1,24,0.0,51.541666666666664,1,2008,Winter
2008-02-01,12.025,19.8,4.1,24,0.0,49.625,2,2008,Winter
2008-02-02,12.845833333333333,19.5,5.1,24,1.3,49.916666666666664,2,2008,Winter
2008-02-03,13.733333333333334,18.3,9.9,24,1.1,55.791666666666664,2,2008,Winter
2008-02-04,14.833333333333334,21.1,9.4,24,0.0,59.916666666666664,2,2008,Winter
2008-02-05,13.725,19.3,7.5,24,0.0,64.875,2,2008,Winter
2008-02-06,14.166666666666666,20.0,9.1,24,0.7,64.0,2,2008,Winter
2008-02-07,13.433333333333332,19.8,7.4,24,0.0,53.166666666666664,2,2008,Winter
2008-02-08,12.616666666666667,18.1,8.0,24,0.0,54.416666666666664,2,2008,Winter
2008-02-09,12.045833333333334,18.7,6.3,24,0.0,60.125,2,2008,Winter
2008-02-10,12.245833333333332,19.4,6.2,24,0.0,55.375,2,2008,Winter
2008-02-11,12.079166666666666,20.2,4.1,24,0.0,49.375,2,2008,Winter
2008-02-12,12.883333333333333,20.5,6.0,24,0.0,39.208333333333336,2,2008,Winter
2008-02-13,13.004166666666668,21.2,6.4,24,0.0,33.666666666666664,2,2008,Winter
2008-02-14,13.950000000000001,22.7,5.2,24,0.0,41.75,2,2008,Winter
2008-02-15,15.908333333333333,24.9,6.0,24,0.0,46.5,2,2008,Winter
2008-02-16,18.054166666666667,26.5,10.8,24,0.0,41.416666666666664,2,2008,Winter
2008-02-17,19.045833333333334,27.0,11.9,24,0.0,42.125,2,2008,Winter
2008-02-18,17.966666666666665,25.7,9.4,24,0.0,52.958333333333336,2,2008,Winter
2008-02-19,17.833333333333332,25.6,9.1,24,0.0,47.333333333333336,2,2008,Winter
2008-02-20,17.854166666666668,26.7,8.9,24,0.0,43.833333333333336,2,2008,Winter
2008-02-21,18.462500000000002,27.3,9.3,24,0.0,48.25,2,2008,Winter
2008-02-22,20.095833333333335,27.7,12.9,24,0.0,53.208333333333336,2,2008,Winter
2008-02-23,20.841666666666665,27.0,15.4,24,0.0,55.166666666666664,2,2008,Winter
2008-02-24,19.099999999999998,26.8,11.3,24,0.0,53.166666666666664,2,2008,Winter
2008-02-25,18.712500000000002,25.8,12.0,24,0.0,41.583333333333336,2,2008,Winter
2008-02-26,18.25,25.7,11.5,24,0.0,34.875,2,2008,Winter
2008-02-27,19.104166666666668,27.9,10.7,24,0.0,34.291666666666664,2,2008,Winter
2008-02-28,20.641666666666666,29.9,11.4,24,0.0,38.041666666666664,2,2008,Winter
2008-02-29,21.349999999999998,30.5,12.1,24,0.0,44.541666666666664,2,2008,Winter
2008-03-01,22.7,32.2,13.9,24,0.0,46.791666666666664,3,2008,Summer
2008-03-02,22.6125,31.5,13.5,24,0.0,50.583333333333336,3,2008,Summer
2008-03-03,22.787499999999998,30.5,15.8,24,0.0,51.458333333333336,3,2008,Summer
2008-03-04,23.541666666666668,31.9,14.2,24,0.0,46.041666666666664,3,2008,Summer
2008-03-05,23.491666666666664,32.3,14.5,24,0.0,43.958333333333336,3,2008,Summer
2008-03-06,24.087500000000002,32.8,15.0,24,0.0,49.916666666666664,3,2008,Summer
2008-03-07,24.5125,32.3,17.4,24,0.2,55.083333333333336,3,2008,Summer
2008-03-08,24.358333333333334,30.9,17.1,24,0.0,58.541666666666664,3,2008,Summer
2008-03-09,24.1375,31.0,17.9,24,0.0,50.916666666666664,3,2008,Summer
2008-03-10,24.125,30.9,18.5,24,0.0,38.541666666666664,3,2008,Summer
2008-03-11,23.925,31.1,17.6,24,0.0,40.208333333333336,3,2008,Summer
2008-03-12,23.65416666666667,30.3,17.6,24,0.0,40.583333333333336,3,2008,Summer
2008-03-13,22.2,27.1,18.2,24,0.0,47.291666666666664,3,2008,Summer
2008-03-14,22.229166666666668,29.9,15.0,24,0.0,53.541666666666664,3,2008,Summer
2008-03-15,23.604166666666668,31.4,15.7,24,0.0,46.416666666666664,3,2008,Summer
2008-03-16,24.929166666666664,33.2,16.1,24,0.0,42.625,3,2008,Summer
2008-03-17,25.929166666666664,34.6,17.6,24,0.0,39.208333333333336,3,2008,Summer
2008-03-18,26.212500000000002,35.8,16.7,24,0.0,37.625,3,2008,Summer
2008-03-19,24.2625,32.9,17.7,24,1.7999999999999998,46.916666666666664,3,2008,Summer
2008-03-20,24.241666666666664,32.6,15.7,24,0.1,40.833333333333336,3,2008,Summer
2008-03-21,24.420833333333334,32.9,15.2,24,0.0,36.791666666666664,3,2008,Summer
2008-03-22,25.558333333333334,34.5,16.2,24,0.0,30.75,3,2008,Summer
2008-03-23,25.537499999999998,33.5,17.1,24,0.0,31.833333333333332,3,2008,Summer
2008-03-24,24.962500000000002,32.9,16.3,24,0.0,32.333333333333336,3,2008,Summer
2008-03-25,25.45,33.6,16.4,24,0.0,32.25,3,2008,Summer
2008-03-26,26.016666666666666,34.3,16.7,24,0.0,29.166666666666668,3,2008,Summer
2008-03-27,26.75,34.7,18.7,24,0.0,29.5,3,2008,Summer
2008-03-28,25.820833333333336,34.2,17.5,24,0.0,32.166666666666664,3,2008,Summer
2008-03-29,26.037499999999998,33.9,17.3,24,0.0,32.541666666666664,3,2008,Summer
2008-03-30,26.745833333333334,34.5,17.7,24,0.4,36.375,3,2008,Summer
2008-03-31,26.895833333333332,34.8,20.1,24,0.7000000000000001,40.666666666666664,3,2008,Summer
2008-04-01,24.354166666666668,30.3,19.0,24,1.6,54.25,4,2008,Summer
2008-04-02,25.8125,33.1,18.3,24,0.2,45.166666666666664,4,2008,Summer
2008-04-03,24.349999999999998,30.2,19.5,24,1.0,48.375,4,2008,Summer
2008-04-04,23.433333333333334,29.7,18.5,24,2.2,58.833333333333336,4,2008,Summer
2008-04-05,22.025000000000002,27.2,18.8,24,8.8,71.125,4,2008,Summer
2008-04-06,22.025000000000002,28.1,15.7,24,0.0,63.333333333333336,4,2008,Summer
2008-04-07,23.46666666666667,30.7,15.5,24,0.0,53.958333333333336,4,2008,Summer
2008-04-08,25.712500000000002,33.3,18.2,24,0.0,47.625,4,2008,Summer
2008-04-09,27.295833333333334,34.7,19.5,24,0.0,42.916666666666664,4,2008,Summer
2008-04-10,28.2,36.1,20.4,24,0.0,38.125,4,2008,Summer
2008-04-11,28.979166666666668,36.5,21.4,24,0.0,39.625,4,2008,Summer
2008-04-12,29.508333333333336,36.4,22.1,24,0.0,37.791666666666664,4,2008,Summer
2008-04-13,29.925,37.9,21.3,24,0.0,35.875,4,2008,Summer
2008-04-14,30.558333333333334,38.3,20.2,24,0.0,23.583333333333332,4,2008,Summer
2008-04-15,31.620833333333334,38.2,25.2,24,0.0,24.0,4,2008,Summer
2008-04-16,28.5625,36.4,22.2,24,1.4,36.333333333333336,4,2008,Summer
2008-04-17,26.883333333333336,34.1,19.1,24,0.0,43.5,4,2008,Summer
2008-04-18,28.370833333333334,36.2,20.0,24,0.0,25.458333333333332,4,2008,Summer
2008-04-19,29.97083333333333,38.0,20.4,24,0.0,20.875,4,2008,Summer
2008-04-20,30.625,39.1,20.7,24,0.0,19.958333333333332,4,2008,Summer
2008-04-21,31.804166666666664,39.9,22.9,24,0.0,20.5,4,2008,Summer
2008-04-22,32.74166666666667,40.6,23.2,24,0.0,17.75,4,2008,Summer
2008-04-23,32.612500000000004,40.4,23.5,24,0.0,18.791666666666668,4,2008,Summer
2008-04-24,32.791666666666664,40.3,24.2,24,0.0,18.916666666666668,4,2008,Summer
2008-04-25,33.233333333333334,40.9,24.2,24,0.0,17.25,4,2008,Summer
2008-04-26,33.5375,41.1,24.8,24,0.0,15.291666666666666,4,2008,Summer
2008-04-27,32.016666666666666,40.3,22.2,24,0.0,16.875,4,2008,Summer
2008-04-28,32.295833333333334,40.5,22.1,24,0.0,16.666666666666668,4,2008,Summer
2008-04-29,32.71666666666667,41.4,21.9,24,0.0,17.458333333333332,4,2008,Summer
2008-04-30,33.4625,42.2,23.2,24,0.0,17.333333333333332,4,2008,Summer
2008-05-01,33.2875,42.2,24.0,24,0.0,15.375,5,2008,Summer
2008-05-02,33.416666666666664,41.5,24.0,24,0.0,15.125,5,2008,Summer
2008-05-03,34.52916666666667,42.8,26.0,24,0.0,17.791666666666668,5,2008,Summer
2008-05-04,34.99166666666667,42.8,28.7,24,0.1,19.125,5,2008,Summer
2008-05-05,32.666666666666664,38.9,27.1,24,0.5,29.291666666666668,5,2008,Summer
2008-05-06,31.616666666666664,38.5,23.8,24,0.0,40.083333333333336,5,2008,Summer
2008-05-07,31.866666666666664,37.4,25.5,24,0.0,31.958333333333332,5,2008,Summer
2008-05-08,32.27916666666667,39.4,24.4,24,0.0,25.833333333333332,5,2008,Summer
2008-05-09,31.433333333333334,37.2,25.4,24,0.0,32.333333333333336,5,2008,Summer
2008-05-10,31.204166666666666,36.8,25.2,24,0.0,35.125,5,2008,Summer
2008-05-11,31.079166666666666,37.1,24.5,24,0.1,36.708333333333336,5,2008,Summer
2008-05-12,31.979166666666668,38.9,24.2,24,0.0,36.5,5,2008,Summer
2008-05-13,32.791666666666664,39.1,25.5,24,0.0,33.208333333333336,5,2008,Summer
2008-05-14,32.74166666666667,38.8,25.0,24,1.6,36.125,5,2008,Summer
2008-05-15,33.1,39.2,26.2,24,0.0,36.583333333333336,5,2008,Summer
2008-05-16,33.55416666666667,40.5,26.8,24,0.9999999999999999,34.708333333333336,5,2008,Summer
2008-05-17,33.38333333333333,41.2,26.6,24,1.7000000000000002,36.583333333333336,5,2008,Summer
2008-05-18,33.025,39.2,28.3,24,0.7,34.875,5,2008,Summer
2008-05-19,31.804166666666664,36.0,26.7,24,0.4,44.875,5,2008,Summer
2008-05-20,28.7,32.3,26.3,24,12.0,62.291666666666664,5,2008,Summer
2008-05-21,24.379166666666666,26.6,22.2,24,21.3,78.91666666666667,5,2008,Summer
2008-05-22,25.995833333333334,30.1,21.3,24,5.7,76.875,5,2008,Summer
2008-05-23,27.5125,32.4,22.8,24,4.0,71.625,5,2008,Summer
2008-05-24,28.34166666666667,32.8,24.1,24,2.5,69.25,5,2008,Summer
2008-05-25,29.366666666666664,34.2,24.0,24,0.1,63.25,5,2008,Summer
2008-05-26,29.854166666666668,35.3,24.3,24,0.0,58.333333333333336,5,2008,Summer
2008-05-27,30.304166666666664,37.1,24.5,24,0.1,51.25,5,2008,Summer
2008-05-28,30.21666666666667,37.2,22.2,24,0.0,47.333333333333336,5,2008,Summer
2008-05-29,30.179166666666664,37.9,22.9,24,2.4,46.875,5,2008,Summer
2008-05-30,30.670833333333334,37.0,22.7,24,0.0,48.375,5,2008,Summer
2008-05-31,31.583333333333332,39.7,24.5,24,0.0,45.25,5,2008,Summer
2008-06-01,29.691666666666666,35.9,25.0,24,1.8,58.333333333333336,6,2008,Monsoon
2008-06-02,30.920833333333334,36.7,25.0,24,0.30000000000000004,56.416666666666664,6,2008,Monsoon
2008-06-03,30.974999999999998,34.7,26.8,24,0.1,60.041666666666664,6,2008,Monsoon
2008-06-04,31.695833333333336,37.1,26.9,24,0.0,59.75,6,2008,Monsoon
2008-06-05,31.925,37.9,26.8,24,1.2,54.375,6,2008,Monsoon
2008-06-06,32.324999999999996,37.0,27.1,24,0.0,55.25,6,2008,Monsoon
2008-06-07,30.695833333333336,35.8,27.5,24,3.6,65.29166666666667,6,2008,Monsoon
2008-06-08,28.241666666666664,33.4,24.3,24,12.3,77.625,6,2008,Monsoon
2008-06-09,29.616666666666664,32.8,26.5,24,2.1,72.125,6,2008,Monsoon
2008-06-10,29.270833333333332,33.1,25.3,24,1.7000000000000002,75.75,6,2008,Monsoon
2008-06-11,30.308333333333334,35.4,25.6,24,4.0,71.58333333333333,6,2008,Monsoon
2008-06-12,29.537499999999998,33.9,25.8,24,13.4,75.95833333333333,6,2008,Monsoon
2008-06-13,27.683333333333334,31.7,25.8,24,25.7,87.625,6,2008,Monsoon
2008-06-14,29.116666666666664,33.0,26.1,24,3.7,80.70833333333333,6,2008,Monsoon
2008-06-15,27.704166666666666,31.1,25.8,24,18.8,86.75,6,2008,Monsoon
2008-06-16,26.429166666666664,28.0,25.4,24,22.8,92.91666666666667,6,2008,Monsoon
2008-06-17,27.183333333333334,31.1,25.2,24,26.2,89.41666666666667,6,2008,Monsoon
2008-06-18,28.34583333333333,32.0,25.8,24,0.2,81.125,6,2008,Monsoon
2008-06-19,28.770833333333332,32.7,25.7,24,1.2,78.375,6,2008,Monsoon
2008-06-20,28.508333333333336,32.2,25.8,24,3.9,78.625,6,2008,Monsoon
2008-06-21,27.8625,32.4,24.3,24,4.2,82.58333333333333,6,2008,Monsoon
2008-06-22,28.879166666666666,32.7,25.2,24,3.3,79.875,6,2008,Monsoon
2008-06-23,30.27916666666667,34.4,26.3,24,0.1,76.625,6,2008,Monsoon
2008-06-24,30.25,33.7,27.1,24,1.7,75.66666666666667,6,2008,Monsoon
2008-06-25,29.525000000000002,33.2,26.4,24,0.30000000000000004,79.0,6,2008,Monsoon
2008-06-26,30.77916666666667,34.8,26.7,24,0.4,74.75,6,2008,Monsoon
2008-06-27,28.599999999999998,30.8,26.7,24,7.2,83.66666666666667,6,2008,Monsoon
2008-06-28,28.525000000000002,31.6,25.8,24,2.4,81.83333333333333,6,2008,Monsoon
2008-06-29,28.462500000000002,32.2,25.5,24,3.7,81.20833333333333,6,2008,Monsoon
2008-06-30,28.875,32.9,25.3,24,0.4,79.08333333333333,6,2008,Monsoon
2008-07-01,29.520833333333332,33.5,25.8,24,1.0,78.0,7,2008,Monsoon
2008-07-02,30.52916666666667,34.5,26.4,24,0.0,74.125,7,2008,Monsoon
2008-07-03,30.787499999999998,35.5,26.6,24,4.3,75.33333333333333,7,2008,Monsoon
2008-07-04,30.354166666666668,35.1,26.4,24,0.4,74.95833333333333,7,2008,Monsoon
2008-07-05,29.537499999999998,33.3,27.2,24,10.1,80.5,7,2008,Monsoon
2008-07-06,27.745833333333334,30.3,26.1,24,4.5,85.70833333333333,7,2008,Monsoon
2008-07-07,27.925,31.3,25.6,24,7.4,85.5,7,2008,Monsoon
2008-07-08,27.570833333333336,31.4,25.8,24,12.6,86.20833333333333,7,2008,Monsoon
2008-07-09,28.016666666666666,32.7,25.4,24,5.6,86.625,7,2008,Monsoon
2008-07-10,29.325,33.0,26.0,24,3.9000000000000004,81.54166666666667,7,2008,Monsoon
2008-07-11,28.46666666666667,32.1,26.3,24,7.8,83.375,7,2008,Monsoon
2008-07-12,27.366666666666664,30.0,25.5,24,9.4,84.91666666666667,7,2008,Monsoon
2008-07-13,26.662499999999998,30.1,24.8,24,17.5,88.79166666666667,7,2008,Monsoon
2008-07-14,27.84166666666667,32.4,24.8,24,10.0,83.79166666666667,7,2008,Monsoon
2008-07-15,28.704166666666666,33.1,25.2,24,4.2,79.79166666666667,7,2008,Monsoon
2008-07-16,29.754166666666666,33.5,26.9,24,0.3,72.125,7,2008,Monsoon
2008-07-17,29.912499999999998,33.3,27.0,24,0.7,73.95833333333333,7,2008,Monsoon
2008-07-18,30.304166666666664,33.9,27.4,24,0.30000000000000004,70.45833333333333,7,2008,Monsoon
2008-07-19,30.604166666666668,34.9,27.6,24,0.2,66.625,7,2008,Monsoon
2008-07-20,29.308333333333334,32.0,26.7,24,5.0,80.58333333333333,7,2008,Monsoon
2008-07-21,29.020833333333332,33.3,26.0,24,5.5,81.625,7,2008,Monsoon
2008-07-22,30.53333333333333,34.5,26.7,24,0.0,71.5,7,2008,Monsoon
2008-07-23,31.400000000000002,35.9,27.8,24,0.0,64.41666666666667,7,2008,Monsoon
2008-07-24,31.841666666666665,36.3,28.7,24,0.0,64.66666666666667,7,2008,Monsoon
2008-07-25,31.28333333333333,34.9,27.9,24,0.0,67.875,7,2008,Monsoon
2008-07-26,29.858333333333334,33.2,27.2,24,0.2,78.08333333333333,7,2008,Monsoon
2008-07-27,28.1125,31.1,26.0,24,8.1,83.33333333333333,7,2008,Monsoon
2008-07-28,28.879166666666666,33.0,25.4,24,7.9,82.70833333333333,7,2008,Monsoon
2008-07-29,30.400000000000002,33.9,27.0,24,0.3,75.625,7,2008,Monsoon
2008-07-30,30.058333333333334,32.9,27.6,24,0.30000000000000004,76.95833333333333,7,2008,Monsoon
2008-07-31,28.208333333333332,31.3,26.2,24,19.0,85.16666666666667,7,2008,Monsoon
2008-08-01,27.8,31.7,25.0,24,5.8,82.16666666666667,8,2008,Monsoon
2008-08-02,28.179166666666664,31.8,26.2,24,6.4,83.33333333333333,8,2008,Monsoon
2008-08-03,27.625,31.1,25.7,24,6.7,88.41666666666667,8,2008,Monsoon
2008-08-04,26.520833333333332,28.6,25.0,24,7.3,89.625,8,2008,Monsoon
2008-08-05,27.083333333333332,30.8,24.7,24,8.9,87.625,8,2008,Monsoon
2008-08-06,26.84166666666667,31.0,24.4,24,29.099999999999998,88.91666666666667,8,2008,Monsoon
2008-08-07,26.041666666666668,28.6,24.7,24,40.1,91.70833333333333,8,2008,Monsoon
2008-08-08,26.1875,28.6,24.9,24,12.6,89.83333333333333,8,2008,Monsoon
2008-08-09,28.070833333333336,31.9,25.1,24,1.6,83.79166666666667,8,2008,Monsoon
2008-08-10,28.354166666666668,31.6,26.1,24,9.7,85.75,8,2008,Monsoon
2008-08-11,29.116666666666664,32.4,26.5,24,0.9,82.5,8,2008,Monsoon
2008-08-12,27.183333333333334,29.2,25.5,24,10.600000000000001,85.66666666666667,8,2008,Monsoon
2008-08-13,25.6125,27.2,24.5,24,20.6,94.29166666666667,8,2008,Monsoon
2008-08-14,26.233333333333334,29.4,24.9,24,29.8,91.70833333333333,8,2008,Monsoon
2008-08-15,26.425,30.3,24.9,24,52.0,91.625,8,2008,Monsoon
2008-08-16,27.183333333333334,30.9,24.9,24,6.2,87.75,8,2008,Monsoon
2008-08-17,27.058333333333334,30.3,25.0,24,2.8,87.66666666666667,8,2008,Monsoon
2008-08-18,28.291666666666668,32.7,24.9,24,1.1,80.54166666666667,8,2008,Monsoon
2008-08-19,28.77916666666667,32.8,25.1,24,0.30000000000000004,75.41666666666667,8,2008,Monsoon
2008-08-20,28.400000000000002,32.0,25.0,24,0.7,75.29166666666667,8,2008,Monsoon
2008-08-21,26.883333333333336,28.5,25.7,24,2.5,80.33333333333333,8,2008,Monsoon
2008-08-22,26.416666666666668,28.6,24.9,24,11.2,90.04166666666667,8,2008,Monsoon
2008-08-23,27.3,31.6,25.0,24,11.6,86.91666666666667,8,2008,Monsoon
2008-08-24,28.8125,32.9,25.4,24,0.6000000000000001,84.20833333333333,8,2008,Monsoon
2008-08-25,29.46666666666667,33.4,26.4,24,2.3,83.04166666666667,8,2008,Monsoon
2008-08-26,29.116666666666664,32.9,26.0,24,0.8,85.16666666666667,8,2008,Monsoon
2008-08-27,29.604166666666668,34.6,25.2,24,0.0,79.75,8,2008,Monsoon
2008-08-28,30.3125,34.5,27.0,24,0.0,68.33333333333333,8,2008,Monsoon
2008-08-29,29.758333333333336,33.5,26.7,24,0.0,64.29166666666667,8,2008,Monsoon
2008-08-30,29.204166666666666,33.4,26.0,24,0.30000000000000004,69.66666666666667,8,2008,Monsoon
2008-08-31,28.370833333333334,32.4,24.6,24,0.0,75.29166666666667,8,2008,Monsoon
2008-09-01,28.891666666666666,33.5,24.3,24,0.9,78.375,9,2008,Monsoon
2008-09-02,29.391666666666666,34.0,25.1,24,0.0,75.0,9,2008,Monsoon
2008-09-03,29.849999999999998,34.8,25.3,24,0.0,71.0,9,2008,Monsoon
2008-09-04,29.84166666666667,35.5,25.0,24,0.0,71.875,9,2008,Monsoon
2008-09-05,30.070833333333336,35.8,26.4,24,1.5,65.45833333333333,9,2008,Monsoon
2008-09-06,28.141666666666666,32.1,23.7,24,4.199999999999999,73.75,9,2008,Monsoon
2008-09-07,27.708333333333332,31.4,24.1,24,0.6,75.125,9,2008,Monsoon
2008-09-08,27.108333333333334,31.8,22.9,24,0.0,80.125,9,2008,Monsoon
2008-09-09,28.1125,32.9,23.6,24,0.0,73.04166666666667,9,2008,Monsoon
2008-09-10,28.304166666666664,32.7,23.7,24,0.0,73.20833333333333,9,2008,Monsoon
2008-09-11,28.320833333333336,32.5,25.0,24,4.6,80.70833333333333,9,2008,Monsoon
2008-09-12,28.34166666666667,32.2,25.2,24,1.7000000000000002,81.08333333333333,9,2008,Monsoon
2008-09-13,28.316666666666666,32.3,25.0,24,0.3,79.375,9,2008,Monsoon
2008-09-14,28.733333333333334,33.1,25.5,24,0.30000000000000004,79.20833333333333,9,2008,Monsoon
2008-09-15,27.858333333333334,31.9,23.9,24,12.6,82.375,9,2008,Monsoon
2008-09-16,28.829166666666666,32.6,25.3,24,0.0,80.79166666666667,9,2008,Monsoon
2008-09-17,27.104166666666668,31.6,24.9,24,13.0,85.125,9,2008,Monsoon
2008-09-18,26.983333333333334,29.8,25.5,24,8.299999999999999,86.54166666666667,9,2008,Monsoon
2008-09-19,24.608333333333334,28.2,22.7,24,31.3,87.875,9,2008,Monsoon
2008-09-20,25.420833333333334,29.3,23.0,24,4.2,81.875,9,2008,Monsoon
2008-09-21,24.96666666666667,28.8,21.4,24,0.5,86.25,9,2008,Monsoon
2008-09-22,25.28333333333333,30.0,21.1,24,0.1,83.08333333333333,9,2008,Monsoon
2008-09-23,26.0,30.9,21.4,24,0.0,79.29166666666667,9,2008,Monsoon
2008-09-24,26.241666666666664,31.6,21.6,24,0.0,72.54166666666667,9,2008,Monsoon
2008-09-25,26.6875,32.1,21.7,24,0.0,70.625,9,2008,Monsoon
2008-09-26,27.53333333333333,33.1,23.4,24,0.0,65.45833333333333,9,2008,Monsoon
2008-09-27,27.5625,32.7,23.4,24,0.1,69.54166666666667,9,2008,Monsoon
2008-09-28,28.34583333333333,33.6,24.2,24,0.0,65.91666666666667,9,2008,Monsoon
2008-09-29,28.65416666666667,33.7,24.9,24,0.0,64.95833333333333,9,2008,Monsoon
2008-09-30,28.116666666666664,32.5,24.1,24,0.30000000000000004,75.79166666666667,9,2008,Monsoon
2008-10-01,28.125,32.3,23.9,24,0.4,80.95833333333333,10,2008,Post-monsoon
2008-10-02,28.291666666666668,32.3,23.9,24,0.4,81.83333333333333,10,2008,Post-monsoon
2008-10-03,28.229166666666668,33.0,24.0,24,0.6,81.58333333333333,10,2008,Post-monsoon
2008-10-04,29.129166666666666,34.3,24.4,24,0.0,71.95833333333333,10,2008,Post-monsoon
2008-10-05,28.329166666666666,33.8,24.7,24,2.3000000000000003,77.95833333333333,10,2008,Post-monsoon
2008-10-06,27.974999999999998,32.8,24.3,24,0.0,77.58333333333333,10,2008,Post-monsoon
2008-10-07,28.075,33.1,23.5,24,0.0,72.54166666666667,10,2008,Post-monsoon
2008-10-08,28.3,34.5,23.8,24,1.5999999999999999,57.083333333333336,10,2008,Post-monsoon
2008-10-09,27.6875,34.5,21.2,24,0.0,62.958333333333336,10,2008,Post-monsoon
2008-10-10,28.362499999999997,34.4,23.4,24,0.0,54.75,10,2008,Post-monsoon
2008-10-11,27.724999999999998,34.1,21.0,24,0.0,57.875,10,2008,Post-monsoon
2008-10-12,27.95,35.1,20.5,24,0.0,55.083333333333336,10,2008,Post-monsoon
2008-10-13,27.791666666666668,35.1,20.9,24,0.0,62.5,10,2008,Post-monsoon
2008-10-14,27.379166666666666,34.1,22.0,24,0.0,63.125,10,2008,Post-monsoon
2008-10-15,26.679166666666664,32.2,22.3,24,0.7,67.33333333333333,10,2008,Post-monsoon
2008-10-16,25.454166666666666,31.1,20.8,24,0.7,70.5,10,2008,Post-monsoon
2008-10-17,25.337500000000002,32.2,19.4,24,0.0,53.416666666666664,10,2008,Post-monsoon
2008-10-18,24.59583333333333,31.8,17.6,24,0.0,51.125,10,2008,Post-monsoon
2008-10-19,24.6125,32.0,16.6,24,0.0,52.458333333333336,10,2008,Post-monsoon
2008-10-20,24.8875,31.9,17.3,24,0.0,54.25,10,2008,Post-monsoon
2008-10-21,24.974999999999998,32.7,17.6,24,0.0,54.833333333333336,10,2008,Post-monsoon
2008-10-22,25.4875,32.5,18.4,24,0.9,56.166666666666664,10,2008,Post-monsoon
2008-10-23,25.145833333333332,32.2,18.3,24,0.0,54.125,10,2008,Post-monsoon
2008-10-24,24.875,31.8,19.8,24,0.0,56.333333333333336,10,2008,Post-monsoon
2008-10-25,24.416666666666668,31.2,17.5,24,0.0,60.875,10,2008,Post-monsoon
2008-10-26,24.34583333333333,30.7,18.2,24,0.0,59.75,10,2008,Post-monsoon
2008-10-27,24.525000000000002,31.7,17.6,24,0.0,50.666666666666664,10,2008,Post-monsoon
2008-10-28,24.454166666666666,31.4,18.3,24,0.0,50.5,10,2008,Post-monsoon
2008-10-29,24.329166666666666,31.7,17.8,24,0.0,61.958333333333336,10,2008,Post-monsoon
2008-10-30,25.120833333333334,33.0,18.5,24,0.0,49.333333333333336,10,2008,Post-monsoon
2008-10-31,24.891666666666666,31.7,19.2,24,0.0,51.625,10,2008,Post-monsoon
2008-11-01,24.741666666666664,31.7,19.2,24,0.0,44.083333333333336,11,2008,Post-monsoon
2008-11-02,24.412499999999998,32.5,16.8,24,0.0,50.958333333333336,11,2008,Post-monsoon
2008-11-03,24.90416666666667,32.6,17.0,24,0.0,51.083333333333336,11,2008,Post-monsoon
2008-11-04,24.162499999999998,31.5,17.4,24,0.0,53.541666666666664,11,2008,Post-monsoon
2008-11-05,22.900000000000002,30.6,14.9,24,0.0,47.291666666666664,11,2008,Post-monsoon
2008-11-06,23.579166666666666,30.7,17.9,24,0.0,44.708333333333336,11,2008,Post-monsoon
2008-11-07,22.912499999999998,30.3,15.6,24,0.0,57.583333333333336,11,2008,Post-monsoon
2008-11-08,22.84166666666667,30.1,15.9,24,0.0,59.625,11,2008,Post-monsoon
2008-11-09,22.7375,29.8,15.7,24,0.0,58.291666666666664,11,2008,Post-monsoon
2008-11-10,22.791666666666668,29.4,15.1,24,0.0,60.625,11,2008,Post-monsoon
2008-11-11,22.520833333333332,29.1,16.1,24,0.0,64.0,11,2008,Post-monsoon
2008-11-12,21.770833333333332,28.3,15.1,24,0.0,65.29166666666667,11,2008,Post-monsoon
2008-11-13,21.72083333333333,27.8,16.1,24,0.0,64.58333333333333,11,2008,Post-monsoon
2008-11-14,21.445833333333336,27.5,15.5,24,0.0,62.0,11,2008,Post-monsoon
2008-11-15,21.275000000000002,27.9,14.8,24,0.0,60.666666666666664,11,2008,Post-monsoon
2008-11-16,21.620833333333334,28.8,15.5,24,0.0,59.833333333333336,11,2008,Post-monsoon
2008-11-17,21.545833333333334,28.8,14.7,24,0.0,59.083333333333336,11,2008,Post-monsoon
2008-11-18,21.2,27.8,14.9,24,0.0,59.75,11,2008,Post-monsoon
2008-11-19,21.604166666666668,28.0,15.1,24,0.0,60.208333333333336,11,2008,Post-monsoon
2008-11-20,19.054166666666667,23.6,15.0,24,4.4,80.66666666666667,11,2008,Post-monsoon
2008-11-21,17.575,24.0,12.7,24,0.0,64.75,11,2008,Post-monsoon
2008-11-22,17.154166666666665,24.4,11.4,24,0.0,51.041666666666664,11,2008,Post-monsoon
2008-11-23,17.158333333333335,24.6,10.6,24,0.0,51.666666666666664,11,2008,Post-monsoon
2008-11-24,18.208333333333332,25.8,12.4,24,0.0,53.25,11,2008,Post-monsoon
2008-11-25,18.258333333333333,25.4,10.8,24,0.0,60.041666666666664,11,2008,Post-monsoon
2008-11-26,18.304166666666667,25.7,11.4,24,0.0,65.70833333333333,11,2008,Post-monsoon
2008-11-27,19.016666666666666,25.7,12.2,24,0.0,66.29166666666667,11,2008,Post-monsoon
2008-11-28,18.283333333333335,26.1,11.2,24,0.0,64.16666666666667,11,2008,Post-monsoon
2008-11-29,18.400000000000002,26.8,11.4,24,0.0,54.541666666666664,11,2008,Post-monsoon
2008-11-30,17.833333333333332,25.1,10.0,24,0.0,56.875,11,2008,Post-monsoon
2008-12-01,18.570833333333333,24.6,13.3,24,0.0,70.75,12,2008,Winter
2008-12-02,18.241666666666667,25.6,12.0,24,0.0,66.83333333333333,12,2008,Winter
2008-12-03,17.841666666666665,25.6,10.7,24,0.0,62.458333333333336,12,2008,Winter
2008-12-04,18.5,26.7,11.3,24,0.0,55.666666666666664,12,2008,Winter
2008-12-05,18.529166666666665,26.1,12.1,24,0.0,59.458333333333336,12,2008,Winter
2008-12-06,18.841666666666665,27.0,11.3,24,0.0,56.666666666666664,12,2008,Winter
2008-12-07,19.275000000000002,24.9,14.4,24,0.0,51.333333333333336,12,2008,Winter
2008-12-08,19.345833333333335,25.4,13.3,24,0.0,66.33333333333333,12,2008,Winter
2008-12-09,19.466666666666665,25.6,13.8,24,0.0,74.58333333333333,12,2008,Winter
2008-12-10,20.05,26.5,14.4,24,0.0,72.625,12,2008,Winter
2008-12-11,19.020833333333332,24.7,14.6,24,0.0,64.41666666666667,12,2008,Winter
2008-12-12,16.241666666666667,22.6,10.4,24,0.0,63.291666666666664,12,2008,Winter
2008-12-13,15.670833333333334,22.7,9.2,24,0.0,61.833333333333336,12,2008,Winter
2008-12-14,15.0875,22.7,8.3,24,0.0,56.708333333333336,12,2008,Winter
2008-12-15,16.275000000000002,24.2,9.5,24,0.0,57.041666666666664,12,2008,Winter
2008-12-16,17.25,24.5,11.3,24,0.0,55.291666666666664,12,2008,Winter
2008-12-17,17.633333333333333,25.7,10.1,24,0.0,63.0,12,2008,Winter
2008-12-18,19.820833333333333,27.1,13.2,24,0.0,63.625,12,2008,Winter
2008-12-19,20.420833333333334,24.7,17.5,24,0.0,59.583333333333336,12,2008,Winter
2008-12-20,19.458333333333332,23.9,16.2,24,0.0,76.70833333333333,12,2008,Winter
2008-12-21,18.741666666666667,24.4,15.2,24,0.0,78.70833333333333,12,2008,Winter
2008-12-22,16.383333333333333,22.0,12.4,24,0.0,66.70833333333333,12,2008,Winter
2008-12-23,15.370833333333332,22.2,10.1,24,0.0,57.833333333333336,12,2008,Winter
2008-12-24,15.116666666666667,22.1,9.1,24,0.0,56.25,12,2008,Winter
2008-12-25,14.983333333333334,22.7,7.9,24,0.0,65.58333333333333,12,2008,Winter
2008-12-26,15.0375,22.4,7.7,24,0.0,67.5,12,2008,Winter
2008-12-27,15.4,22.8,9.0,24,0.0,69.54166666666667,12,2008,Winter
2008-12-28,15.779166666666667,22.9,9.4,24,0.0,72.79166666666667,12,2008,Winter
2008-12-29,15.637500000000001,22.6,9.4,24,0.0,76.66666666666667,12,2008,Winter
2008-12-30,14.75,21.3,9.1,24,0.0,76.66666666666667,12,2008,Winter
2008-12-31,14.533333333333333,21.4,9.3,24,0.0,72.875,12,2008,Winter
2009-01-01,13.991666666666667,21.2,8.1,24,0.0,68.66666666666667,1,2009,Winter
2009-01-02,14.379166666666668,21.4,7.3,24,0.0,65.29166666666667,1,2009,Winter
2009-01-03,14.700000000000001,21.1,9.3,24,0.0,67.125,1,2009,Winter
2009-01-04,14.308333333333332,20.1,8.6,24,0.0,69.04166666666667,1,2009,Winter
2009-01-05,14.825000000000001,19.5,11.1,24,1.1,73.70833333333333,1,2009,Winter
2009-01-06,14.079166666666666,19.5,8.9,24,0.0,73.79166666666667,1,2009,Winter
2009-01-07,13.279166666666667,19.5,7.3,24,0.0,64.5,1,2009,Winter
2009-01-08,13.0375,19.5,6.9,24,0.0,69.58333333333333,1,2009,Winter
2009-01-09,13.929166666666667,19.9,6.8,24,0.0,70.45833333333333,1,2009,Winter
2009-01-10,15.512500000000001,22.0,10.5,24,0.0,67.25,1,2009,Winter
2009-01-11,13.983333333333334,20.6,8.5,24,0.0,70.83333333333333,1,2009,Winter
2009-01-12,13.941666666666668,20.9,7.4,24,0.0,67.16666666666667,1,2009,Winter
2009-01-13,13.679166666666667,21.3,6.4,24,0.0,68.04166666666667,1,2009,Winter
2009-01-14,14.883333333333333,23.1,8.9,24,0.0,67.5,1,2009,Winter
2009-01-15,15.441666666666668,23.2,8.0,24,0.0,64.41666666666667,1,2009,Winter
2009-01-16,17.912499999999998,24.8,12.2,24,0.0,65.70833333333333,1,2009,Winter
2009-01-17,17.933333333333334,24.4,13.3,24,0.0,75.45833333333333,1,2009,Winter
2009-01-18,18.0,24.7,13.0,24,3.2,84.70833333333333,1,2009,Winter
2009-01-19,16.0625,20.6,12.3,24,0.0,80.125,1,2009,Winter
2009-01-20,14.645833333333334,21.0,10.1,24,0.0,68.75,1,2009,Winter
2009-01-21,15.045833333333334,21.2,10.1,24,0.0,56.125,1,2009,Winter
2009-01-22,15.987499999999999,22.1,11.9,24,0.0,55.958333333333336,1,2009,Winter
2009-01-23,17.3,23.9,12.5,24,0.0,52.416666666666664,1,2009,Winter
2009-01-24,18.908333333333335,26.2,14.0,24,0.0,56.791666666666664,1,2009,Winter
2009-01-25,18.466666666666665,26.0,11.1,24,0.0,67.75,1,2009,Winter
2009-01-26,18.133333333333333,24.6,12.5,24,0.0,70.41666666666667,1,2009,Winter
2009-01-27,16.408333333333335,23.5,9.6,24,0.0,67.95833333333333,1,2009,Winter
2009-01-28,16.650000000000002,23.2,11.8,24,0.0,67.875,1,2009,Winter
2009-01-29,15.975,22.9,9.6,24,0.0,68.29166666666667,1,2009,Winter
2009-01-30,16.004166666666666,23.5,8.6,24,0.0,67.45833333333333,1,2009,Winter
2009-01-31,16.329166666666666,23.0,10.9,24,0.0,62.875,1,2009,Winter
2009-02-01,15.950000000000001,23.1,9.5,24,0.0,57.541666666666664,2,2009,Winter
2009-02-02,16.095833333333335,23.6,7.9,24,0.0,57.125,2,2009,Winter
2009-02-03,17.4375,25.1,10.8,24,0.0,57.791666666666664,2,2009,Winter
2009-02-04,18.650000000000002,26.2,11.4,24,0.0,62.625,2,2009,Winter
2009-02-05,18.474999999999998,25.2,12.9,24,0.0,66.79166666666667,2,2009,Winter
2009-02-06,19.275000000000002,25.6,13.1,24,0.0,67.58333333333333,2,2009,Winter
2009-02-07,18.045833333333334,24.2,13.0,24,0.0,62.666666666666664,2,2009,Winter
2009-02-08,16.462500000000002,23.5,9.9,24,0.0,56.166666666666664,2,2009,Winter
2009-02-09,16.566666666666666,23.9,8.5,24,0.0,55.0,2,2009,Winter
2009-02-10,17.583333333333332,25.0,12.1,24,13.1,67.33333333333333,2,2009,Winter
2009-02-11,14.7875,18.8,11.5,24,2.7,84.375,2,2009,Winter
2009-02-12,15.4,22.0,9.5,24,0.0,77.70833333333333,2,2009,Winter
2009-02-13,16.974999999999998,24.0,10.6,24,0.0,73.58333333333333,2,2009,Winter
2009-02-14,17.958333333333332,24.4,12.4,24,0.0,71.79166666666667,2,2009,Winter
2009-02-15,16.670833333333334,22.6,11.7,24,0.0,68.875,2,2009,Winter
2009-02-16,15.6625,22.7,9.5,24,0.0,64.75,2,2009,Winter
2009-02-17,15.958333333333334,23.1,9.1,24,0.0,63.25,2,2009,Winter
2009-02-18,17.066666666666666,25.1,9.9,24,0.0,59.583333333333336,2,2009,Winter
2009-02-19,18.037499999999998,25.8,11.4,24,0.0,52.416666666666664,2,2009,Winter
2009-02-20,19.620833333333334,28.5,11.3,24,0.0,55.0,2,2009,Winter
2009-02-21,20.254166666666666,29.0,12.7,24,0.0,47.541666666666664,2,2009,Winter
2009-02-22,20.591666666666665,28.3,13.7,24,0.0,44.708333333333336,2,2009,Winter
2009-02-23,21.220833333333335,28.9,13.2,24,0.0,51.125,2,2009,Winter
2009-02-24,22.145833333333332,29.8,16.2,24,0.0,52.625,2,2009,Winter
2009-02-25,21.445833333333336,28.6,14.4,24,0.0,55.166666666666664,2,2009,Winter
2009-02-26,20.729166666666668,28.2,13.6,24,0.0,45.25,2,2009,Winter
2009-02-27,20.8625,28.3,13.9,24,0.0,39.75,2,2009,Winter
2009-02-28,20.2375,27.0,13.9,24,0.0,34.041666666666664,2,2009,Winter
2009-03-01,21.004166666666666,29.1,13.3,24,0.0,30.375,3,2009,Summer
2009-03-02,22.379166666666666,30.0,15.0,24,0.0,40.166666666666664,3,2009,Summer
2009-03-03,23.433333333333334,32.2,15.1,24,0.0,56.208333333333336,3,2009,Summer
2009-03-04,24.195833333333336,32.1,17.1,24,0.0,50.625,3,2009,Summer
2009-03-05,23.0625,30.0,16.4,24,0.0,48.958333333333336,3,2009,Summer
2009-03-06,22.5125,30.4,15.2,24,0.0,38.75,3,2009,Summer
2009-03-07,22.34166666666667,30.9,14.8,24,0.0,42.25,3,2009,Summer
2009-03-08,21.741666666666664,29.2,14.7,24,0.0,40.833333333333336,3,2009,Summer
2009-03-09,21.71666666666667,29.4,13.3,24,0.0,40.958333333333336,3,2009,Summer
2009-03-10,21.704166666666666,29.8,12.9,24,0.0,38.0,3,2009,Summer
2009-03-11,21.5125,29.1,14.0,24,0.0,34.833333333333336,3,2009,Summer
2009-03-12,21.78333333333333,30.1,14.2,24,0.0,35.291666666666664,3,2009,Summer
2009-03-13,22.84166666666667,30.8,14.2,24,0.0,45.5,3,2009,Summer
2009-03-14,23.266666666666666,30.9,14.9,24,0.0,46.541666666666664,3,2009,Summer
2009-03-15,23.65833333333333,31.5,15.5,24,0.0,47.083333333333336,3,2009,Summer
2009-03-16,23.483333333333334,31.0,15.2,24,0.0,46.083333333333336,3,2009,Summer
2009-03-17,24.037499999999998,31.8,15.2,24,0.0,45.833333333333336,3,2009,Summer
2009-03-18,24.791666666666668,32.6,15.8,24,0.0,44.041666666666664,3,2009,Summer
2009-03-19,24.7,33.6,17.4,24,1.9,49.25,3,2009,Summer
2009-03-20,23.879166666666666,30.9,17.8,24,0.7,48.083333333333336,3,2009,Summer
2009-03-21,23.583333333333332,29.1,17.1,24,0.0,53.458333333333336,3,2009,Summer
2009-03-22,23.40833333333333,30.6,15.2,24,0.0,45.375,3,2009,Summer
2009-03-23,24.570833333333336,31.0,17.8,24,0.0,45.25,3,2009,Summer
2009-03-24,25.59583333333333,33.2,17.4,24,1.0,44.875,3,2009,Summer
2009-03-25,22.55,30.3,18.1,24,3.3,61.833333333333336,3,2009,Summer
2009-03-26,22.016666666666666,29.1,14.8,24,0.0,60.833333333333336,3,2009,Summer
2009-03-27,21.53333333333333,27.9,17.5,24,2.0,64.79166666666667,3,2009,Summer
2009-03-28,23.52916666666667,30.6,16.9,24,0.0,59.875,3,2009,Summer
2009-03-29,23.991666666666664,29.8,18.7,24,0.5,60.083333333333336,3,2009,Summer
2009-03-30,24.058333333333334,30.7,17.8,24,0.0,54.958333333333336,3,2009,Summer
2009-03-31,24.59583333333333,31.4,18.0,24,0.0,44.375,3,2009,Summer
2009-04-01,26.366666666666664,34.2,18.9,24,0.0,40.333333333333336,4,2009,Summer
2009-04-02,27.837500000000002,35.5,20.0,24,0.0,44.375,4,2009,Summer
2009-04-03,27.6875,35.4,20.5,24,0.0,35.166666666666664,4,2009,Summer
2009-04-04,27.620833333333334,34.5,20.6,24,0.0,33.25,4,2009,Summer
2009-04-05,26.979166666666668,34.0,19.6,24,0.0,32.583333333333336,4,2009,Summer
2009-04-06,27.15833333333333,34.4,19.2,24,0.0,35.291666666666664,4,2009,Summer
2009-04-07,26.175,33.7,17.4,24,0.0,43.541666666666664,4,2009,Summer
2009-04-08,24.608333333333334,32.2,18.4,24,10.0,47.25,4,2009,Summer
2009-04-09,21.216666666666665,26.8,16.4,24,11.0,68.45833333333333,4,2009,Summer
2009-04-10,22.34583333333333,29.0,15.8,24,0.0,52.916666666666664,4,2009,Summer
2009-04-11,24.8125,32.6,17.4,24,0.0,46.583333333333336,4,2009,Summer
2009-04-12,27.004166666666666,34.7,18.5,24,0.0,49.666666666666664,4,2009,Summer
2009-04-13,27.929166666666664,36.1,18.9,24,0.0,40.625,4,2009,Summer
2009-04-14,29.066666666666666,37.9,19.5,24,0.0,34.958333333333336,4,2009,Summer
2009-04-15,30.245833333333334,38.5,22.5,24,0.0,32.833333333333336,4,2009,Summer
2009-04-16,29.420833333333334,37.4,22.4,24,0.5,32.5,4,2009,Summer
2009-04-17,28.6375,35.5,21.9,24,0.0,24.125,4,2009,Summer
2009-04-18,30.15416666666667,37.7,22.3,24,0.0,22.208333333333332,4,2009,Summer
2009-04-19,32.37083333333333,40.2,24.3,24,0.0,21.041666666666668,4,2009,Summer
2009-04-20,32.704166666666666,40.8,24.8,24,0.0,23.041666666666668,4,2009,Summer
2009-04-21,31.679166666666664,40.0,24.5,24,0.0,23.916666666666668,4,2009,Summer
2009-04-22,30.40416666666667,36.9,23.3,24,0.0,20.708333333333332,4,2009,Summer
2009-04-23,29.52916666666667,37.3,21.4,24,0.0,14.125,4,2009,Summer
2009-04-24,29.75,37.3,21.6,24,0.0,14.791666666666666,4,2009,Summer
2009-04-25,29.579166666666666,37.0,21.5,24,0.0,14.833333333333334,4,2009,Summer
2009-04-26,30.46666666666667,38.5,21.4,24,0.0,15.708333333333334,4,2009,Summer
2009-04-27,32.449999999999996,41.1,23.7,24,0.0,17.625,4,2009,Summer
2009-04-28,34.15,42.5,26.5,24,0.0,20.333333333333332,4,2009,Summer
2009-04-29,34.550000000000004,43.0,25.8,24,0.0,21.958333333333332,4,2009,Summer
2009-04-30,34.00833333333333,42.6,24.5,24,0.0,20.333333333333332,4,2009,Summer
2009-05-01,34.3375,43.2,25.0,24,0.0,18.541666666666668,5,2009,Summer
2009-05-02,33.770833333333336,42.5,25.7,24,0.1,20.708333333333332,5,2009,Summer
2009-05-03,31.224999999999998,37.8,25.5,24,3.3,36.666666666666664,5,2009,Summer
2009-05-04,31.162499999999998,38.5,22.9,24,1.2,39.541666666666664,5,2009,Summer
2009-05-05,29.683333333333334,37.1,24.1,24,4.0,46.458333333333336,5,2009,Summer
2009-05-06,29.891666666666666,36.6,22.9,24,0.0,37.5,5,2009,Summer
2009-05-07,30.695833333333336,37.8,23.6,24,0.0,25.875,5,2009,Summer
2009-05-08,31.53333333333333,39.7,22.6,24,0.4,27.0,5,2009,Summer
2009-05-09,32.170833333333334,40.2,23.8,24,0.0,25.041666666666668,5,2009,Summer
2009-05-10,32.525,40.8,24.2,24,1.3,26.333333333333332,5,2009,Summer
2009-05-11,30.75,38.0,24.1,24,0.6000000000000001,41.291666666666664,5,2009,Summer
2009-05-12,29.775000000000002,36.0,23.4,24,0.0,50.291666666666664,5,2009,Summer
2009-05-13,31.575,38.3,24.2,24,0.0,41.25,5,2009,Summer
2009-05-14,32.52916666666667,39.3,25.5,24,0.2,40.208333333333336,5,2009,Summer
2009-05-15,32.454166666666666,39.7,26.4,24,0.2,43.458333333333336,5,2009,Summer
2009-05-16,33.479166666666664,39.5,27.3,24,0.0,41.333333333333336,5,2009,Summer
2009-05-17,34.46666666666667,41.3,27.1,24,0.0,38.041666666666664,5,2009,Summer
2009-05-18,35.300000000000004,43.4,25.8,24,0.0,30.833333333333332,5,2009,Summer
2009-05-19,35.6,42.9,28.0,24,0.0,30.875,5,2009,Summer
2009-05-20,34.954166666666666,42.1,27.8,24,0.0,39.416666666666664,5,2009,Summer
2009-05-21,34.829166666666666,40.8,28.2,24,0.0,41.0,5,2009,Summer
2009-05-22,35.27916666666667,42.6,27.7,24,0.7,34.25,5,2009,Summer
2009-05-23,33.36666666666667,39.5,27.7,24,0.2,40.708333333333336,5,2009,Summer
2009-05-24,32.670833333333334,38.5,26.2,24,0.0,39.541666666666664,5,2009,Summer
2009-05-25,31.40833333333333,37.3,25.5,24,0.9,45.125,5,2009,Summer
2009-05-26,32.041666666666664,38.8,25.0,24,0.0,36.875,5,2009,Summer
2009-05-27,33.824999999999996,41.0,24.7,24,0.0,30.583333333333332,5,2009,Summer
2009-05-28,33.22083333333333,40.8,27.6,24,1.6,44.458333333333336,5,2009,Summer
2009-05-29,30.979166666666668,38.0,25.8,24,7.6000000000000005,57.833333333333336,5,2009,Summer
2009-05-30,29.2,33.3,25.6,24,0.5,62.625,5,2009,Summer
2009-05-31,30.808333333333334,35.8,24.9,24,0.0,55.25,5,2009,Summer
2009-06-01,30.599999999999998,35.9,26.7,24,1.1,58.666666666666664,6,2009,Monsoon
2009-06-02,34.0,39.9,27.7,24,0.0,46.375,6,2009,Monsoon
2009-06-03,35.829166666666666,41.3,30.7,24,0.0,39.125,6,2009,Monsoon
2009-06-04,36.94583333333333,42.5,31.1,24,0.0,33.875,6,2009,Monsoon
2009-06-05,35.94583333333333,41.9,30.8,24,0.0,28.833333333333332,6,2009,Monsoon
2009-06-06,35.012499999999996,41.3,27.9,24,0.0,26.833333333333332,6,2009,Monsoon
2009-06-07,33.824999999999996,41.0,25.5,24,0.0,25.916666666666668,6,2009,Monsoon
2009-06-08,34.291666666666664,42.0,25.4,24,0.0,17.125,6,2009,Monsoon
2009-06-09,34.050000000000004,42.2,24.5,24,0.0,18.291666666666668,6,2009,Monsoon
2009-06-10,34.57083333333333,42.5,26.0,24,0.0,24.25,6,2009,Monsoon
2009-06-11,34.49166666666667,41.7,27.5,24,0.0,35.166666666666664,6,2009,Monsoon
2009-06-12,34.80416666666667,42.2,28.0,24,0.0,31.583333333333332,6,2009,Monsoon
2009-06-13,34.78333333333333,41.4,26.8,24,0.0,27.791666666666668,6,2009,Monsoon
2009-06-14,34.90833333333333,40.7,28.4,24,0.0,30.833333333333332,6,2009,Monsoon
2009-06-15,32.09166666666667,39.0,27.0,24,0.5,41.083333333333336,6,2009,Monsoon
2009-06-16,31.666666666666668,36.3,26.6,24,0.0,40.916666666666664,6,2009,Monsoon
2009-06-17,32.166666666666664,37.9,25.4,24,0.0,36.25,6,2009,Monsoon
2009-06-18,33.020833333333336,39.0,26.0,24,0.0,32.125,6,2009,Monsoon
2009-06-19,34.19166666666667,40.5,27.2,24,0.0,28.333333333333332,6,2009,Monsoon
2009-06-20,34.93333333333333,41.6,27.7,24,0.0,27.0,6,2009,Monsoon
2009-06-21,35.699999999999996,42.7,28.1,24,0.0,21.041666666666668,6,2009,Monsoon
2009-06-22,36.09166666666667,43.3,28.0,24,0.0,19.75,6,2009,Monsoon
2009-06-23,36.545833333333334,43.5,29.4,24,0.0,20.625,6,2009,Monsoon
2009-06-24,37.270833333333336,43.8,30.9,24,0.0,24.083333333333332,6,2009,Monsoon
2009-06-25,36.762499999999996,42.0,31.5,24,0.0,30.541666666666668,6,2009,Monsoon
2009-06-26,37.2875,43.0,31.0,24,0.0,32.833333333333336,6,2009,Monsoon
2009-06-27,37.895833333333336,43.0,32.3,24,0.0,36.041666666666664,6,2009,Monsoon
2009-06-28,36.84166666666667,42.7,31.8,24,2.8,40.666666666666664,6,2009,Monsoon
2009-06-29,33.8375,39.9,30.7,24,1.0,56.75,6,2009,Monsoon
2009-06-30,32.395833333333336,38.8,29.2,24,8.299999999999999,65.08333333333333,6,2009,Monsoon
2009-07-01,31.59583333333333,35.1,28.3,24,1.7000000000000002,65.33333333333333,7,2009,Monsoon
2009-07-02,30.766666666666666,35.3,26.5,24,4.7,67.58333333333333,7,2009,Monsoon
2009-07-03,31.537499999999998,35.9,28.1,24,0.0,62.5,7,2009,Monsoon
2009-07-04,32.00416666666667,36.6,28.0,24,0.8,62.666666666666664,7,2009,Monsoon
2009-07-05,33.53333333333333,39.2,28.3,24,0.0,51.583333333333336,7,2009,Monsoon
2009-07-06,33.925000000000004,40.4,27.0,24,0.0,43.791666666666664,7,2009,Monsoon
2009-07-07,34.80416666666667,40.8,28.4,24,0.0,46.75,7,2009,Monsoon
2009-07-08,34.145833333333336,38.8,30.3,24,0.3,54.958333333333336,7,2009,Monsoon
2009-07-09,32.108333333333334,35.4,29.7,24,0.7,61.583333333333336,7,2009,Monsoon
2009-07-10,30.808333333333334,34.5,27.1,24,2.5,69.25,7,2009,Monsoon
2009-07-11,30.625,34.5,27.1,24,8.8,72.5,7,2009,Monsoon
2009-07-12,29.458333333333332,34.0,26.6,24,7.3,80.58333333333333,7,2009,Monsoon
2009-07-13,28.625,32.3,25.6,24,18.5,84.66666666666667,7,2009,Monsoon
2009-07-14,30.025000000000002,33.8,26.8,24,2.7,78.20833333333333,7,2009,Monsoon
2009-07-15,30.59166666666667,33.5,28.0,24,6.4,75.95833333333333,7,2009,Monsoon
2009-07-16,31.75,36.1,28.4,24,0.6000000000000001,67.79166666666667,7,2009,Monsoon
2009-07-17,31.545833333333334,35.2,28.7,24,0.4,66.29166666666667,7,2009,Monsoon
2009-07-18,30.291666666666668,34.4,27.9,24,3.6,74.75,7,2009,Monsoon
2009-07-19,31.34166666666667,35.3,27.1,24,0.2,69.0,7,2009,Monsoon
2009-07-20,30.575,35.1,28.1,24,3.5,72.95833333333333,7,2009,Monsoon
2009-07-21,30.825,35.1,27.0,24,3.1,74.91666666666667,7,2009,Monsoon
2009-07-22,30.691666666666666,34.8,27.0,24,2.1,73.91666666666667,7,2009,Monsoon
2009-07-23,30.270833333333332,33.1,28.2,24,7.7,70.95833333333333,7,2009,Monsoon
2009-07-24,29.34583333333333,32.6,27.1,24,0.7000000000000001,73.58333333333333,7,2009,Monsoon
2009-07-25,30.108333333333334,33.6,26.3,24,0.0,69.54166666666667,7,2009,Monsoon
2009-07-26,32.0875,36.6,28.3,24,0.1,65.45833333333333,7,2009,Monsoon
2009-07-27,30.520833333333332,35.3,27.6,24,5.6000000000000005,73.45833333333333,7,2009,Monsoon
2009-07-28,29.883333333333336,32.5,27.1,24,0.5,66.125,7,2009,Monsoon
2009-07-29,31.166666666666668,35.0,27.9,24,0.0,60.666666666666664,7,2009,Monsoon
2009-07-30,31.304166666666664,35.0,28.7,24,0.4,62.625,7,2009,Monsoon
2009-07-31,31.5625,36.0,28.0,24,0.6,57.708333333333336,7,2009,Monsoon
2009-08-01,32.24583333333333,36.0,28.8,24,0.0,56.708333333333336,8,2009,Monsoon
2009-08-02,32.88333333333333,37.3,29.4,24,0.0,56.583333333333336,8,2009,Monsoon
2009-08-03,33.65833333333333,38.3,29.6,24,0.1,52.708333333333336,8,2009,Monsoon
2009-08-04,33.77916666666667,37.3,30.1,24,0.0,48.333333333333336,8,2009,Monsoon
2009-08-05,33.637499999999996,37.3,29.6,24,0.0,48.5,8,2009,Monsoon
2009-08-06,33.7125,37.2,29.8,24,0.0,48.625,8,2009,Monsoon
2009-08-07,34.0625,37.8,29.9,24,0.0,47.875,8,2009,Monsoon
2009-08-08,34.63333333333333,38.9,30.3,24,0.0,48.333333333333336,8,2009,Monsoon
2009-08-09,35.0375,39.4,31.3,24,0.0,44.416666666666664,8,2009,Monsoon
2009-08-10,34.6,39.2,30.7,24,0.0,48.625,8,2009,Monsoon
2009-08-11,33.199999999999996,37.0,30.2,24,2.9,58.291666666666664,8,2009,Monsoon
2009-08-12,33.27916666666667,37.1,29.3,24,0.2,60.041666666666664,8,2009,Monsoon
2009-08-13,32.25833333333333,36.3,29.5,24,3.0999999999999996,64.83333333333333,8,2009,Monsoon
2009-08-14,31.829166666666666,34.8,28.8,24,0.7000000000000001,61.333333333333336,8,2009,Monsoon
2009-08-15,27.804166666666664,29.6,26.0,24,28.0,79.5,8,2009,Monsoon
2009-08-16,26.15833333333333,27.9,25.6,24,59.6,91.625,8,2009,Monsoon
2009-08-17,27.241666666666664,31.3,25.5,24,3.9,84.70833333333333,8,2009,Monsoon
2009-08-18,29.679166666666664,34.3,25.9,24,1.0,75.20833333333333,8,2009,Monsoon
2009-08-19,29.570833333333336,32.8,26.7,24,0.30000000000000004,75.95833333333333,8,2009,Monsoon
2009-08-20,29.804166666666664,34.0,26.5,24,0.6,74.04166666666667,8,2009,Monsoon
2009-08-21,30.041666666666668,33.9,26.3,24,0.1,73.125,8,2009,Monsoon
2009-08-22,30.304166666666664,34.6,26.6,24,0.1,69.125,8,2009,Monsoon
2009-08-23,30.7375,35.0,26.6,24,0.0,67.25,8,2009,Monsoon
2009-08-24,30.541666666666668,35.5,26.7,24,0.7,71.54166666666667,8,2009,Monsoon
2009-08-25,28.291666666666668,32.2,25.1,24,7.199999999999999,79.33333333333333,8,2009,Monsoon
2009-08-26,28.754166666666666,32.2,25.6,24,2.3,76.79166666666667,8,2009,Monsoon
2009-08-27,28.883333333333336,31.7,26.1,24,0.8,77.875,8,2009,Monsoon
2009-08-28,29.27916666666667,33.0,26.7,24,2.7,76.75,8,2009,Monsoon
2009-08-29,29.179166666666664,33.2,26.4,24,2.9,74.45833333333333,8,2009,Monsoon
2009-08-30,27.795833333333334,30.3,25.3,24,7.3,82.33333333333333,8,2009,Monsoon
2009-08-31,28.258333333333336,32.9,25.2,24,9.9,83.375,8,2009,Monsoon
2009-09-01,29.045833333333334,33.6,25.8,24,0.5,82.75,9,2009,Monsoon
2009-09-02,28.791666666666668,32.6,25.9,24,4.4,81.79166666666667,9,2009,Monsoon
2009-09-03,27.9375,30.9,25.8,24,4.0,82.125,9,2009,Monsoon
2009-09-04,26.47083333333333,31.1,23.8,24,4.4,85.29166666666667,9,2009,Monsoon
2009-09-05,27.337500000000002,31.8,23.8,24,0.1,80.83333333333333,9,2009,Monsoon
2009-09-06,27.504166666666666,32.9,22.7,24,0.0,74.45833333333333,9,2009,Monsoon
2009-09-07,28.087500000000002,33.3,22.0,24,0.0,70.95833333333333,9,2009,Monsoon
2009-09-08,27.3125,30.6,24.8,24,3.9000000000000004,79.25,9,2009,Monsoon
2009-09-09,26.516666666666666,31.0,24.2,24,9.2,84.20833333333333,9,2009,Monsoon
2009-09-10,24.670833333333334,25.7,24.1,24,34.3,93.20833333333333,9,2009,Monsoon
2009-09-11,24.754166666666666,26.6,23.7,24,40.3,92.125,9,2009,Monsoon
2009-09-12,24.683333333333334,27.3,22.1,24,0.3,83.95833333333333,9,2009,Monsoon
2009-09-13,27.208333333333332,32.0,22.1,24,0.2,78.91666666666667,9,2009,Monsoon
2009-09-14,28.016666666666666,33.7,22.6,24,0.0,73.45833333333333,9,2009,Monsoon
2009-09-15,27.454166666666666,33.1,22.1,24,0.0,68.70833333333333,9,2009,Monsoon
2009-09-16,27.84166666666667,33.6,22.2,24,0.0,68.08333333333333,9,2009,Monsoon
2009-09-17,28.425,33.7,23.8,24,0.0,72.125,9,2009,Monsoon
2009-09-18,28.724999999999998,34.0,23.1,24,0.0,70.79166666666667,9,2009,Monsoon
2009-09-19,29.120833333333334,34.5,23.8,24,0.0,70.25,9,2009,Monsoon
2009-09-20,29.6125,34.5,24.7,24,0.0,72.0,9,2009,Monsoon
2009-09-21,30.083333333333332,34.6,26.0,24,0.0,72.45833333333333,9,2009,Monsoon
2009-09-22,30.03333333333333,34.9,25.9,24,0.0,73.79166666666667,9,2009,Monsoon
2009-09-23,30.275000000000002,35.8,25.7,24,0.0,71.75,9,2009,Monsoon
2009-09-24,30.191666666666666,36.1,24.4,24,0.0,63.833333333333336,9,2009,Monsoon
2009-09-25,30.09583333333333,36.3,24.4,24,0.0,60.208333333333336,9,2009,Monsoon
2009-09-26,29.420833333333334,34.9,24.8,24,0.0,70.25,9,2009,Monsoon
2009-09-27,30.070833333333336,35.4,25.0,24,0.0,69.41666666666667,9,2009,Monsoon
2009-09-28,30.09166666666667,36.1,24.3,24,0.0,61.083333333333336,9,2009,Monsoon
2009-09-29,30.120833333333334,35.6,24.1,24,0.0,61.125,9,2009,Monsoon
2009-09-30,30.7,36.2,25.2,24,0.0,63.708333333333336,9,2009,Monsoon
2009-10-01,30.52916666666667,35.3,25.9,24,0.0,67.66666666666667,10,2009,Post-monsoon
2009-10-02,30.941666666666666,36.4,26.3,24,0.4,58.0,10,2009,Post-monsoon
2009-10-03,29.525000000000002,34.8,25.2,24,0.2,61.583333333333336,10,2009,Post-monsoon
2009-10-04,27.554166666666664,31.8,24.6,24,0.39999999999999997,69.75,10,2009,Post-monsoon
2009-10-05,24.545833333333334,29.0,22.1,24,6.1,79.83333333333333,10,2009,Post-monsoon
2009-10-06,24.945833333333336,29.4,22.1,24,1.8,80.41666666666667,10,2009,Post-monsoon
2009-10-07,26.59583333333333,33.6,20.0,24,0.0,64.70833333333333,10,2009,Post-monsoon
2009-10-08,27.620833333333334,35.2,20.8,24,0.0,52.458333333333336,10,2009,Post-monsoon
2009-10-09,27.758333333333336,35.8,20.7,24,0.0,47.666666666666664,10,2009,Post-monsoon
2009-10-10,27.6375,35.0,19.9,24,0.0,44.458333333333336,10,2009,Post-monsoon
2009-10-11,27.445833333333336,34.5,21.2,24,0.0,44.916666666666664,10,2009,Post-monsoon
2009-10-12,27.1375,34.3,21.8,24,0.0,41.958333333333336,10,2009,Post-monsoon
2009-10-13,26.304166666666664,34.1,18.7,24,0.0,42.791666666666664,10,2009,Post-monsoon
2009-10-14,26.8875,34.1,20.0,24,0.0,41.625,10,2009,Post-monsoon
2009-10-15,27.02916666666667,34.5,20.6,24,0.0,42.958333333333336,10,2009,Post-monsoon
2009-10-16,26.708333333333332,33.3,21.4,24,0.0,39.875,10,2009,Post-monsoon
2009-10-17,25.95,33.6,18.7,24,0.0,35.833333333333336,10,2009,Post-monsoon
2009-10-18,25.22083333333333,33.3,17.1,24,0.0,34.75,10,2009,Post-monsoon
2009-10-19,24.9375,32.7,17.1,24,0.0,36.666666666666664,10,2009,Post-monsoon
2009-10-20,24.204166666666666,32.2,16.3,24,0.0,39.25,10,2009,Post-monsoon
2009-10-21,24.566666666666666,33.1,16.1,24,0.0,38.916666666666664,10,2009,Post-monsoon
2009-10-22,24.8,33.0,16.2,24,0.0,37.666666666666664,10,2009,Post-monsoon
2009-10-23,23.854166666666668,31.6,16.7,24,0.0,33.916666666666664,10,2009,Post-monsoon
2009-10-24,23.620833333333334,31.9,16.9,24,0.0,33.041666666666664,10,2009,Post-monsoon
2009-10-25,23.116666666666664,31.8,14.5,24,0.0,39.083333333333336,10,2009,Post-monsoon
2009-10-26,23.025000000000002,31.4,14.6,24,0.0,38.708333333333336,10,2009,Post-monsoon
2009-10-27,22.775000000000002,31.3,14.6,24,0.0,37.666666666666664,10,2009,Post-monsoon
2009-10-28,23.037499999999998,31.7,14.6,24,0.0,39.666666666666664,10,2009,Post-monsoon
2009-10-29,23.758333333333336,32.3,15.7,24,0.0,41.5,10,2009,Post-monsoon
2009-10-30,24.808333333333334,32.7,18.3,24,0.0,37.125,10,2009,Post-monsoon
2009-10-31,24.566666666666666,32.1,17.9,24,0.0,44.25,10,2009,Post-monsoon
2009-11-01,24.395833333333332,32.4,16.8,24,0.0,49.291666666666664,11,2009,Post-monsoon
2009-11-02,24.116666666666664,31.4,17.4,24,0.0,55.416666666666664,11,2009,Post-monsoon
2009-11-03,23.808333333333334,30.6,17.9,24,0.0,59.208333333333336,11,2009,Post-monsoon
2009-11-04,24.0625,30.3,18.5,24,0.0,58.291666666666664,11,2009,Post-monsoon
2009-11-05,23.462500000000002,29.8,17.2,24,0.0,58.791666666666664,11,2009,Post-monsoon
2009-11-06,23.395833333333332,30.0,16.2,24,0.0,55.125,11,2009,Post-monsoon
2009-11-07,23.1375,30.0,16.6,24,0.0,55.041666666666664,11,2009,Post-monsoon
2009-11-08,23.241666666666664,30.2,16.2,24,0.0,55.708333333333336,11,2009,Post-monsoon
2009-11-09,23.3,31.7,17.8,24,0.6,57.291666666666664,11,2009,Post-monsoon
2009-11-10,23.075,29.0,18.9,24,0.0,55.541666666666664,11,2009,Post-monsoon
2009-11-11,20.266666666666666,26.1,14.9,24,0.0,49.041666666666664,11,2009,Post-monsoon
2009-11-12,18.875,23.3,14.8,24,2.8,53.833333333333336,11,2009,Post-monsoon
2009-11-13,19.287499999999998,22.5,15.8,24,4.1,80.25,11,2009,Post-monsoon
2009-11-14,22.016666666666666,25.7,19.1,24,0.0,75.125,11,2009,Post-monsoon
2009-11-15,21.837500000000002,26.3,18.6,24,0.0,75.20833333333333,11,2009,Post-monsoon
2009-11-16,21.099999999999998,26.8,15.9,24,0.0,68.58333333333333,11,2009,Post-monsoon
2009-11-17,20.470833333333335,26.3,16.4,24,2.8,59.041666666666664,11,2009,Post-monsoon
2009-11-18,19.004166666666666,25.7,13.6,24,0.0,48.375,11,2009,Post-monsoon
2009-11-19,17.724999999999998,24.8,12.3,24,0.0,42.5,11,2009,Post-monsoon
2009-11-20,16.849999999999998,24.4,10.8,24,0.0,40.458333333333336,11,2009,Post-monsoon
2009-11-21,16.508333333333333,24.3,8.9,24,0.0,51.166666666666664,11,2009,Post-monsoon
2009-11-22,17.304166666666667,24.8,10.3,24,0.0,57.958333333333336,11,2009,Post-monsoon
2009-11-23,17.908333333333335,25.8,11.3,24,0.0,57.583333333333336,11,2009,Post-monsoon
2009-11-24,18.1875,26.3,11.7,24,0.0,51.416666666666664,11,2009,Post-monsoon
2009-11-25,18.45,27.1,11.0,24,0.0,53.458333333333336,11,2009,Post-monsoon
2009-11-26,18.9875,27.6,11.8,24,0.0,51.958333333333336,11,2009,Post-monsoon
2009-11-27,18.241666666666667,25.5,12.0,24,0.0,52.208333333333336,11,2009,Post-monsoon
2009-11-28,17.041666666666668,24.5,10.4,24,0.0,50.5,11,2009,Post-monsoon
2009-11-29,16.8125,23.7,10.1,24,0.0,51.125,11,2009,Post-monsoon
2009-11-30,17.829166666666666,25.2,11.2,24,0.0,54.0,11,2009,Post-monsoon
2009-12-01,17.8125,25.1,10.9,24,0.0,58.083333333333336,12,2009,Winter
2009-12-02,18.716666666666665,26.0,13.3,24,0.0,55.791666666666664,12,2009,Winter
2009-12-03,18.4375,25.8,11.2,24,0.0,60.125,12,2009,Winter
2009-12-04,19.020833333333332,26.4,13.1,24,0.0,55.833333333333336,12,2009,Winter
2009-12-05,19.058333333333334,26.6,12.6,24,0.0,60.208333333333336,12,2009,Winter
2009-12-06,19.337500000000002,25.9,13.4,24,0.0,61.708333333333336,12,2009,Winter
2009-12-07,18.604166666666668,25.7,12.7,24,0.0,55.666666666666664,12,2009,Winter
2009-12-08,16.645833333333332,23.6,10.5,24,0.0,49.291666666666664,12,2009,Winter
2009-12-09,16.929166666666667,24.3,9.8,24,0.0,54.708333333333336,12,2009,Winter
2009-12-10,18.491666666666667,25.1,12.6,24,0.0,59.875,12,2009,Winter
2009-12-11,18.829166666666666,25.2,13.5,24,0.0,50.916666666666664,12,2009,Winter
2009-12-12,18.1875,24.7,13.4,24,0.0,55.5,12,2009,Winter
2009-12-13,17.7,23.9,11.7,24,0.0,51.875,12,2009,Winter
2009-12-14,16.941666666666666,24.1,9.9,24,0.0,55.208333333333336,12,2009,Winter
2009-12-15,17.3125,22.8,13.5,24,0.8999999999999999,64.45833333333333,12,2009,Winter
2009-12-16,17.158333333333335,24.2,10.6,24,0.0,64.875,12,2009,Winter
2009-12-17,16.875,23.7,10.9,24,0.0,58.958333333333336,12,2009,Winter
2009-12-18,16.1375,23.3,10.1,24,0.0,57.708333333333336,12,2009,Winter
2009-12-19,15.299999999999999,22.7,8.6,24,0.0,53.5,12,2009,Winter
2009-12-20,14.804166666666667,22.4,7.7,24,0.0,57.625,12,2009,Winter
2009-12-21,14.341666666666667,22.1,7.4,24,0.0,58.166666666666664,12,2009,Winter
2009-12-22,14.558333333333332,22.2,8.6,24,0.0,52.083333333333336,12,2009,Winter
2009-12-23,14.858333333333334,22.6,8.1,24,0.0,51.458333333333336,12,2009,Winter
2009-12-24,14.9125,22.7,7.9,24,0.0,58.166666666666664,12,2009,Winter
2009-12-25,14.549999999999999,22.2,8.4,24,0.0,59.083333333333336,12,2009,Winter
2009-12-26,14.045833333333334,21.7,7.1,24,0.0,61.541666666666664,12,2009,Winter
2009-12-27,14.612499999999999,21.3,8.5,24,0.0,57.708333333333336,12,2009,Winter
2009-12-28,14.741666666666667,21.8,8.5,24,0.0,60.958333333333336,12,2009,Winter
2009-12-29,14.295833333333334,21.2,7.8,24,0.0,64.20833333333333,12,2009,Winter
2009-12-30,13.654166666666667,20.8,7.1,24,0.0,65.95833333333333,12,2009,Winter
2009-12-31,13.870833333333332,21.5,7.2,24,0.0,62.916666666666664,12,2009,Winter
2010-01-01,14.799999999999999,22.3,8.7,24,0.0,66.875,1,2010,Winter
2010-01-02,14.583333333333334,20.9,9.4,24,0.0,71.25,1,2010,Winter
2010-01-03,13.858333333333334,17.3,11.8,24,2.9,80.91666666666667,1,2010,Winter
2010-01-04,12.5875,17.4,9.3,24,0.0,85.16666666666667,1,2010,Winter
2010-01-05,13.712499999999999,20.0,9.5,24,0.0,76.75,1,2010,Winter
2010-01-06,13.6875,20.0,8.0,24,0.0,82.45833333333333,1,2010,Winter
2010-01-07,13.375,19.8,7.0,24,0.0,80.08333333333333,1,2010,Winter
2010-01-08,13.229166666666666,19.9,7.0,24,0.0,82.41666666666667,1,2010,Winter
2010-01-09,12.845833333333333,18.6,8.2,24,0.0,82.95833333333333,1,2010,Winter
2010-01-10,12.841666666666667,19.3,7.6,24,0.0,82.08333333333333,1,2010,Winter
2010-01-11,12.862499999999999,19.5,7.4,24,0.0,77.54166666666667,1,2010,Winter
2010-01-12,12.816666666666668,19.7,5.6,24,0.8999999999999999,74.25,1,2010,Winter
2010-01-13,13.799999999999999,19.1,10.4,24,6.5,77.04166666666667,1,2010,Winter
2010-01-14,13.320833333333333,19.9,7.6,24,0.0,78.54166666666667,1,2010,Winter
2010-01-15,14.0875,20.9,9.1,24,0.0,73.95833333333333,1,2010,Winter
2010-01-16,13.945833333333333,21.3,7.9,24,0.0,74.66666666666667,1,2010,Winter
2010-01-17,13.3125,20.4,7.1,24,0.0,80.75,1,2010,Winter
2010-01-18,12.616666666666667,20.0,7.0,24,0.0,83.875,1,2010,Winter
2010-01-19,12.525,19.9,7.7,24,0.0,85.5,1,2010,Winter
2010-01-20,12.366666666666667,18.9,8.2,24,0.0,90.20833333333333,1,2010,Winter
2010-01-21,12.825000000000001,19.5,8.5,24,0.0,89.625,1,2010,Winter
2010-01-22,13.775,20.8,8.7,24,0.0,86.58333333333333,1,2010,Winter
2010-01-23,14.329166666666666,22.2,9.0,24,0.0,86.375,1,2010,Winter
2010-01-24,15.725,23.8,9.3,24,0.0,82.79166666666667,1,2010,Winter
2010-01-25,17.054166666666667,23.8,10.9,24,0.0,80.75,1,2010,Winter
2010-01-26,16.745833333333334,24.0,10.9,24,0.0,81.0,1,2010,Winter
2010-01-27,17.0,25.3,9.7,24,0.0,74.83333333333333,1,2010,Winter
2010-01-28,17.9875,25.5,11.4,24,0.0,68.95833333333333,1,2010,Winter
2010-01-29,18.470833333333335,26.4,12.4,24,0.1,64.95833333333333,1,2010,Winter
2010-01-30,17.016666666666666,23.9,11.2,24,0.0,63.958333333333336,1,2010,Winter
2010-01-31,15.549999999999999,22.6,9.1,24,0.0,62.541666666666664,1,2010,Winter
2010-02-01,15.695833333333333,22.8,9.5,24,0.0,63.416666666666664,2,2010,Winter
2010-02-02,15.816666666666668,24.0,8.0,24,0.0,63.958333333333336,2,2010,Winter
2010-02-03,15.779166666666667,23.3,8.8,24,0.0,59.583333333333336,2,2010,Winter
2010-02-04,16.6125,24.6,9.3,24,0.0,52.166666666666664,2,2010,Winter
2010-02-05,17.879166666666666,25.7,11.0,24,0.0,52.583333333333336,2,2010,Winter
2010-02-06,19.325,28.3,11.2,24,0.0,55.458333333333336,2,2010,Winter
2010-02-07,20.479166666666668,28.2,12.5,24,0.0,54.833333333333336,2,2010,Winter
2010-02-08,19.900000000000002,25.2,16.7,24,5.6000000000000005,62.0,2,2010,Winter
2010-02-09,17.770833333333332,23.5,11.4,24,7.6,68.66666666666667,2,2010,Winter
2010-02-10,16.945833333333333,21.8,12.0,24,0.30000000000000004,79.95833333333333,2,2010,Winter
2010-02-11,16.224999999999998,22.1,10.8,24,0.0,72.16666666666667,2,2010,Winter
2010-02-12,16.675,22.8,11.2,24,0.0,68.83333333333333,2,2010,Winter
2010-02-13,17.091666666666665,23.3,11.0,24,0.0,72.41666666666667,2,2010,Winter
2010-02-14,16.370833333333334,23.3,9.9,24,0.0,64.04166666666667,2,2010,Winter
2010-02-15,16.341666666666665,23.6,9.0,24,0.2,67.66666666666667,2,2010,Winter
2010-02-16,17.979166666666668,25.6,11.0,24,0.0,58.041666666666664,2,2010,Winter
2010-02-17,16.520833333333332,23.6,10.2,24,0.0,56.416666666666664,2,2010,Winter
2010-02-18,16.341666666666665,23.9,9.7,24,0.0,49.125,2,2010,Winter
2010-02-19,16.933333333333334,25.0,9.0,24,0.0,51.875,2,2010,Winter
2010-02-20,18.191666666666666,26.7,10.6,24,0.0,48.25,2,2010,Winter
2010-02-21,19.60833333333333,28.4,11.7,24,0.0,47.583333333333336,2,2010,Winter
2010-02-22,20.491666666666667,28.6,11.2,24,0.2,56.75,2,2010,Winter
2010-02-23,20.07916666666667,25.8,15.2,24,0.7000000000000001,68.70833333333333,2,2010,Winter
2010-02-24,19.816666666666666,26.3,13.1,24,0.0,72.20833333333333,2,2010,Winter
2010-02-25,20.9875,27.9,14.4,24,0.0,60.75,2,2010,Winter
2010-02-26,21.925,30.2,14.5,24,0.0,55.625,2,2010,Winter
2010-02-27,22.866666666666664,31.4,14.9,24,0.0,52.541666666666664,2,2010,Winter
2010-02-28,23.47083333333333,31.2,16.4,24,0.0,51.041666666666664,2,2010,Winter
2010-03-01,24.504166666666666,32.7,18.5,24,0.3,50.583333333333336,3,2010,Summer
2010-03-02,24.4375,32.6,16.5,24,0.0,50.25,3,2010,Summer
2010-03-03,23.7375,31.6,17.6,24,0.0,44.25,3,2010,Summer
2010-03-04,23.4375,30.7,16.3,24,1.2000000000000002,53.541666666666664,3,2010,Summer
2010-03-05,22.912499999999998,30.3,16.6,24,0.0,48.5,3,2010,Summer
2010-03-06,22.704166666666666,30.2,15.8,24,0.0,49.583333333333336,3,2010,Summer
2010-03-07,22.479166666666668,29.2,16.9,24,0.1,48.166666666666664,3,2010,Summer
2010-03-08,21.191666666666666,27.9,14.8,24,0.0,54.583333333333336,3,2010,Summer
2010-03-09,21.891666666666666,28.9,14.7,24,0.0,52.666666666666664,3,2010,Summer
2010-03-10,22.708333333333332,29.8,15.5,24,0.0,48.458333333333336,3,2010,Summer
2010-03-11,22.712500000000002,30.6,14.7,24,0.0,46.958333333333336,3,2010,Summer
2010-03-12,23.379166666666666,31.9,14.6,24,0.0,47.916666666666664,3,2010,Summer
2010-03-13,24.304166666666664,32.6,16.4,24,0.0,48.5,3,2010,Summer
2010-03-14,25.133333333333336,32.7,17.7,24,0.0,47.333333333333336,3,2010,Summer
2010-03-15,25.25,32.9,16.8,24,0.0,48.833333333333336,3,2010,Summer
2010-03-16,25.84166666666667,32.8,18.8,24,0.0,45.166666666666664,3,2010,Summer
2010-03-17,25.741666666666664,33.0,17.8,24,0.0,48.958333333333336,3,2010,Summer
2010-03-18,26.02916666666667,33.4,17.9,24,0.0,52.5,3,2010,Summer
2010-03-19,26.900000000000002,34.2,19.2,24,0.0,51.75,3,2010,Summer
2010-03-20,28.34166666666667,36.1,20.7,24,0.0,51.458333333333336,3,2010,Summer
2010-03-21,29.175,38.3,19.7,24,0.0,49.541666666666664,3,2010,Summer
2010-03-22,29.258333333333336,38.5,20.2,24,0.0,42.666666666666664,3,2010,Summer
2010-03-23,28.71666666666667,37.9,19.6,24,0.0,32.166666666666664,3,2010,Summer
2010-03-24,29.28333333333333,38.0,20.5,24,0.0,33.125,3,2010,Summer
2010-03-25,28.462500000000002,36.9,21.0,24,0.0,43.625,3,2010,Summer
2010-03-26,28.791666666666668,37.0,20.7,24,0.0,40.625,3,2010,Summer
2010-03-27,29.53333333333333,37.5,22.8,24,0.0,32.166666666666664,3,2010,Summer
2010-03-28,28.7625,37.0,20.5,24,0.0,27.375,3,2010,Summer
2010-03-29,28.745833333333334,37.0,20.2,24,0.0,38.75,3,2010,Summer
2010-03-30,29.166666666666668,37.5,21.6,24,0.0,30.083333333333332,3,2010,Summer
2010-03-31,28.008333333333336,36.2,19.0,24,0.0,34.458333333333336,3,2010,Summer
2010-04-01,28.145833333333332,36.0,19.4,24,0.0,29.833333333333332,4,2010,Summer
2010-04-02,28.433333333333334,36.1,20.0,24,0.0,27.041666666666668,4,2010,Summer
2010-04-03,29.254166666666666,36.4,22.1,24,0.0,24.958333333333332,4,2010,Summer
2010-04-04,29.52916666666667,37.7,21.3,24,0.0,24.541666666666668,4,2010,Summer
2010-04-05,29.72083333333333,38.2,20.8,24,0.0,22.083333333333332,4,2010,Summer
2010-04-06,29.075,36.7,21.0,24,0.0,19.291666666666668,4,2010,Summer
2010-04-07,29.429166666666664,38.0,20.6,24,0.0,19.791666666666668,4,2010,Summer
2010-04-08,30.4375,39.2,20.3,24,0.0,22.583333333333332,4,2010,Summer
2010-04-09,32.5375,40.4,24.7,24,0.0,19.333333333333332,4,2010,Summer
2010-04-10,32.2875,40.6,22.8,24,0.0,17.791666666666668,4,2010,Summer
2010-04-11,32.583333333333336,41.3,23.3,24,0.0,19.791666666666668,4,2010,Summer
2010-04-12,33.083333333333336,41.5,25.1,24,0.2,22.5,4,2010,Summer
2010-04-13,31.808333333333334,39.9,23.3,24,0.0,24.375,4,2010,Summer
2010-04-14,32.94583333333333,41.2,24.2,24,0.0,19.416666666666668,4,2010,Summer
2010-04-15,33.4,42.3,22.6,24,0.0,18.583333333333332,4,2010,Summer
2010-04-16,34.475,43.7,24.2,24,0.0,18.916666666666668,4,2010,Summer
2010-04-17,35.35,44.4,25.3,24,0.0,17.541666666666668,4,2010,Summer
2010-04-18,35.829166666666666,44.0,29.1,24,0.0,19.625,4,2010,Summer
2010-04-19,34.65833333333333,42.5,28.4,24,0.30000000000000004,26.583333333333332,4,2010,Summer
2010-04-20,34.362500000000004,42.0,25.4,24,0.0,28.25,4,2010,Summer
2010-04-21,33.579166666666666,40.9,25.3,24,0.0,19.833333333333332,4,2010,Summer
2010-04-22,32.5625,39.7,24.1,24,0.0,22.708333333333332,4,2010,Summer
2010-04-23,31.8625,39.3,23.3,24,0.0,21.208333333333332,4,2010,Summer
2010-04-24,32.37916666666667,39.8,23.3,24,0.0,18.791666666666668,4,2010,Summer
2010-04-25,32.104166666666664,39.8,22.4,24,0.0,20.625,4,2010,Summer
2010-04-26,33.208333333333336,41.7,23.2,24,0.0,20.458333333333332,4,2010,Summer
2010-04-27,34.75,42.2,26.1,24,0.0,19.75,4,2010,Summer
2010-04-28,32.125,38.6,25.4,24,2.0,30.291666666666668,4,2010,Summer
2010-04-29,32.61666666666667,39.6,24.3,24,0.0,34.0,4,2010,Summer
2010-04-30,32.9375,40.2,25.8,24,0.1,32.791666666666664,4,2010,Summer
2010-05-01,31.570833333333336,40.0,24.0,24,1.2,37.833333333333336,5,2010,Summer
2010-05-02,30.50833333333333,37.3,23.8,24,0.4,42.541666666666664,5,2010,Summer
2010-05-03,31.420833333333334,38.4,23.6,24,0.0,39.791666666666664,5,2010,Summer
2010-05-04,33.0625,40.4,25.6,24,0.0,36.708333333333336,5,2010,Summer
2010-05-05,33.46666666666667,40.6,27.7,24,1.8,36.125,5,2010,Summer
2010-05-06,31.391666666666666,38.2,26.7,24,2.4,49.541666666666664,5,2010,Summer
2010-05-07,29.120833333333334,36.2,26.0,24,10.4,64.08333333333333,5,2010,Summer
2010-05-08,29.4375,36.1,22.8,24,0.0,58.041666666666664,5,2010,Summer
2010-05-09,31.4875,38.0,24.4,24,0.0,36.666666666666664,5,2010,Summer
2010-05-10,32.77916666666667,40.2,24.8,24,0.0,30.0,5,2010,Summer
2010-05-11,33.40833333333333,41.1,24.1,24,0.0,23.166666666666668,5,2010,Summer
2010-05-12,33.583333333333336,41.7,24.5,24,0.0,19.666666666666668,5,2010,Summer
2010-05-13,34.59583333333333,44.3,24.4,24,0.0,17.791666666666668,5,2010,Summer
2010-05-14,35.00833333333333,42.7,25.8,24,0.0,13.916666666666666,5,2010,Summer
2010-05-15,35.275,43.3,25.9,24,0.0,17.833333333333332,5,2010,Summer
2010-05-16,35.7875,43.7,26.7,24,0.0,20.083333333333332,5,2010,Summer
2010-05-17,36.895833333333336,44.6,26.9,24,0.4,18.0,5,2010,Summer
2010-05-18,37.108333333333334,44.8,27.6,24,0.0,23.666666666666668,5,2010,Summer
2010-05-19,35.75,42.4,29.1,24,0.0,25.541666666666668,5,2010,Summer
2010-05-20,35.56666666666667,42.6,27.5,24,0.0,17.166666666666668,5,2010,Summer
2010-05-21,35.354166666666664,43.0,25.6,24,0.0,15.333333333333334,5,2010,Summer
2010-05-22,35.86666666666667,43.3,26.3,24,0.0,20.041666666666668,5,2010,Summer
2010-05-23,36.21666666666667,43.2,29.3,24,0.0,29.333333333333332,5,2010,Summer
2010-05-24,36.170833333333334,43.9,27.6,24,0.6,31.666666666666668,5,2010,Summer
2010-05-25,36.387499999999996,45.2,26.7,24,0.0,21.208333333333332,5,2010,Summer
2010-05-26,36.949999999999996,45.6,28.2,24,0.0,19.708333333333332,5,2010,Summer
2010-05-27,35.49583333333333,43.6,27.0,24,0.9,31.041666666666668,5,2010,Summer
2010-05-28,34.675000000000004,40.9,30.0,24,0.3,46.916666666666664,5,2010,Summer
2010-05-29,33.78333333333333,40.3,30.2,24,1.2,47.291666666666664,5,2010,Summer
2010-05-30,33.53333333333333,39.2,28.1,24,0.0,45.041666666666664,5,2010,Summer
2010-05-31,34.604166666666664,42.4,24.7,24,0.0,24.416666666666668,5,2010,Summer
2010-06-01,36.55416666666667,44.0,27.2,24,0.0,19.333333333333332,6,2010,Monsoon
2010-06-02,37.333333333333336,43.3,31.6,24,0.0,20.458333333333332,6,2010,Monsoon
2010-06-03,36.545833333333334,42.9,31.7,24,0.3,28.75,6,2010,Monsoon
2010-06-04,35.0625,39.8,29.7,24,0.0,37.416666666666664,6,2010,Monsoon
2010-06-05,33.5875,38.7,29.0,24,3.4,42.625,6,2010,Monsoon
2010-06-06,31.575,39.6,26.2,24,0.5,48.041666666666664,6,2010,Monsoon
2010-06-07,28.954166666666666,33.1,25.8,24,1.1,46.291666666666664,6,2010,Monsoon
2010-06-08,25.8875,28.9,21.9,24,2.3,66.66666666666667,6,2010,Monsoon
2010-06-09,29.754166666666666,36.4,22.6,24,0.0,53.291666666666664,6,2010,Monsoon
2010-06-10,32.24166666666667,38.8,25.2,24,0.0,41.875,6,2010,Monsoon
2010-06-11,33.30833333333333,40.2,25.8,24,0.0,37.708333333333336,6,2010,Monsoon
2010-06-12,34.82083333333333,42.1,26.4,24,0.0,30.208333333333332,6,2010,Monsoon
2010-06-13,35.358333333333334,42.3,27.0,24,0.0,27.375,6,2010,Monsoon
2010-06-14,32.97083333333334,38.7,27.4,24,1.3,48.208333333333336,6,2010,Monsoon
2010-06-15,33.275,40.3,27.4,24,0.0,44.708333333333336,6,2010,Monsoon
2010-06-16,33.045833333333334,37.3,28.5,24,0.4,39.75,6,2010,Monsoon
2010-06-17,34.03333333333333,40.5,26.8,24,0.0,36.25,6,2010,Monsoon
2010-06-18,35.38333333333333,42.0,26.8,24,0.0,30.333333333333332,6,2010,Monsoon
2010-06-19,35.979166666666664,43.3,27.9,24,0.0,28.583333333333332,6,2010,Monsoon
2010-06-20,37.09166666666667,44.4,28.9,24,0.0,28.375,6,2010,Monsoon
2010-06-21,37.46666666666667,44.5,30.5,24,0.0,32.5,6,2010,Monsoon
2010-06-22,37.42916666666667,44.4,30.6,24,0.0,34.166666666666664,6,2010,Monsoon
2010-06-23,37.18333333333333,42.8,31.1,24,0.0,33.25,6,2010,Monsoon
2010-06-24,36.104166666666664,42.4,31.1,24,0.6000000000000001,43.166666666666664,6,2010,Monsoon
2010-06-25,32.458333333333336,37.4,27.0,24,3.7,60.791666666666664,6,2010,Monsoon
2010-06-26,35.045833333333334,40.4,29.5,24,0.0,47.666666666666664,6,2010,Monsoon
2010-06-27,35.65416666666667,41.1,30.0,24,0.0,42.791666666666664,6,2010,Monsoon
2010-06-28,35.391666666666666,40.5,30.2,24,0.6,47.333333333333336,6,2010,Monsoon
2010-06-29,36.125,41.9,29.7,24,0.0,44.583333333333336,6,2010,Monsoon
2010-06-30,36.262499999999996,41.7,31.1,24,0.0,43.625,6,2010,Monsoon
2010-07-01,34.354166666666664,38.4,30.5,24,0.7,52.833333333333336,7,2010,Monsoon
2010-07-02,32.86666666666667,37.3,28.9,24,0.4,59.833333333333336,7,2010,Monsoon
2010-07-03,33.458333333333336,37.2,29.9,24,0.2,57.291666666666664,7,2010,Monsoon
2010-07-04,30.974999999999998,33.4,27.0,24,10.6,71.25,7,2010,Monsoon
2010-07-05,27.400000000000002,30.0,25.9,24,38.5,87.25,7,2010,Monsoon
2010-07-06,27.429166666666664,31.9,25.4,24,43.7,87.91666666666667,7,2010,Monsoon
2010-07-07,29.266666666666666,34.5,25.7,24,12.1,80.54166666666667,7,2010,Monsoon
2010-07-08,30.754166666666666,34.5,27.5,24,0.2,76.33333333333333,7,2010,Monsoon
2010-07-09,31.52916666666667,35.8,27.0,24,8.7,74.5,7,2010,Monsoon
2010-07-10,32.28333333333333,36.2,29.2,24,0.5,67.91666666666667,7,2010,Monsoon
2010-07-11,31.616666666666664,35.0,28.9,24,0.8,67.25,7,2010,Monsoon
2010-07-12,29.875,33.0,27.3,24,3.1,71.41666666666667,7,2010,Monsoon
2010-07-13,29.5,33.7,25.4,24,2.0,74.79166666666667,7,2010,Monsoon
2010-07-14,31.079166666666666,34.5,27.7,24,0.5,71.45833333333333,7,2010,Monsoon
2010-07-15,30.991666666666664,33.5,28.2,24,0.4,73.95833333333333,7,2010,Monsoon
2010-07-16,31.070833333333336,34.2,28.0,24,0.4,73.875,7,2010,Monsoon
2010-07-17,29.829166666666666,32.7,27.4,24,1.8,80.58333333333333,7,2010,Monsoon
2010-07-18,30.866666666666664,35.4,27.2,24,1.9,77.83333333333333,7,2010,Monsoon
2010-07-19,29.491666666666664,32.7,26.9,24,22.0,84.125,7,2010,Monsoon
2010-07-20,26.84583333333333,28.7,25.7,24,26.5,92.83333333333333,7,2010,Monsoon
2010-07-21,27.78333333333333,31.4,25.6,24,18.5,88.58333333333333,7,2010,Monsoon
2010-07-22,27.962500000000002,30.9,25.8,24,5.800000000000001,85.33333333333333,7,2010,Monsoon
2010-07-23,29.3,33.0,25.7,24,0.5,81.20833333333333,7,2010,Monsoon
2010-07-24,29.920833333333334,33.4,26.9,24,8.5,82.45833333333333,7,2010,Monsoon
2010-07-25,28.391666666666666,31.5,26.5,24,10.5,87.0,7,2010,Monsoon
2010-07-26,29.900000000000002,33.2,27.7,24,1.9000000000000001,77.75,7,2010,Monsoon
2010-07-27,26.97083333333333,28.4,25.5,24,8.7,86.54166666666667,7,2010,Monsoon
2010-07-28,27.545833333333334,30.9,25.2,24,14.7,85.625,7,2010,Monsoon
2010-07-29,28.995833333333334,33.1,26.0,24,5.7,84.08333333333333,7,2010,Monsoon
2010-07-30,28.1375,30.9,26.2,24,3.8000000000000003,88.0,7,2010,Monsoon
2010-07-31,27.183333333333334,29.0,25.3,24,4.3,88.91666666666667,7,2010,Monsoon
2010-08-01,26.916666666666668,29.6,25.6,24,5.5,89.75,8,2010,Monsoon
2010-08-02,27.583333333333332,30.6,24.9,24,4.1000000000000005,84.875,8,2010,Monsoon
2010-08-03,27.733333333333334,31.6,25.5,24,3.0,82.33333333333333,8,2010,Monsoon
2010-08-04,28.375,31.5,25.9,24,6.1000000000000005,81.70833333333333,8,2010,Monsoon
2010-08-05,27.65833333333333,30.4,25.9,24,7.7,88.125,8,2010,Monsoon
2010-08-06,29.683333333333334,33.6,26.1,24,0.7,80.45833333333333,8,2010,Monsoon
2010-08-07,29.575,32.7,27.0,24,2.4000000000000004,79.91666666666667,8,2010,Monsoon
2010-08-08,29.825,33.3,27.1,24,0.30000000000000004,77.70833333333333,8,2010,Monsoon
2010-08-09,30.479166666666668,34.0,27.2,24,0.6,79.04166666666667,8,2010,Monsoon
2010-08-10,30.266666666666666,33.9,27.3,24,3.4000000000000004,79.20833333333333,8,2010,Monsoon
2010-08-11,29.162499999999998,32.8,27.0,24,3.1,84.16666666666667,8,2010,Monsoon
2010-08-12,28.366666666666664,31.5,25.9,24,6.2,86.625,8,2010,Monsoon
2010-08-13,28.483333333333334,32.7,26.2,24,7.2,86.91666666666667,8,2010,Monsoon
2010-08-14,27.4875,29.7,25.5,24,4.2,89.58333333333333,8,2010,Monsoon
2010-08-15,28.358333333333334,32.3,25.8,24,6.0,85.45833333333333,8,2010,Monsoon
2010-08-16,28.183333333333334,32.1,25.7,24,7.0,87.375,8,2010,Monsoon
2010-08-17,28.875,32.2,26.5,24,7.4,85.875,8,2010,Monsoon
2010-08-18,28.2375,32.2,25.5,24,23.2,88.04166666666667,8,2010,Monsoon
2010-08-19,27.045833333333334,29.1,25.9,24,17.7,91.54166666666667,8,2010,Monsoon
2010-08-20,26.6125,29.9,25.7,24,14.4,92.58333333333333,8,2010,Monsoon
2010-08-21,26.84583333333333,29.5,25.6,24,20.5,91.375,8,2010,Monsoon
2010-08-22,27.133333333333336,30.5,25.5,24,6.0,89.08333333333333,8,2010,Monsoon
2010-08-23,27.858333333333334,32.1,25.7,24,11.2,86.75,8,2010,Monsoon
2010-08-24,27.983333333333334,31.1,25.8,24,5.1,85.45833333333333,8,2010,Monsoon
2010-08-25,26.8125,29.7,24.4,24,6.4,86.95833333333333,8,2010,Monsoon
2010-08-26,27.075,30.7,24.6,24,12.5,88.83333333333333,8,2010,Monsoon
2010-08-27,28.445833333333336,32.5,24.9,24,0.9,85.58333333333333,8,2010,Monsoon
2010-08-28,28.78333333333333,32.5,26.1,24,3.0,85.29166666666667,8,2010,Monsoon
2010-08-29,28.191666666666666,31.3,25.6,24,1.6,86.125,8,2010,Monsoon
2010-08-30,28.495833333333334,32.0,25.5,24,1.2000000000000002,83.79166666666667,8,2010,Monsoon
2010-08-31,28.258333333333336,31.7,25.9,24,5.7,85.0,8,2010,Monsoon
2010-09-01,28.179166666666664,31.9,26.1,24,6.300000000000001,86.20833333333333,9,2010,Monsoon
2010-09-02,27.349999999999998,30.8,25.6,24,10.4,89.79166666666667,9,2010,Monsoon
2010-09-03,27.2,31.1,25.7,24,11.9,90.66666666666667,9,2010,Monsoon
2010-09-04,26.670833333333334,30.3,24.8,24,13.1,90.33333333333333,9,2010,Monsoon
2010-09-05,26.45,28.7,24.6,24,5.1,90.58333333333333,9,2010,Monsoon
2010-09-06,27.333333333333332,30.8,24.4,24,3.8,87.375,9,2010,Monsoon
2010-09-07,26.704166666666666,30.4,25.0,24,7.6,90.20833333333333,9,2010,Monsoon
2010-09-08,26.675,30.1,25.0,24,5.3999999999999995,91.20833333333333,9,2010,Monsoon
2010-09-09,27.541666666666668,30.2,25.9,24,7.0,85.0,9,2010,Monsoon
2010-09-10,27.129166666666666,31.3,24.9,24,9.7,86.66666666666667,9,2010,Monsoon
2010-09-11,25.979166666666668,29.7,24.3,24,22.5,91.75,9,2010,Monsoon
2010-09-12,26.241666666666664,30.0,24.7,24,23.8,90.54166666666667,9,2010,Monsoon
2010-09-13,26.025000000000002,28.7,24.2,24,29.0,91.25,9,2010,Monsoon
2010-09-14,26.1875,29.2,24.0,24,17.6,88.625,9,2010,Monsoon
2010-09-15,26.229166666666668,30.6,23.8,24,9.0,87.95833333333333,9,2010,Monsoon
2010-09-16,26.145833333333332,29.3,23.1,24,1.8,86.54166666666667,9,2010,Monsoon
2010-09-17,26.97083333333333,31.0,23.3,24,0.0,80.66666666666667,9,2010,Monsoon
2010-09-18,25.120833333333334,28.5,22.1,24,3.4,84.66666666666667,9,2010,Monsoon
2010-09-19,24.245833333333334,25.8,23.5,24,78.7,95.0,9,2010,Monsoon
2010-09-20,24.145833333333332,26.8,23.0,24,45.3,93.91666666666667,9,2010,Monsoon
2010-09-21,24.741666666666664,26.6,24.1,24,6.9,93.95833333333333,9,2010,Monsoon
2010-09-22,24.679166666666664,26.0,23.8,24,3.4,91.29166666666667,9,2010,Monsoon
2010-09-23,24.84583333333333,27.4,22.2,24,2.9,84.45833333333333,9,2010,Monsoon
2010-09-24,25.27916666666667,30.4,20.9,24,0.1,82.75,9,2010,Monsoon
2010-09-25,26.525000000000002,31.4,22.4,24,0.0,77.41666666666667,9,2010,Monsoon
2010-09-26,26.333333333333332,31.8,20.9,24,0.0,76.04166666666667,9,2010,Monsoon
2010-09-27,26.224999999999998,31.9,20.8,24,0.0,71.0,9,2010,Monsoon
2010-09-28,25.995833333333334,32.0,20.3,24,0.0,67.33333333333333,9,2010,Monsoon
2010-09-29,25.883333333333336,32.4,19.6,24,0.0,68.83333333333333,9,2010,Monsoon
2010-09-30,25.920833333333334,32.1,19.8,24,0.0,72.08333333333333,9,2010,Monsoon
2010-10-01,26.825,31.9,21.3,24,0.0,74.16666666666667,10,2010,Post-monsoon
2010-10-02,27.1125,31.8,21.5,24,0.0,75.375,10,2010,Post-monsoon
2010-10-03,27.120833333333334,32.2,21.9,24,0.0,73.58333333333333,10,2010,Post-monsoon
2010-10-04,27.09583333333333,32.4,21.9,24,0.3,70.41666666666667,10,2010,Post-monsoon
2010-10-05,26.508333333333336,31.7,22.4,24,0.0,72.16666666666667,10,2010,Post-monsoon
2010-10-06,26.416666666666668,31.5,20.6,24,0.0,73.70833333333333,10,2010,Post-monsoon
2010-10-07,26.879166666666666,31.2,21.5,24,0.0,74.125,10,2010,Post-monsoon
2010-10-08,26.608333333333334,31.7,21.6,24,0.0,74.45833333333333,10,2010,Post-monsoon
2010-10-09,26.875,32.1,21.6,24,0.0,73.625,10,2010,Post-monsoon
2010-10-10,26.266666666666666,32.0,21.0,24,0.0,66.79166666666667,10,2010,Post-monsoon
2010-10-11,25.829166666666666,32.2,19.4,24,0.0,65.66666666666667,10,2010,Post-monsoon
2010-10-12,25.758333333333336,32.8,19.2,24,0.0,63.208333333333336,10,2010,Post-monsoon
2010-10-13,25.941666666666666,32.5,20.1,24,0.0,64.5,10,2010,Post-monsoon
2010-10-14,26.25,32.7,20.2,24,0.0,65.125,10,2010,Post-monsoon
2010-10-15,26.358333333333334,32.5,20.0,24,0.0,67.08333333333333,10,2010,Post-monsoon
2010-10-16,26.391666666666666,32.6,20.4,24,0.0,68.25,10,2010,Post-monsoon
2010-10-17,26.78333333333333,31.1,23.0,24,0.0,72.5,10,2010,Post-monsoon
2010-10-18,26.925,31.3,22.9,24,0.0,71.75,10,2010,Post-monsoon
2010-10-19,27.150000000000002,31.7,23.6,24,0.1,73.58333333333333,10,2010,Post-monsoon
2010-10-20,26.804166666666664,31.9,21.9,24,0.0,69.0,10,2010,Post-monsoon
2010-10-21,26.870833333333334,32.4,22.9,24,0.0,63.583333333333336,10,2010,Post-monsoon
2010-10-22,25.058333333333334,32.1,20.6,24,2.3,69.70833333333333,10,2010,Post-monsoon
2010-10-23,24.458333333333332,30.3,20.1,24,0.0,67.79166666666667,10,2010,Post-monsoon
2010-10-24,22.683333333333334,29.6,16.8,24,0.0,59.583333333333336,10,2010,Post-monsoon
2010-10-25,21.741666666666664,29.5,14.1,24,0.0,53.375,10,2010,Post-monsoon
2010-10-26,22.441666666666666,29.8,15.6,24,0.0,54.833333333333336,10,2010,Post-monsoon
2010-10-27,22.395833333333332,29.6,15.7,24,0.0,52.958333333333336,10,2010,Post-monsoon
2010-10-28,21.90833333333333,29.4,15.1,24,0.0,52.791666666666664,10,2010,Post-monsoon
2010-10-29,21.745833333333334,28.7,14.9,24,0.0,56.0,10,2010,Post-monsoon
2010-10-30,22.929166666666664,28.7,16.9,24,0.0,56.416666666666664,10,2010,Post-monsoon
2010-10-31,22.620833333333334,29.1,15.7,24,0.0,60.333333333333336,10,2010,Post-monsoon
2010-11-01,22.212500000000002,28.9,15.6,24,0.0,62.916666666666664,11,2010,Post-monsoon
2010-11-02,22.183333333333334,29.0,15.8,24,0.0,61.958333333333336,11,2010,Post-monsoon
2010-11-03,22.15833333333333,29.3,15.0,24,0.0,60.875,11,2010,Post-monsoon
2010-11-04,22.400000000000002,29.4,15.1,24,0.0,60.375,11,2010,Post-monsoon
2010-11-05,22.962500000000002,29.1,17.8,24,0.0,62.625,11,2010,Post-monsoon
2010-11-06,22.587500000000002,29.0,15.7,24,0.0,66.66666666666667,11,2010,Post-monsoon
2010-11-07,22.575,29.0,16.1,24,0.0,66.04166666666667,11,2010,Post-monsoon
2010-11-08,23.34583333333333,29.1,16.6,24,0.0,64.04166666666667,11,2010,Post-monsoon
2010-11-09,23.495833333333334,29.4,17.2,24,0.0,66.95833333333333,11,2010,Post-monsoon
2010-11-10,22.675,29.3,17.2,24,0.0,60.041666666666664,11,2010,Post-monsoon
2010-11-11,21.945833333333336,28.4,15.8,24,0.0,58.75,11,2010,Post-monsoon
2010-11-12,22.52916666666667,27.8,17.2,24,0.0,63.75,11,2010,Post-monsoon
2010-11-13,22.016666666666666,26.9,18.0,24,1.5,67.25,11,2010,Post-monsoon
2010-11-14,22.633333333333336,28.3,18.3,24,0.7000000000000001,72.20833333333333,11,2010,Post-monsoon
2010-11-15,23.008333333333336,28.2,18.7,24,0.9,67.54166666666667,11,2010,Post-monsoon
2010-11-16,21.541666666666668,25.5,18.3,24,1.3,72.33333333333333,11,2010,Post-monsoon
2010-11-17,21.52916666666667,27.0,18.3,24,2.1,82.58333333333333,11,2010,Post-monsoon
2010-11-18,20.854166666666668,26.0,16.9,24,1.1,85.70833333333333,11,2010,Post-monsoon
2010-11-19,20.179166666666667,26.5,15.7,24,0.0,66.66666666666667,11,2010,Post-monsoon
2010-11-20,18.654166666666665,25.3,12.9,24,0.0,55.375,11,2010,Post-monsoon
2010-11-21,18.925,26.5,13.1,24,0.0,54.458333333333336,11,2010,Post-monsoon
2010-11-22,18.162499999999998,24.1,11.1,24,0.0,64.33333333333333,11,2010,Post-monsoon
2010-11-23,18.7625,23.6,15.1,24,0.0,67.75,11,2010,Post-monsoon
2010-11-24,18.354166666666668,22.0,15.4,24,1.5,77.58333333333333,11,2010,Post-monsoon
2010-11-25,19.520833333333332,24.0,15.2,24,0.0,80.45833333333333,11,2010,Post-monsoon
2010-11-26,19.962500000000002,25.2,16.1,24,0.0,71.33333333333333,11,2010,Post-monsoon
2010-11-27,18.650000000000002,25.3,13.9,24,0.0,52.458333333333336,11,2010,Post-monsoon
2010-11-28,17.5125,24.4,11.4,24,0.0,51.416666666666664,11,2010,Post-monsoon
2010-11-29,16.891666666666666,24.2,10.3,24,0.0,55.25,11,2010,Post-monsoon
2010-11-30,16.6875,23.8,10.9,24,0.0,56.291666666666664,11,2010,Post-monsoon
2010-12-01,16.191666666666666,23.0,9.2,24,0.0,58.458333333333336,12,2010,Winter
2010-12-02,15.5625,22.8,9.1,24,0.0,64.5,12,2010,Winter
2010-12-03,15.237499999999999,22.4,8.6,24,0.0,69.625,12,2010,Winter
2010-12-04,15.262500000000001,22.2,8.6,24,0.0,70.08333333333333,12,2010,Winter
2010-12-05,15.950000000000001,22.3,9.4,24,0.0,67.75,12,2010,Winter
2010-12-06,15.862499999999999,22.0,10.1,24,0.0,67.08333333333333,12,2010,Winter
2010-12-07,15.170833333333334,22.1,8.3,24,0.0,71.58333333333333,12,2010,Winter
2010-12-08,15.625,22.6,9.2,24,0.0,71.79166666666667,12,2010,Winter
2010-12-09,16.0625,22.1,11.6,24,0.0,63.416666666666664,12,2010,Winter
2010-12-10,14.583333333333334,20.8,9.1,24,0.0,56.75,12,2010,Winter
2010-12-11,13.895833333333334,20.7,7.7,24,0.0,57.208333333333336,12,2010,Winter
2010-12-12,15.241666666666667,22.3,10.3,24,0.0,55.583333333333336,12,2010,Winter
2010-12-13,14.9,22.4,6.8,24,0.0,59.208333333333336,12,2010,Winter
2010-12-14,14.495833333333335,22.3,7.0,24,0.0,59.75,12,2010,Winter
2010-12-15,14.454166666666666,22.3,7.2,24,0.0,60.208333333333336,12,2010,Winter
2010-12-16,14.683333333333332,22.3,7.0,24,0.0,66.29166666666667,12,2010,Winter
2010-12-17,16.108333333333334,23.4,10.2,24,0.0,65.75,12,2010,Winter
2010-12-18,14.5625,21.8,7.9,24,0.0,70.95833333333333,12,2010,Winter
2010-12-19,14.3125,21.6,8.7,24,0.0,64.29166666666667,12,2010,Winter
2010-12-20,14.4375,22.3,8.8,24,0.0,52.5,12,2010,Winter
2010-12-21,14.487499999999999,21.8,8.2,24,0.0,62.291666666666664,12,2010,Winter
2010-12-22,14.083333333333334,22.1,7.2,24,0.0,64.5,12,2010,Winter
2010-12-23,14.904166666666667,22.7,8.5,24,0.0,64.375,12,2010,Winter
2010-12-24,15.033333333333333,22.0,8.7,24,0.0,68.70833333333333,12,2010,Winter
2010-12-25,14.225,20.9,8.4,24,0.0,72.20833333333333,12,2010,Winter
2010-12-26,13.470833333333333,19.8,7.3,24,0.0,73.79166666666667,12,2010,Winter
2010-12-27,13.275,20.8,6.8,24,0.0,69.79166666666667,12,2010,Winter
2010-12-28,12.983333333333334,18.6,7.2,24,1.3,76.54166666666667,12,2010,Winter
2010-12-29,15.225,21.6,10.3,24,1.3,79.83333333333333,12,2010,Winter
2010-12-30,15.85,20.4,12.6,24,10.799999999999999,86.58333333333333,12,2010,Winter
2010-12-31,13.804166666666667,17.7,9.9,24,0.0,82.04166666666667,12,2010,Winter
2011-01-01,11.279166666666667,16.6,6.7,24,0.0,80.95833333333333,1,2011,Winter
2011-01-02,10.950000000000001,16.4,6.7,24,0.0,81.66666666666667,1,2011,Winter
2011-01-03,9.883333333333333,14.8,5.4,24,0.0,85.33333333333333,1,2011,Winter
2011-01-04,9.191666666666666,14.8,4.9,24,0.0,80.875,1,2011,Winter
2011-01-05,9.295833333333333,15.1,5.2,24,0.0,82.875,1,2011,Winter
2011-01-06,8.725,15.1,3.7,24,0.0,84.41666666666667,1,2011,Winter
2011-01-07,10.054166666666665,17.0,4.5,24,0.0,79.79166666666667,1,2011,Winter
2011-01-08,9.033333333333333,16.8,3.6,24,0.0,87.875,1,2011,Winter
2011-01-09,9.470833333333333,15.7,5.4,24,0.0,81.70833333333333,1,2011,Winter
2011-01-10,10.691666666666668,17.8,5.1,24,0.0,79.70833333333333,1,2011,Winter
2011-01-11,11.979166666666666,18.9,6.9,24,0.0,71.625,1,2011,Winter
2011-01-12,12.35,20.0,5.6,24,0.0,74.66666666666667,1,2011,Winter
2011-01-13,14.233333333333334,22.5,7.3,24,0.0,73.375,1,2011,Winter
2011-01-14,15.799999999999999,22.4,10.2,24,0.39999999999999997,74.91666666666667,1,2011,Winter
2011-01-15,13.333333333333334,19.7,8.8,24,0.0,60.541666666666664,1,2011,Winter
2011-01-16,11.554166666666667,17.1,7.4,24,0.0,67.08333333333333,1,2011,Winter
2011-01-17,12.174999999999999,18.8,7.3,24,0.0,54.625,1,2011,Winter
2011-01-18,12.299999999999999,20.4,5.3,24,0.0,64.04166666666667,1,2011,Winter
2011-01-19,12.279166666666667,19.4,6.8,24,0.0,60.375,1,2011,Winter
2011-01-20,12.558333333333332,19.8,5.9,24,0.0,58.5,1,2011,Winter
2011-01-21,13.954166666666667,22.1,6.4,24,0.0,64.83333333333333,1,2011,Winter
2011-01-22,14.7125,22.3,8.9,24,0.0,67.75,1,2011,Winter
2011-01-23,15.083333333333334,22.3,9.7,24,0.0,65.20833333333333,1,2011,Winter
2011-01-24,14.158333333333333,21.0,9.1,24,0.0,59.0,1,2011,Winter
2011-01-25,13.6,21.4,5.6,24,0.0,58.666666666666664,1,2011,Winter
2011-01-26,15.341666666666667,22.2,10.7,24,0.0,54.916666666666664,1,2011,Winter
2011-01-27,12.875,19.7,6.8,24,0.0,67.0,1,2011,Winter
2011-01-28,12.720833333333333,20.2,5.0,24,0.0,62.666666666666664,1,2011,Winter
2011-01-29,13.6625,20.8,5.5,24,0.0,63.541666666666664,1,2011,Winter
2011-01-30,14.870833333333332,22.4,8.4,24,0.6,66.20833333333333,1,2011,Winter
2011-01-31,14.845833333333333,21.8,8.2,24,0.0,68.83333333333333,1,2011,Winter
2011-02-01,14.983333333333334,22.0,8.7,24,0.0,63.208333333333336,2,2011,Winter
2011-02-02,16.175,24.1,9.0,24,0.0,60.708333333333336,2,2011,Winter
2011-02-03,16.8625,24.9,9.1,24,0.0,64.70833333333333,2,2011,Winter
2011-02-04,18.041666666666668,26.9,9.9,24,0.0,67.20833333333333,2,2011,Winter
2011-02-05,20.016666666666666,28.6,12.3,24,0.0,63.75,2,2011,Winter
2011-02-06,20.625,27.2,14.6,24,0.0,65.16666666666667,2,2011,Winter
2011-02-07,20.545833333333334,27.1,14.7,24,2.3,64.41666666666667,2,2011,Winter
2011-02-08,16.541666666666668,23.7,12.1,24,0.0,74.125,2,2011,Winter
2011-02-09,15.0,22.5,8.9,24,0.0,65.16666666666667,2,2011,Winter
2011-02-10,15.433333333333332,23.2,8.4,24,0.0,60.958333333333336,2,2011,Winter
2011-02-11,16.5,24.3,8.8,24,0.0,59.583333333333336,2,2011,Winter
2011-02-12,18.712500000000002,26.8,11.3,24,0.0,54.875,2,2011,Winter
2011-02-13,20.474999999999998,27.4,12.4,24,0.0,57.416666666666664,2,2011,Winter
2011-02-14,19.216666666666665,23.6,15.9,24,0.0,57.458333333333336,2,2011,Winter
2011-02-15,16.05,19.1,13.8,24,18.9,85.29166666666667,2,2011,Winter
2011-02-16,15.6625,20.0,12.1,24,17.3,81.33333333333333,2,2011,Winter
2011-02-17,14.458333333333334,20.0,10.5,24,0.0,80.04166666666667,2,2011,Winter
2011-02-18,14.308333333333332,20.6,8.7,24,0.0,72.20833333333333,2,2011,Winter
2011-02-19,14.995833333333332,21.5,8.4,24,0.0,70.45833333333333,2,2011,Winter
2011-02-20,15.541666666666666,22.8,9.2,24,2.7,73.95833333333333,2,2011,Winter
2011-02-21,14.325000000000001,20.4,9.9,24,0.0,82.41666666666667,2,2011,Winter
2011-02-22,15.195833333333333,21.4,9.4,24,0.0,76.04166666666667,2,2011,Winter
2011-02-23,17.1125,22.8,9.9,24,0.0,70.75,2,2011,Winter
2011-02-24,17.191666666666666,22.8,12.2,24,1.0,73.83333333333333,2,2011,Winter
2011-02-25,16.9375,22.9,10.2,24,0.0,66.75,2,2011,Winter
2011-02-26,16.416666666666668,20.9,12.6,24,1.3,68.70833333333333,2,2011,Winter
2011-02-27,16.308333333333334,22.9,9.7,24,0.0,65.125,2,2011,Winter
2011-02-28,16.520833333333332,23.4,9.7,24,0.0,59.541666666666664,2,2011,Winter
2011-03-01,16.766666666666666,23.4,10.4,24,0.0,65.45833333333333,3,2011,Summer
2011-03-02,18.075,24.4,11.3,24,0.0,69.91666666666667,3,2011,Summer
2011-03-03,19.083333333333332,24.7,13.7,24,1.2,72.29166666666667,3,2011,Summer
2011-03-04,18.691666666666666,24.7,14.0,24,2.8,77.04166666666667,3,2011,Summer
2011-03-05,18.979166666666668,26.5,12.5,24,0.0,70.875,3,2011,Summer
2011-03-06,18.991666666666667,26.5,12.8,24,0.0,61.208333333333336,3,2011,Summer
2011-03-07,19.745833333333334,27.7,12.9,24,0.0,52.958333333333336,3,2011,Summer
2011-03-08,20.620833333333334,27.3,15.6,24,0.0,55.666666666666664,3,2011,Summer
2011-03-09,19.7625,26.2,13.4,24,0.0,59.458333333333336,3,2011,Summer
2011-03-10,19.254166666666666,25.2,12.3,24,0.0,53.833333333333336,3,2011,Summer
2011-03-11,19.670833333333334,27.5,12.5,24,0.0,53.541666666666664,3,2011,Summer
2011-03-12,20.295833333333334,28.2,12.2,24,0.0,52.375,3,2011,Summer
2011-03-13,21.179166666666667,29.7,12.3,24,0.0,55.416666666666664,3,2011,Summer
2011-03-14,22.22083333333333,30.3,13.1,24,0.0,58.125,3,2011,Summer
2011-03-15,24.366666666666664,31.1,17.7,24,0.0,55.5,3,2011,Summer
2011-03-16,23.983333333333334,31.6,15.8,24,0.0,59.458333333333336,3,2011,Summer
2011-03-17,25.05,33.2,16.0,24,0.0,61.208333333333336,3,2011,Summer
2011-03-18,25.766666666666666,34.0,17.8,24,0.0,57.291666666666664,3,2011,Summer
2011-03-19,25.695833333333336,33.7,18.1,24,0.0,40.208333333333336,3,2011,Summer
2011-03-20,24.679166666666664,32.7,16.5,24,0.0,39.333333333333336,3,2011,Summer
2011-03-21,23.391666666666666,30.6,16.4,24,0.0,44.083333333333336,3,2011,Summer
2011-03-22,23.320833333333336,32.0,14.4,24,0.0,44.041666666666664,3,2011,Summer
2011-03-23,24.47083333333333,33.1,16.2,24,1.1,43.791666666666664,3,2011,Summer
2011-03-24,25.366666666666664,32.2,17.7,24,0.1,44.958333333333336,3,2011,Summer
2011-03-25,24.962500000000002,32.7,17.2,24,0.0,44.708333333333336,3,2011,Summer
2011-03-26,26.066666666666666,34.0,18.0,24,0.0,41.75,3,2011,Summer
2011-03-27,26.7375,35.4,17.1,24,0.0,43.041666666666664,3,2011,Summer
2011-03-28,27.53333333333333,35.4,19.7,24,0.0,41.375,3,2011,Summer
2011-03-29,26.224999999999998,32.0,19.6,24,0.0,52.541666666666664,3,2011,Summer
2011-03-30,25.162499999999998,32.4,18.6,24,4.9,53.916666666666664,3,2011,Summer
2011-03-31,24.645833333333332,31.8,17.6,24,0.0,42.708333333333336,3,2011,Summer
2011-04-01,24.920833333333334,32.5,16.8,24,0.0,42.583333333333336,4,2011,Summer
2011-04-02,25.583333333333332,32.4,18.7,24,0.1,36.541666666666664,4,2011,Summer
2011-04-03,24.958333333333332,31.2,18.5,24,0.1,33.916666666666664,4,2011,Summer
2011-04-04,23.858333333333334,31.2,16.1,24,0.0,29.875,4,2011,Summer
2011-04-05,24.941666666666666,34.0,15.2,24,0.0,33.083333333333336,4,2011,Summer
2011-04-06,25.183333333333334,33.8,16.9,24,0.0,30.666666666666668,4,2011,Summer
2011-04-07,25.645833333333332,33.5,18.9,24,0.2,31.5,4,2011,Summer
2011-04-08,25.400000000000002,32.9,17.4,24,0.0,38.75,4,2011,Summer
2011-04-09,26.108333333333334,33.5,17.3,24,0.0,33.5,4,2011,Summer
2011-04-10,26.454166666666666,33.2,19.5,24,0.0,36.125,4,2011,Summer
2011-04-11,27.516666666666666,34.6,20.7,24,1.0,40.125,4,2011,Summer
2011-04-12,26.712500000000002,33.5,20.5,24,1.4000000000000001,50.375,4,2011,Summer
2011-04-13,26.34583333333333,33.4,19.3,24,0.0,50.333333333333336,4,2011,Summer
2011-04-14,26.837500000000002,34.1,19.5,24,0.0,46.458333333333336,4,2011,Summer
2011-04-15,27.791666666666668,35.2,19.1,24,0.0,40.333333333333336,4,2011,Summer
2011-04-16,29.020833333333332,35.5,20.7,24,0.0,39.083333333333336,4,2011,Summer
2011-04-17,27.445833333333336,34.6,22.1,24,9.9,55.916666666666664,4,2011,Summer
2011-04-18,26.120833333333334,32.6,19.8,24,0.0,56.5,4,2011,Summer
2011-04-19,26.066666666666666,33.3,18.2,24,0.0,47.125,4,2011,Summer
2011-04-20,26.09166666666667,33.6,17.8,24,0.0,39.625,4,2011,Summer
2011-04-21,27.2,35.0,18.7,24,0.0,31.208333333333332,4,2011,Summer
2011-04-22,27.554166666666664,35.4,17.9,24,0.0,29.666666666666668,4,2011,Summer
2011-04-23,28.729166666666668,36.2,20.3,24,0.0,31.833333333333332,4,2011,Summer
2011-04-24,29.8625,37.9,20.1,24,0.0,29.208333333333332,4,2011,Summer
2011-04-25,31.445833333333336,39.8,21.0,24,0.0,26.375,4,2011,Summer
2011-04-26,29.925,36.4,23.0,24,0.0,34.541666666666664,4,2011,Summer
2011-04-27,30.0125,36.0,23.6,24,0.0,43.541666666666664,4,2011,Summer
2011-04-28,31.90416666666667,39.0,24.1,24,0.0,35.666666666666664,4,2011,Summer
2011-04-29,32.324999999999996,40.6,22.9,24,0.0,28.541666666666668,4,2011,Summer
2011-04-30,32.37916666666667,40.0,24.1,24,0.0,27.333333333333332,4,2011,Summer
2011-05-01,32.47083333333333,40.7,23.5,24,0.0,22.166666666666668,5,2011,Summer
2011-05-02,32.40416666666667,40.4,24.0,24,0.0,23.125,5,2011,Summer
2011-05-03,32.704166666666666,41.0,24.0,24,0.0,27.333333333333332,5,2011,Summer
2011-05-04,33.608333333333334,40.0,27.3,24,0.2,28.791666666666668,5,2011,Summer
2011-05-05,32.699999999999996,38.5,26.3,24,0.0,35.291666666666664,5,2011,Summer
2011-05-06,30.416666666666668,37.0,26.5,24,2.8000000000000003,50.0,5,2011,Summer
2011-05-07,29.858333333333334,36.2,23.4,24,0.0,50.208333333333336,5,2011,Summer
2011-05-08,31.083333333333332,38.3,22.2,24,0.0,35.791666666666664,5,2011,Summer
2011-05-09,32.520833333333336,40.5,23.8,24,0.0,28.666666666666668,5,2011,Summer
2011-05-10,33.725,41.6,26.0,24,0.0,25.708333333333332,5,2011,Summer
2011-05-11,33.7875,42.2,24.2,24,0.0,25.291666666666668,5,2011,Summer
2011-05-12,34.516666666666666,41.9,28.2,24,1.7000000000000002,26.375,5,2011,Summer
2011-05-13,33.025,39.9,25.4,24,0.0,31.875,5,2011,Summer
2011-05-14,32.858333333333334,40.4,24.3,24,0.0,30.791666666666668,5,2011,Summer
2011-05-15,33.5625,41.8,23.9,24,0.0,26.833333333333332,5,2011,Summer
2011-05-16,34.395833333333336,42.1,26.7,24,0.0,26.708333333333332,5,2011,Summer
2011-05-17,34.74583333333333,43.1,26.8,24,0.0,26.333333333333332,5,2011,Summer
2011-05-18,34.875,42.5,28.3,24,0.0,25.5,5,2011,Summer
2011-05-19,34.300000000000004,42.8,26.5,24,0.7000000000000001,40.791666666666664,5,2011,Summer
2011-05-20,31.849999999999998,38.7,25.8,24,2.8,56.958333333333336,5,2011,Summer
2011-05-21,31.104166666666668,36.5,27.5,24,0.7,58.708333333333336,5,2011,Summer
2011-05-22,30.22083333333333,34.3,26.8,24,0.7,63.291666666666664,5,2011,Summer
2011-05-23,31.141666666666666,38.0,25.0,24,0.0,57.333333333333336,5,2011,Summer
2011-05-24,33.0125,40.0,25.2,24,0.0,44.541666666666664,5,2011,Summer
2011-05-25,33.525,41.0,28.7,24,0.5,43.125,5,2011,Summer
2011-05-26,32.77916666666667,39.4,26.9,24,2.2,53.125,5,2011,Summer
2011-05-27,31.8625,37.2,26.4,24,0.9,56.333333333333336,5,2011,Summer
2011-05-28,32.375,38.6,25.9,24,0.0,50.75,5,2011,Summer
2011-05-29,33.800000000000004,40.0,26.5,24,0.0,41.041666666666664,5,2011,Summer
2011-05-30,33.454166666666666,40.3,26.7,24,0.4,47.583333333333336,5,2011,Summer
2011-05-31,32.920833333333334,39.9,27.3,24,1.2,49.041666666666664,5,2011,Summer
2011-06-01,31.78333333333333,36.5,27.9,24,1.7000000000000002,55.666666666666664,6,2011,Monsoon
2011-06-02,30.337500000000002,35.2,24.2,24,1.3,57.666666666666664,6,2011,Monsoon
2011-06-03,31.695833333333336,38.1,25.1,24,0.0,51.375,6,2011,Monsoon
2011-06-04,31.983333333333334,38.8,23.6,24,0.0,39.458333333333336,6,2011,Monsoon
2011-06-05,33.67916666666667,40.8,25.7,24,0.0,39.375,6,2011,Monsoon
2011-06-06,35.266666666666666,42.2,28.3,24,0.0,37.416666666666664,6,2011,Monsoon
2011-06-07,35.362500000000004,41.8,29.5,24,0.3,38.0,6,2011,Monsoon
2011-06-08,33.525,39.2,28.7,24,0.8999999999999999,48.708333333333336,6,2011,Monsoon
2011-06-09,32.75,38.5,28.6,24,0.6,53.0,6,2011,Monsoon
2011-06-10,32.30833333333333,37.9,26.7,24,0.0,55.041666666666664,6,2011,Monsoon
2011-06-11,33.975,40.7,28.3,24,0.0,46.666666666666664,6,2011,Monsoon
2011-06-12,34.141666666666666,40.1,29.3,24,0.0,49.541666666666664,6,2011,Monsoon
2011-06-13,34.604166666666664,40.2,29.1,24,1.5,48.625,6,2011,Monsoon
2011-06-14,35.36666666666667,40.9,29.8,24,0.2,43.791666666666664,6,2011,Monsoon
2011-06-15,32.333333333333336,35.9,29.6,24,1.0,59.416666666666664,6,2011,Monsoon
2011-06-16,32.72083333333333,38.5,26.8,24,1.3,58.083333333333336,6,2011,Monsoon
2011-06-17,32.75,37.8,28.6,24,1.2,56.916666666666664,6,2011,Monsoon
2011-06-18,32.11666666666667,36.7,27.6,24,0.7,64.625,6,2011,Monsoon
2011-06-19,31.945833333333336,37.3,27.2,24,0.1,63.958333333333336,6,2011,Monsoon
2011-06-20,31.729166666666668,36.0,27.8,24,0.0,63.5,6,2011,Monsoon
2011-06-21,31.46666666666667,36.2,28.2,24,6.1000000000000005,68.70833333333333,6,2011,Monsoon
2011-06-22,32.733333333333334,37.0,28.9,24,1.0,60.875,6,2011,Monsoon
2011-06-23,32.49583333333333,36.7,28.7,24,2.5,61.958333333333336,6,2011,Monsoon
2011-06-24,32.983333333333334,37.0,28.7,24,0.0,58.958333333333336,6,2011,Monsoon
2011-06-25,31.125,35.8,27.2,24,14.0,71.54166666666667,6,2011,Monsoon
2011-06-26,28.679166666666664,31.5,26.8,24,5.8,81.58333333333333,6,2011,Monsoon
2011-06-27,27.84166666666667,30.5,26.4,24,24.6,83.75,6,2011,Monsoon
2011-06-28,28.5125,32.2,25.7,24,4.1,82.875,6,2011,Monsoon
2011-06-29,27.666666666666668,29.7,25.8,24,6.199999999999999,83.95833333333333,6,2011,Monsoon
2011-06-30,28.441666666666666,33.3,25.5,24,5.6,81.54166666666667,6,2011,Monsoon
2011-07-01,29.537499999999998,33.6,25.8,24,0.39999999999999997,75.41666666666667,7,2011,Monsoon
2011-07-02,30.5,34.9,26.4,24,0.2,68.75,7,2011,Monsoon
2011-07-03,31.633333333333336,36.5,27.2,24,0.0,60.875,7,2011,Monsoon
2011-07-04,31.679166666666664,36.4,26.9,24,0.0,63.0,7,2011,Monsoon
2011-07-05,31.65833333333333,36.0,27.6,24,0.0,67.16666666666667,7,2011,Monsoon
2011-07-06,29.141666666666666,32.3,26.9,24,1.7000000000000002,76.83333333333333,7,2011,Monsoon
2011-07-07,28.883333333333336,32.6,25.9,24,8.1,80.58333333333333,7,2011,Monsoon
2011-07-08,28.47083333333333,32.8,26.1,24,7.4,82.83333333333333,7,2011,Monsoon
2011-07-09,27.9875,32.3,25.4,24,9.600000000000001,83.70833333333333,7,2011,Monsoon
2011-07-10,27.349999999999998,31.1,24.7,24,16.7,85.29166666666667,7,2011,Monsoon
2011-07-11,28.608333333333334,32.5,25.1,24,1.6,80.875,7,2011,Monsoon
2011-07-12,29.445833333333336,33.8,26.1,24,0.4,81.41666666666667,7,2011,Monsoon
2011-07-13,28.954166666666666,32.0,26.5,24,2.3,82.70833333333333,7,2011,Monsoon
2011-07-14,28.325,32.5,25.5,24,11.4,84.66666666666667,7,2011,Monsoon
2011-07-15,27.391666666666666,30.2,25.1,24,16.7,86.70833333333333,7,2011,Monsoon
2011-07-16,27.53333333333333,31.2,24.7,24,2.3,84.54166666666667,7,2011,Monsoon
2011-07-17,26.787499999999998,29.7,24.8,24,5.6000000000000005,87.58333333333333,7,2011,Monsoon
2011-07-18,26.958333333333332,30.3,24.9,24,4.4,87.20833333333333,7,2011,Monsoon
2011-07-19,29.208333333333332,32.9,25.5,24,0.5,81.04166666666667,7,2011,Monsoon
2011-07-20,30.483333333333334,33.9,27.0,24,0.5,80.20833333333333,7,2011,Monsoon
2011-07-21,28.037499999999998,30.1,26.2,24,0.0,86.0,7,2011,Monsoon
2011-07-22,29.445833333333336,32.8,26.9,24,3.1,78.79166666666667,7,2011,Monsoon
2011-07-23,28.354166666666668,31.3,26.4,24,4.1,80.91666666666667,7,2011,Monsoon
2011-07-24,28.229166666666668,31.1,26.0,24,0.7,77.91666666666667,7,2011,Monsoon
2011-07-25,28.516666666666666,31.5,25.9,24,0.7,79.20833333333333,7,2011,Monsoon
2011-07-26,29.90416666666667,33.8,26.4,24,0.0,78.54166666666667,7,2011,Monsoon
2011-07-27,28.945833333333336,31.8,27.8,24,13.0,85.08333333333333,7,2011,Monsoon
2011-07-28,28.1125,31.8,26.3,24,18.7,87.83333333333333,7,2011,Monsoon
2011-07-29,27.47083333333333,31.6,25.0,24,19.6,88.66666666666667,7,2011,Monsoon
2011-07-30,28.77916666666667,32.5,25.3,24,10.5,84.5,7,2011,Monsoon
2011-07-31,29.724999999999998,34.2,26.1,24,2.4,81.08333333333333,7,2011,Monsoon
2011-08-01,29.45,33.3,25.4,24,5.7,80.58333333333333,8,2011,Monsoon
2011-08-02,30.870833333333334,34.7,27.5,24,0.4,74.29166666666667,8,2011,Monsoon
2011-08-03,29.808333333333334,33.1,27.2,24,2.4,79.41666666666667,8,2011,Monsoon
2011-08-04,28.9875,32.6,26.1,24,1.5,83.0,8,2011,Monsoon
2011-08-05,29.0125,33.0,26.1,24,5.3,84.0,8,2011,Monsoon
2011-08-06,27.537499999999998,31.2,25.5,24,22.0,89.58333333333333,8,2011,Monsoon
2011-08-07,28.616666666666664,32.4,26.1,24,3.8,85.16666666666667,8,2011,Monsoon
2011-08-08,28.3125,31.6,26.2,24,6.800000000000001,83.0,8,2011,Monsoon
2011-08-09,28.724999999999998,31.7,26.5,24,0.4,74.25,8,2011,Monsoon
2011-08-10,27.40416666666667,30.2,25.0,24,2.4,82.375,8,2011,Monsoon
2011-08-11,27.09166666666667,30.5,25.6,24,13.2,87.79166666666667,8,2011,Monsoon
2011-08-12,26.09166666666667,28.3,24.3,24,14.4,90.0,8,2011,Monsoon
2011-08-13,27.541666666666668,31.6,24.5,24,6.7,84.54166666666667,8,2011,Monsoon
2011-08-14,27.083333333333332,29.4,24.9,24,5.4,84.95833333333333,8,2011,Monsoon
2011-08-15,25.683333333333334,28.7,24.4,24,18.1,91.875,8,2011,Monsoon
2011-08-16,25.879166666666666,28.8,24.2,24,24.8,90.125,8,2011,Monsoon
2011-08-17,27.070833333333336,31.3,24.0,24,2.4,83.66666666666667,8,2011,Monsoon
2011-08-18,27.2,31.7,23.9,24,4.2,84.625,8,2011,Monsoon
2011-08-19,26.733333333333334,30.8,24.3,24,6.0,86.58333333333333,8,2011,Monsoon
2011-08-20,26.95,29.8,24.9,24,7.9,85.95833333333333,8,2011,Monsoon
2011-08-21,28.787499999999998,32.3,25.6,24,0.7,79.625,8,2011,Monsoon
2011-08-22,29.683333333333334,33.2,26.3,24,0.1,79.375,8,2011,Monsoon
2011-08-23,28.491666666666664,31.9,25.5,24,22.7,88.375,8,2011,Monsoon
2011-08-24,26.916666666666668,29.6,25.5,24,13.8,87.66666666666667,8,2011,Monsoon
2011-08-25,28.212500000000002,32.0,24.7,24,1.2,85.95833333333333,8,2011,Monsoon
2011-08-26,28.224999999999998,31.8,24.9,24,4.8,84.625,8,2011,Monsoon
2011-08-27,27.804166666666664,31.4,25.1,24,7.3,86.25,8,2011,Monsoon
2011-08-28,29.275000000000002,32.7,26.5,24,0.0,79.79166666666667,8,2011,Monsoon
2011-08-29,29.458333333333332,33.1,26.2,24,0.0,78.625,8,2011,Monsoon
2011-08-30,29.416666666666668,32.7,26.4,24,0.1,78.04166666666667,8,2011,Monsoon
2011-08-31,29.566666666666666,33.1,26.6,24,0.2,78.625,8,2011,Monsoon
2011-09-01,29.495833333333334,33.0,26.7,24,0.8999999999999999,78.54166666666667,9,2011,Monsoon
2011-09-02,29.162499999999998,32.7,25.9,24,0.0,76.125,9,2011,Monsoon
2011-09-03,28.662499999999998,31.8,26.6,24,0.9,77.08333333333333,9,2011,Monsoon
2011-09-04,26.816666666666666,30.0,25.0,24,25.1,87.125,9,2011,Monsoon
2011-09-05,26.983333333333334,31.0,24.6,24,13.6,88.125,9,2011,Monsoon
2011-09-06,26.900000000000002,29.9,25.3,24,14.2,89.29166666666667,9,2011,Monsoon
2011-09-07,27.829166666666666,31.8,25.5,24,8.5,87.54166666666667,9,2011,Monsoon
2011-09-08,27.641666666666666,31.4,25.2,24,11.0,86.75,9,2011,Monsoon
2011-09-09,26.287499999999998,28.3,25.0,24,12.8,92.54166666666667,9,2011,Monsoon
2011-09-10,27.691666666666666,31.6,24.9,24,6.5,87.33333333333333,9,2011,Monsoon
2011-09-11,27.870833333333334,31.6,26.2,24,2.7,82.75,9,2011,Monsoon
2011-09-12,27.28333333333333,30.3,25.6,24,6.2,84.58333333333333,9,2011,Monsoon
2011-09-13,28.5625,31.9,25.5,24,0.8,80.16666666666667,9,2011,Monsoon
2011-09-14,28.745833333333334,32.6,25.3,24,0.6,82.70833333333333,9,2011,Monsoon
2011-09-15,27.483333333333334,31.2,25.3,24,8.4,86.95833333333333,9,2011,Monsoon
2011-09-16,26.4375,30.9,23.7,24,11.5,87.79166666666667,9,2011,Monsoon
2011-09-17,27.22083333333333,31.3,23.7,24,2.5,84.0,9,2011,Monsoon
2011-09-18,27.3875,30.8,24.7,24,1.2000000000000002,82.83333333333333,9,2011,Monsoon
2011-09-19,27.554166666666664,31.6,24.3,24,0.5,81.41666666666667,9,2011,Monsoon
2011-09-20,27.733333333333334,31.5,24.7,24,0.0,78.41666666666667,9,2011,Monsoon
2011-09-21,27.433333333333334,31.9,23.8,24,0.0,75.41666666666667,9,2011,Monsoon
2011-09-22,26.991666666666664,31.4,23.2,24,0.1,76.75,9,2011,Monsoon
2011-09-23,27.116666666666664,31.4,23.1,24,0.0,72.66666666666667,9,2011,Monsoon
2011-09-24,26.72083333333333,32.3,22.1,24,0.0,69.66666666666667,9,2011,Monsoon
2011-09-25,26.370833333333334,32.1,21.3,24,0.0,72.16666666666667,9,2011,Monsoon
2011-09-26,26.8,32.1,22.8,24,0.0,69.25,9,2011,Monsoon
2011-09-27,27.133333333333336,32.2,23.1,24,0.4,71.66666666666667,9,2011,Monsoon
2011-09-28,26.954166666666666,32.1,23.3,24,0.0,68.91666666666667,9,2011,Monsoon
2011-09-29,26.849999999999998,32.2,23.0,24,0.0,66.875,9,2011,Monsoon
2011-09-30,26.329166666666666,32.2,21.8,24,0.0,64.04166666666667,9,2011,Monsoon
2011-10-01,26.6875,32.1,22.4,24,0.0,63.75,10,2011,Post-monsoon
2011-10-02,26.916666666666668,32.5,22.8,24,0.0,63.125,10,2011,Post-monsoon
2011-10-03,26.833333333333332,32.3,22.0,24,0.0,64.29166666666667,10,2011,Post-monsoon
2011-10-04,26.858333333333334,32.3,22.5,24,0.0,62.166666666666664,10,2011,Post-monsoon
2011-10-05,27.116666666666664,32.4,21.3,24,0.0,67.70833333333333,10,2011,Post-monsoon
2011-10-06,27.166666666666668,32.8,21.0,24,0.0,69.08333333333333,10,2011,Post-monsoon
2011-10-07,27.008333333333336,33.1,21.3,24,0.0,68.08333333333333,10,2011,Post-monsoon
2011-10-08,26.054166666666664,32.8,21.5,24,0.5,69.16666666666667,10,2011,Post-monsoon
2011-10-09,26.708333333333332,32.7,21.0,24,0.0,67.75,10,2011,Post-monsoon
2011-10-10,26.633333333333336,32.8,20.6,24,0.0,60.958333333333336,10,2011,Post-monsoon
2011-10-11,26.704166666666666,32.9,20.8,24,0.0,60.458333333333336,10,2011,Post-monsoon
2011-10-12,26.95,32.9,21.1,24,0.0,59.125,10,2011,Post-monsoon
2011-10-13,26.741666666666664,33.0,21.0,24,0.0,56.166666666666664,10,2011,Post-monsoon
2011-10-14,27.13333333333333,33.5,22.0,24,0.0,50.625,10,2011,Post-monsoon
2011-10-15,26.224999999999998,33.0,19.7,24,0.0,49.541666666666664,10,2011,Post-monsoon
2011-10-16,25.416666666666668,32.3,18.4,24,0.0,51.833333333333336,10,2011,Post-monsoon
2011-10-17,24.991666666666664,31.8,17.6,24,0.0,51.208333333333336,10,2011,Post-monsoon
2011-10-18,24.7375,32.0,17.8,24,0.0,52.833333333333336,10,2011,Post-monsoon
2011-10-19,24.587500000000002,32.1,17.2,24,0.0,54.291666666666664,10,2011,Post-monsoon
2011-10-20,24.366666666666664,31.5,16.9,24,0.0,56.208333333333336,10,2011,Post-monsoon
2011-10-21,23.912499999999998,31.0,17.1,24,0.0,58.833333333333336,10,2011,Post-monsoon
2011-10-22,24.575,31.1,18.0,24,0.0,56.333333333333336,10,2011,Post-monsoon
2011-10-23,24.675,32.2,17.1,24,0.0,58.208333333333336,10,2011,Post-monsoon
2011-10-24,25.141666666666666,32.1,18.4,24,0.0,58.916666666666664,10,2011,Post-monsoon
2011-10-25,24.058333333333334,30.3,17.9,24,0.6,55.916666666666664,10,2011,Post-monsoon
2011-10-26,23.412499999999998,29.8,17.5,24,0.0,54.583333333333336,10,2011,Post-monsoon
2011-10-27,22.770833333333332,29.4,16.6,24,0.0,50.25,10,2011,Post-monsoon
2011-10-28,22.620833333333334,29.5,14.9,24,0.0,51.666666666666664,10,2011,Post-monsoon
2011-10-29,22.683333333333334,29.0,16.2,24,0.0,56.125,10,2011,Post-monsoon
2011-10-30,22.491666666666664,29.5,15.6,24,0.0,60.583333333333336,10,2011,Post-monsoon
2011-10-31,23.05,29.5,15.7,24,0.0,57.333333333333336,10,2011,Post-monsoon
2011-11-01,23.670833333333334,30.1,17.5,24,0.0,57.5,11,2011,Post-monsoon
2011-11-02,22.991666666666664,30.6,15.8,24,0.0,55.291666666666664,11,2011,Post-monsoon
2011-11-03,23.59583333333333,30.5,16.2,24,0.0,55.708333333333336,11,2011,Post-monsoon
2011-11-04,23.983333333333334,30.4,18.9,24,0.0,55.083333333333336,11,2011,Post-monsoon
2011-11-05,23.541666666666668,30.3,17.2,24,0.0,61.708333333333336,11,2011,Post-monsoon
2011-11-06,23.233333333333334,29.2,18.3,24,0.0,56.041666666666664,11,2011,Post-monsoon
2011-11-07,22.058333333333334,28.8,15.9,24,0.0,57.916666666666664,11,2011,Post-monsoon
2011-11-08,21.770833333333332,28.9,14.7,24,0.0,59.458333333333336,11,2011,Post-monsoon
2011-11-09,22.454166666666666,29.6,15.3,24,0.0,60.333333333333336,11,2011,Post-monsoon
2011-11-10,24.025000000000002,29.9,18.6,24,0.0,64.875,11,2011,Post-monsoon
2011-11-11,24.320833333333336,30.2,19.0,24,0.0,65.45833333333333,11,2011,Post-monsoon
2011-11-12,23.354166666666668,29.6,18.2,24,0.0,53.833333333333336,11,2011,Post-monsoon
2011-11-13,22.179166666666664,28.9,15.9,24,0.0,56.041666666666664,11,2011,Post-monsoon
2011-11-14,21.675,28.1,14.8,24,0.0,60.083333333333336,11,2011,Post-monsoon
2011-11-15,21.145833333333332,27.8,13.9,24,0.0,60.833333333333336,11,2011,Post-monsoon
2011-11-16,22.116666666666664,28.8,16.3,24,0.0,56.958333333333336,11,2011,Post-monsoon
2011-11-17,22.133333333333336,28.7,16.2,24,0.0,60.375,11,2011,Post-monsoon
2011-11-18,21.945833333333336,29.0,15.4,24,0.0,65.125,11,2011,Post-monsoon
2011-11-19,22.15416666666667,28.0,16.0,24,0.0,69.875,11,2011,Post-monsoon
2011-11-20,21.587500000000002,27.7,15.7,24,0.0,73.79166666666667,11,2011,Post-monsoon
2011-11-21,21.912499999999998,27.6,17.3,24,0.0,73.83333333333333,11,2011,Post-monsoon
2011-11-22,21.787499999999998,27.3,16.7,24,0.0,73.25,11,2011,Post-monsoon
2011-11-23,21.729166666666668,26.9,17.7,24,0.0,72.41666666666667,11,2011,Post-monsoon
2011-11-24,20.191666666666666,26.0,14.7,24,0.0,73.58333333333333,11,2011,Post-monsoon
2011-11-25,19.829166666666666,25.8,13.9,24,0.0,72.20833333333333,11,2011,Post-monsoon
2011-11-26,19.6875,25.4,14.3,24,0.0,71.5,11,2011,Post-monsoon
2011-11-27,19.829166666666666,25.1,14.6,24,0.0,68.625,11,2011,Post-monsoon
2011-11-28,17.970833333333335,24.1,12.6,24,0.0,63.666666666666664,11,2011,Post-monsoon
2011-11-29,18.525000000000002,25.4,13.6,24,0.0,57.333333333333336,11,2011,Post-monsoon
2011-11-30,17.883333333333333,24.9,12.3,24,0.0,56.583333333333336,11,2011,Post-monsoon
2011-12-01,18.175,24.5,11.0,24,0.0,62.208333333333336,12,2011,Winter
2011-12-02,19.3875,25.4,13.4,24,0.0,73.20833333333333,12,2011,Winter
2011-12-03,19.679166666666667,26.5,13.8,24,0.0,64.875,12,2011,Winter
2011-12-04,19.033333333333335,26.3,12.8,24,0.0,63.083333333333336,12,2011,Winter
2011-12-05,18.970833333333335,26.3,12.3,24,0.0,66.29166666666667,12,2011,Winter
2011-12-06,20.308333333333334,26.7,14.6,24,0.0,65.0,12,2011,Winter
2011-12-07,20.729166666666668,26.5,16.1,24,0.0,70.125,12,2011,Winter
2011-12-08,21.2625,27.6,15.7,24,0.0,69.54166666666667,12,2011,Winter
2011-12-09,19.900000000000002,25.0,15.9,24,0.0,73.66666666666667,12,2011,Winter
2011-12-10,17.575,23.1,13.3,24,0.0,64.41666666666667,12,2011,Winter
2011-12-11,16.229166666666668,23.1,11.0,24,0.0,44.916666666666664,12,2011,Winter
2011-12-12,15.141666666666666,22.1,8.5,24,0.0,53.25,12,2011,Winter
2011-12-13,14.266666666666667,22.1,7.2,24,0.0,59.708333333333336,12,2011,Winter
2011-12-14,14.275,21.5,7.8,24,0.0,57.541666666666664,12,2011,Winter
2011-12-15,13.758333333333333,21.6,6.9,24,0.0,58.125,12,2011,Winter
2011-12-16,13.516666666666666,21.0,6.7,24,0.0,57.958333333333336,12,2011,Winter
2011-12-17,13.775,21.6,6.6,24,0.0,60.583333333333336,12,2011,Winter
2011-12-18,13.916666666666666,21.4,8.2,24,0.0,61.666666666666664,12,2011,Winter
2011-12-19,13.633333333333333,20.9,8.4,24,0.0,64.79166666666667,12,2011,Winter
2011-12-20,14.270833333333334,21.9,8.1,24,0.0,66.125,12,2011,Winter
2011-12-21,15.6,22.4,8.6,24,0.0,71.08333333333333,12,2011,Winter
2011-12-22,15.045833333333334,22.1,9.7,24,0.0,68.0,12,2011,Winter
2011-12-23,12.520833333333334,19.2,6.9,24,0.0,62.583333333333336,12,2011,Winter
2011-12-24,11.4,19.1,4.4,24,0.0,58.041666666666664,12,2011,Winter
2011-12-25,11.612499999999999,19.6,4.4,24,0.0,59.0,12,2011,Winter
2011-12-26,11.975,19.9,4.3,24,0.0,67.41666666666667,12,2011,Winter
2011-12-27,12.879166666666668,20.7,5.7,24,0.0,72.66666666666667,12,2011,Winter
2011-12-28,14.179166666666667,21.8,7.0,24,0.0,74.83333333333333,12,2011,Winter
2011-12-29,14.279166666666667,21.6,7.7,24,0.0,75.5,12,2011,Winter
2011-12-30,13.758333333333333,20.0,7.8,24,0.0,75.33333333333333,12,2011,Winter
2011-12-31,14.020833333333334,20.8,7.8,24,0.0,73.91666666666667,12,2011,Winter
2012-01-01,15.4125,19.6,12.4,24,4.1,82.58333333333333,1,2012,Winter
2012-01-02,14.1,19.0,10.5,24,0.1,85.125,1,2012,Winter
2012-01-03,13.708333333333334,19.9,8.1,24,0.0,76.04166666666667,1,2012,Winter
2012-01-04,14.216666666666667,20.3,8.7,24,0.0,74.41666666666667,1,2012,Winter
2012-01-05,14.6,20.3,9.8,24,0.30000000000000004,76.16666666666667,1,2012,Winter
2012-01-06,14.408333333333333,19.7,11.1,24,11.0,82.75,1,2012,Winter
2012-01-07,14.370833333333332,18.7,11.6,24,8.9,81.75,1,2012,Winter
2012-01-08,12.9625,18.1,9.3,24,0.0,79.83333333333333,1,2012,Winter
2012-01-09,10.670833333333334,16.1,6.2,24,0.0,75.125,1,2012,Winter
2012-01-10,10.049999999999999,16.4,4.4,24,0.0,73.95833333333333,1,2012,Winter
2012-01-11,10.345833333333333,17.0,4.8,24,0.0,74.66666666666667,1,2012,Winter
2012-01-12,10.625,17.7,4.6,24,0.0,65.95833333333333,1,2012,Winter
2012-01-13,11.329166666666666,18.7,5.1,24,0.0,66.625,1,2012,Winter
2012-01-14,13.0625,20.4,6.0,24,0.0,70.95833333333333,1,2012,Winter
2012-01-15,16.141666666666666,22.3,12.3,24,0.0,65.125,1,2012,Winter
2012-01-16,14.75,19.1,11.5,24,4.4,78.375,1,2012,Winter
2012-01-17,11.475,16.1,7.9,24,0.0,84.04166666666667,1,2012,Winter
2012-01-18,11.216666666666667,15.9,5.9,24,0.0,72.79166666666667,1,2012,Winter
2012-01-19,11.583333333333334,16.6,7.5,24,0.0,66.33333333333333,1,2012,Winter
2012-01-20,10.341666666666667,16.5,5.0,24,0.0,71.5,1,2012,Winter
2012-01-21,10.325000000000001,17.0,5.1,24,0.0,69.375,1,2012,Winter
2012-01-22,11.195833333333333,16.2,6.2,24,0.0,65.75,1,2012,Winter
2012-01-23,11.816666666666668,20.0,4.7,24,0.0,69.04166666666667,1,2012,Winter
2012-01-24,12.591666666666667,20.1,6.8,24,0.0,65.75,1,2012,Winter
2012-01-25,13.549999999999999,20.7,8.1,24,0.2,63.875,1,2012,Winter
2012-01-26,14.158333333333333,20.2,9.8,24,0.0,58.458333333333336,1,2012,Winter
2012-01-27,13.104166666666666,19.6,8.3,24,0.0,61.083333333333336,1,2012,Winter
2012-01-28,12.125,19.2,5.8,24,0.0,62.333333333333336,1,2012,Winter
2012-01-29,12.045833333333334,19.8,4.8,24,0.0,65.45833333333333,1,2012,Winter
2012-01-30,12.700000000000001,20.5,5.5,24,0.0,64.16666666666667,1,2012,Winter
2012-01-31,12.458333333333334,20.3,4.4,24,0.0,59.083333333333336,1,2012,Winter
2012-02-01,13.825000000000001,21.3,7.3,24,0.0,56.291666666666664,2,2012,Winter
2012-02-02,14.762500000000001,21.8,9.5,24,0.0,51.583333333333336,2,2012,Winter
2012-02-03,15.404166666666667,22.2,9.9,24,0.0,56.666666666666664,2,2012,Winter
2012-02-04,16.5125,23.7,10.0,24,0.0,60.791666666666664,2,2012,Winter
2012-02-05,16.833333333333332,22.6,11.5,24,0.0,63.708333333333336,2,2012,Winter
2012-02-06,15.420833333333334,21.3,10.1,24,0.0,68.5,2,2012,Winter
2012-02-07,13.991666666666667,19.8,8.3,24,2.3,66.45833333333333,2,2012,Winter
2012-02-08,12.708333333333334,18.1,7.8,24,0.9,52.166666666666664,2,2012,Winter
2012-02-09,10.65,18.2,3.3,24,0.0,50.791666666666664,2,2012,Winter
2012-02-10,12.283333333333333,20.1,5.7,24,0.0,51.5,2,2012,Winter
2012-02-11,12.883333333333333,19.8,5.0,24,0.0,55.5,2,2012,Winter
2012-02-12,16.3,24.2,7.7,24,0.0,52.416666666666664,2,2012,Winter
2012-02-13,17.375,23.7,11.5,24,0.0,51.958333333333336,2,2012,Winter
2012-02-14,16.0625,22.4,10.9,24,0.0,64.41666666666667,2,2012,Winter
2012-02-15,14.5375,20.8,9.4,24,0.0,53.375,2,2012,Winter
2012-02-16,13.270833333333334,20.2,6.9,24,0.0,44.0,2,2012,Winter
2012-02-17,13.870833333333332,21.2,6.0,24,0.0,48.875,2,2012,Winter
2012-02-18,15.591666666666667,23.3,8.6,24,0.0,49.708333333333336,2,2012,Winter
2012-02-19,16.5125,23.8,10.3,24,0.0,43.916666666666664,2,2012,Winter
2012-02-20,17.766666666666666,25.1,11.4,24,0.0,52.958333333333336,2,2012,Winter
2012-02-21,19.7,28.0,11.6,24,0.0,58.041666666666664,2,2012,Winter
2012-02-22,20.741666666666667,28.4,12.4,24,0.0,54.833333333333336,2,2012,Winter
2012-02-23,20.108333333333334,27.2,12.9,24,0.0,60.0,2,2012,Winter
2012-02-24,19.104166666666668,26.0,13.1,24,0.0,53.75,2,2012,Winter
2012-02-25,16.991666666666667,23.5,12.5,24,0.0,36.083333333333336,2,2012,Winter
2012-02-26,16.599999999999998,24.4,10.1,24,0.0,34.541666666666664,2,2012,Winter
2012-02-27,17.5,25.6,10.1,24,0.0,36.041666666666664,2,2012,Winter
2012-02-28,18.508333333333333,25.8,11.9,24,0.0,40.833333333333336,2,2012,Winter
2012-02-29,17.895833333333332,25.0,9.9,24,0.0,48.666666666666664,2,2012,Winter
2012-03-01,18.837500000000002,27.2,10.1,24,0.0,49.125,3,2012,Summer
2012-03-02,19.316666666666666,26.9,11.9,24,0.0,44.625,3,2012,Summer
2012-03-03,20.104166666666668,28.1,12.5,24,0.0,39.875,3,2012,Summer
2012-03-04,22.770833333333332,30.7,14.1,24,0.0,50.5,3,2012,Summer
2012-03-05,23.587500000000002,31.2,15.8,24,0.0,49.583333333333336,3,2012,Summer
2012-03-06,22.058333333333334,27.8,17.6,24,0.0,53.208333333333336,3,2012,Summer
2012-03-07,20.241666666666667,27.0,12.4,24,0.0,38.625,3,2012,Summer
2012-03-08,18.241666666666667,25.7,10.6,24,0.0,36.291666666666664,3,2012,Summer
2012-03-09,17.504166666666666,24.3,10.0,24,0.0,35.375,3,2012,Summer
2012-03-10,17.704166666666666,24.6,9.6,24,0.0,40.708333333333336,3,2012,Summer
2012-03-11,18.829166666666666,26.5,10.7,24,0.0,40.416666666666664,3,2012,Summer
2012-03-12,19.820833333333333,28.3,10.1,24,1.0,45.666666666666664,3,2012,Summer
2012-03-13,19.3,25.0,13.6,24,0.2,61.041666666666664,3,2012,Summer
2012-03-14,19.016666666666666,25.7,12.1,24,0.0,50.125,3,2012,Summer
2012-03-15,19.908333333333335,27.7,12.7,24,0.0,46.083333333333336,3,2012,Summer
2012-03-16,21.40833333333333,29.3,13.6,24,0.0,46.833333333333336,3,2012,Summer
2012-03-17,23.395833333333332,32.2,14.9,24,0.0,51.0,3,2012,Summer
2012-03-18,24.84583333333333,33.3,15.5,24,0.0,52.291666666666664,3,2012,Summer
2012-03-19,26.45,34.8,17.2,24,0.0,53.916666666666664,3,2012,Summer
2012-03-20,26.09166666666667,33.5,19.1,24,0.0,42.5,3,2012,Summer
2012-03-21,19.666666666666668,26.9,12.7,24,0.0,26.916666666666668,3,2012,Summer
2012-03-22,19.895833333333332,27.6,12.5,24,0.0,30.958333333333332,3,2012,Summer
2012-03-23,21.875,30.0,14.5,24,0.0,32.875,3,2012,Summer
2012-03-24,23.895833333333332,32.4,16.2,24,0.0,33.125,3,2012,Summer
2012-03-25,24.55,32.2,17.7,24,0.0,38.416666666666664,3,2012,Summer
2012-03-26,25.72083333333333,33.4,17.0,24,0.0,42.291666666666664,3,2012,Summer
2012-03-27,25.145833333333332,32.2,17.7,24,0.0,44.375,3,2012,Summer
2012-03-28,25.566666666666666,33.1,17.9,24,0.0,42.416666666666664,3,2012,Summer
2012-03-29,25.254166666666666,32.3,18.7,24,0.0,37.75,3,2012,Summer
2012-03-30,26.304166666666664,33.4,18.4,24,0.0,39.458333333333336,3,2012,Summer
2012-03-31,26.983333333333334,34.6,17.6,24,0.0,41.0,3,2012,Summer
2012-04-01,27.641666666666666,34.8,20.4,24,0.0,38.75,4,2012,Summer
2012-04-02,28.770833333333332,36.1,20.2,24,0.0,41.541666666666664,4,2012,Summer
2012-04-03,29.004166666666666,37.5,22.7,24,2.3,43.125,4,2012,Summer
2012-04-04,28.0625,36.1,20.0,24,0.0,39.041666666666664,4,2012,Summer
2012-04-05,27.766666666666666,35.8,19.2,24,0.0,34.666666666666664,4,2012,Summer
2012-04-06,28.462500000000002,35.6,20.9,24,0.0,30.541666666666668,4,2012,Summer
2012-04-07,28.291666666666668,36.5,20.1,24,0.0,31.291666666666668,4,2012,Summer
2012-04-08,28.204166666666666,35.9,20.0,24,0.0,32.875,4,2012,Summer
2012-04-09,28.875,37.3,21.5,24,1.6,30.791666666666668,4,2012,Summer
2012-04-10,28.604166666666668,36.7,19.7,24,0.6,35.208333333333336,4,2012,Summer
2012-04-11,27.3625,33.6,21.7,24,3.2,48.708333333333336,4,2012,Summer
2012-04-12,26.829166666666666,33.4,20.4,24,0.3,50.625,4,2012,Summer
2012-04-13,26.054166666666664,31.3,21.0,24,0.2,40.125,4,2012,Summer
2012-04-14,22.912499999999998,29.8,19.4,24,9.4,65.45833333333333,4,2012,Summer
2012-04-15,23.724999999999998,29.5,17.7,24,0.0,64.91666666666667,4,2012,Summer
2012-04-16,26.041666666666668,33.5,17.5,24,0.0,50.958333333333336,4,2012,Summer
2012-04-17,26.766666666666666,33.0,20.5,24,0.2,49.916666666666664,4,2012,Summer
2012-04-18,27.34583333333333,33.3,21.0,24,0.2,51.541666666666664,4,2012,Summer
2012-04-19,28.53333333333333,35.4,21.1,24,0.0,45.666666666666664,4,2012,Summer
2012-04-20,29.3,36.0,23.1,24,0.0,37.125,4,2012,Summer
2012-04-21,28.0,34.2,22.1,24,0.0,39.458333333333336,4,2012,Summer
2012-04-22,28.179166666666664,34.8,21.2,24,0.0,33.166666666666664,4,2012,Summer
2012-04-23,27.75,34.5,20.1,24,0.0,38.666666666666664,4,2012,Summer
2012-04-24,28.287499999999998,35.6,21.3,24,0.5,36.458333333333336,4,2012,Summer
2012-04-25,28.145833333333332,34.7,21.2,24,0.0,39.375,4,2012,Summer
2012-04-26,28.191666666666666,34.9,20.8,24,0.0,42.208333333333336,4,2012,Summer
2012-04-27,27.570833333333336,33.9,20.8,24,0.0,41.958333333333336,4,2012,Summer
2012-04-28,28.3875,34.7,21.4,24,0.0,36.0,4,2012,Summer
2012-04-29,28.575,35.7,20.2,24,0.0,31.125,4,2012,Summer
2012-04-30,28.579166666666666,35.6,19.7,24,0.0,28.5,4,2012,Summer
2012-05-01,28.90833333333333,35.6,20.2,24,0.0,24.583333333333332,5,2012,Summer
2012-05-02,29.370833333333334,36.7,21.1,24,0.0,23.666666666666668,5,2012,Summer
2012-05-03,29.508333333333336,36.7,21.0,24,0.0,22.041666666666668,5,2012,Summer
2012-05-04,30.229166666666668,37.7,21.2,24,0.0,22.5,5,2012,Summer
2012-05-05,30.016666666666666,37.2,21.2,24,0.0,27.583333333333332,5,2012,Summer
2012-05-06,30.78333333333333,37.9,23.3,24,0.0,28.166666666666668,5,2012,Summer
2012-05-07,31.683333333333334,38.8,23.1,24,0.0,32.083333333333336,5,2012,Summer
2012-05-08,32.891666666666666,40.1,25.0,24,0.0,27.458333333333332,5,2012,Summer
2012-05-09,33.44583333333333,40.3,25.3,24,0.0,23.666666666666668,5,2012,Summer
2012-05-10,33.6875,41.0,25.6,24,0.0,24.458333333333332,5,2012,Summer
2012-05-11,33.025,38.6,27.9,24,0.9,28.708333333333332,5,2012,Summer
2012-05-12,32.395833333333336,38.6,27.0,24,0.2,33.041666666666664,5,2012,Summer
2012-05-13,31.75,37.6,25.1,24,0.0,35.583333333333336,5,2012,Summer
2012-05-14,31.662499999999998,37.4,24.7,24,0.0,27.75,5,2012,Summer
2012-05-15,31.983333333333334,39.2,23.8,24,0.0,26.958333333333332,5,2012,Summer
2012-05-16,32.84166666666667,41.1,23.4,24,0.0,27.291666666666668,5,2012,Summer
2012-05-17,33.262499999999996,40.0,26.3,24,0.0,24.708333333333332,5,2012,Summer
2012-05-18,33.141666666666666,39.8,25.6,24,0.0,26.25,5,2012,Summer
2012-05-19,33.166666666666664,39.7,26.1,24,0.0,25.25,5,2012,Summer
2012-05-20,33.34583333333333,40.0,25.6,24,0.0,23.833333333333332,5,2012,Summer
2012-05-21,34.18333333333333,41.1,27.6,24,0.2,25.0,5,2012,Summer
2012-05-22,33.666666666666664,40.8,24.8,24,0.0,25.541666666666668,5,2012,Summer
2012-05-23,33.61666666666667,41.4,24.9,24,0.0,18.625,5,2012,Summer
2012-05-24,34.708333333333336,42.4,26.1,24,0.0,17.5,5,2012,Summer
2012-05-25,35.57083333333333,43.4,26.6,24,0.0,20.541666666666668,5,2012,Summer
2012-05-26,35.53333333333333,42.1,28.4,24,0.0,22.541666666666668,5,2012,Summer
2012-05-27,35.137499999999996,41.5,28.2,24,0.0,19.791666666666668,5,2012,Summer
2012-05-28,34.612500000000004,41.6,26.7,24,0.0,19.041666666666668,5,2012,Summer
2012-05-29,35.324999999999996,43.0,26.4,24,0.0,18.833333333333332,5,2012,Summer
2012-05-30,36.7125,44.7,27.2,24,0.0,16.583333333333332,5,2012,Summer
2012-05-31,37.88333333333333,44.6,31.2,24,0.0,20.5,5,2012,Summer
2012-06-01,38.11666666666667,44.1,33.2,24,0.0,21.833333333333332,6,2012,Monsoon
2012-06-02,37.49583333333333,44.0,31.2,24,0.0,24.416666666666668,6,2012,Monsoon
2012-06-03,36.612500000000004,41.4,31.9,24,0.0,25.958333333333332,6,2012,Monsoon
2012-06-04,36.041666666666664,41.7,31.7,24,0.0,29.25,6,2012,Monsoon
2012-06-05,35.108333333333334,41.2,29.9,24,0.5,33.75,6,2012,Monsoon
2012-06-06,33.6625,39.0,27.7,24,0.1,39.791666666666664,6,2012,Monsoon
2012-06-07,32.84166666666667,39.2,27.5,24,1.2,37.583333333333336,6,2012,Monsoon
2012-06-08,32.6875,38.1,26.3,24,0.0,38.041666666666664,6,2012,Monsoon
2012-06-09,34.00833333333333,39.3,27.6,24,0.0,33.833333333333336,6,2012,Monsoon
2012-06-10,34.895833333333336,40.8,28.6,24,0.0,29.625,6,2012,Monsoon
2012-06-11,34.96666666666667,41.0,28.6,24,0.0,28.625,6,2012,Monsoon
2012-06-12,35.17916666666667,41.0,28.1,24,0.0,29.583333333333332,6,2012,Monsoon
2012-06-13,36.34166666666667,42.5,29.4,24,0.0,23.875,6,2012,Monsoon
2012-06-14,36.625,42.6,29.7,24,0.0,23.25,6,2012,Monsoon
2012-06-15,36.94166666666667,42.7,30.4,24,0.0,26.25,6,2012,Monsoon
2012-06-16,37.21666666666667,42.7,32.1,24,0.0,30.25,6,2012,Monsoon
2012-06-17,37.30833333333333,43.2,32.9,24,0.0,29.958333333333332,6,2012,Monsoon
2012-06-18,35.90416666666667,40.4,32.3,24,0.0,35.416666666666664,6,2012,Monsoon
2012-06-19,35.300000000000004,41.0,29.5,24,0.0,41.416666666666664,6,2012,Monsoon
2012-06-20,36.0625,42.8,28.8,24,0.0,28.208333333333332,6,2012,Monsoon
2012-06-21,36.90416666666667,42.2,32.6,24,0.0,30.0,6,2012,Monsoon
2012-06-22,37.02916666666667,41.8,32.8,24,0.0,32.0,6,2012,Monsoon
2012-06-23,36.516666666666666,41.4,30.6,24,0.0,39.541666666666664,6,2012,Monsoon
2012-06-24,36.699999999999996,41.0,32.7,24,0.1,34.291666666666664,6,2012,Monsoon
2012-06-25,36.479166666666664,41.1,31.8,24,0.0,33.041666666666664,6,2012,Monsoon
2012-06-26,35.9375,40.2,32.4,24,0.0,33.375,6,2012,Monsoon
2012-06-27,35.324999999999996,39.8,31.4,24,0.2,37.125,6,2012,Monsoon
2012-06-28,35.8375,41.5,30.3,24,0.0,35.083333333333336,6,2012,Monsoon
2012-06-29,35.94583333333333,41.1,30.3,24,0.0,36.041666666666664,6,2012,Monsoon
2012-06-30,36.670833333333334,41.8,30.8,24,0.0,33.583333333333336,6,2012,Monsoon
2012-07-01,36.80833333333333,42.0,30.6,24,0.0,30.583333333333332,7,2012,Monsoon
2012-07-02,35.9625,40.0,31.5,24,0.0,45.25,7,2012,Monsoon
2012-07-03,34.4,38.5,30.6,24,0.0,53.958333333333336,7,2012,Monsoon
2012-07-04,33.00833333333333,39.2,28.8,24,0.3,61.5,7,2012,Monsoon
2012-07-05,33.295833333333334,39.4,27.8,24,0.8,59.125,7,2012,Monsoon
2012-07-06,32.6875,38.5,28.4,24,6.4,62.625,7,2012,Monsoon
2012-07-07,28.816666666666666,32.9,26.2,24,4.4,77.75,7,2012,Monsoon
2012-07-08,28.775000000000002,32.4,26.3,24,6.1,75.08333333333333,7,2012,Monsoon
2012-07-09,28.795833333333334,31.7,26.6,24,0.5,77.0,7,2012,Monsoon
2012-07-10,29.858333333333334,34.4,27.5,24,3.3,73.0,7,2012,Monsoon
2012-07-11,28.90833333333333,31.6,26.2,24,4.3,74.54166666666667,7,2012,Monsoon
2012-07-12,27.954166666666666,31.2,26.1,24,13.6,82.95833333333333,7,2012,Monsoon
2012-07-13,28.537499999999998,32.7,25.7,24,8.4,81.08333333333333,7,2012,Monsoon
2012-07-14,28.008333333333336,31.5,25.6,24,10.7,82.95833333333333,7,2012,Monsoon
2012-07-15,30.099999999999998,34.3,26.3,24,0.8,71.95833333333333,7,2012,Monsoon
2012-07-16,30.65833333333333,33.9,27.8,24,0.0,65.875,7,2012,Monsoon
2012-07-17,31.679166666666664,36.0,27.9,24,0.0,64.79166666666667,7,2012,Monsoon
2012-07-18,32.858333333333334,37.6,28.2,24,0.0,57.125,7,2012,Monsoon
2012-07-19,33.550000000000004,38.4,29.9,24,0.3,51.166666666666664,7,2012,Monsoon
2012-07-20,32.333333333333336,36.2,29.6,24,1.0,57.708333333333336,7,2012,Monsoon
2012-07-21,29.616666666666664,32.3,27.2,24,1.2,71.95833333333333,7,2012,Monsoon
2012-07-22,31.091666666666665,34.7,27.0,24,0.0,67.0,7,2012,Monsoon
2012-07-23,32.266666666666666,35.9,28.6,24,0.6000000000000001,67.0,7,2012,Monsoon
2012-07-24,29.9375,36.0,26.1,24,12.8,79.375,7,2012,Monsoon
2012-07-25,29.575,33.9,27.0,24,5.9,78.66666666666667,7,2012,Monsoon
2012-07-26,27.099999999999998,28.2,25.9,24,16.4,88.625,7,2012,Monsoon
2012-07-27,29.733333333333334,33.2,27.0,24,1.8,79.66666666666667,7,2012,Monsoon
2012-07-28,28.820833333333336,32.1,26.8,24,1.9,85.25,7,2012,Monsoon
2012-07-29,28.65416666666667,32.9,26.5,24,10.1,85.54166666666667,7,2012,Monsoon
2012-07-30,27.233333333333334,29.5,25.6,24,13.1,90.66666666666667,7,2012,Monsoon
2012-07-31,26.90833333333333,28.2,26.2,24,10.4,92.625,7,2012,Monsoon
2012-08-01,27.354166666666668,28.9,25.6,24,16.9,89.83333333333333,8,2012,Monsoon
2012-08-02,29.77916666666667,34.5,26.1,24,2.1,77.125,8,2012,Monsoon
2012-08-03,30.099999999999998,33.7,27.6,24,0.1,68.29166666666667,8,2012,Monsoon
2012-08-04,27.5625,31.1,25.1,24,0.8999999999999999,81.20833333333333,8,2012,Monsoon
2012-08-05,27.9375,31.6,24.8,24,1.6,81.16666666666667,8,2012,Monsoon
2012-08-06,28.791666666666668,31.5,25.7,24,2.1,81.0,8,2012,Monsoon
2012-08-07,29.041666666666668,32.3,26.2,24,4.5,81.625,8,2012,Monsoon
2012-08-08,28.058333333333334,30.7,26.3,24,6.3,86.91666666666667,8,2012,Monsoon
2012-08-09,27.316666666666666,31.3,25.5,24,13.0,88.20833333333333,8,2012,Monsoon
2012-08-10,26.929166666666664,30.5,25.0,24,13.8,89.625,8,2012,Monsoon
2012-08-11,27.84166666666667,30.9,25.8,24,9.2,85.25,8,2012,Monsoon
2012-08-12,28.479166666666668,31.6,25.9,24,1.4,80.04166666666667,8,2012,Monsoon
2012-08-13,27.433333333333334,30.5,25.7,24,8.2,82.54166666666667,8,2012,Monsoon
2012-08-14,27.025000000000002,29.8,24.9,24,1.6,84.70833333333333,8,2012,Monsoon
2012-08-15,27.391666666666666,31.4,25.2,24,3.5,84.20833333333333,8,2012,Monsoon
2012-08-16,27.579166666666666,30.5,24.4,24,0.30000000000000004,79.75,8,2012,Monsoon
2012-08-17,28.59166666666667,32.1,25.0,24,0.8,78.5,8,2012,Monsoon
2012-08-18,29.3625,32.7,26.9,24,3.0,80.45833333333333,8,2012,Monsoon
2012-08-19,27.304166666666664,29.1,25.5,24,15.1,90.125,8,2012,Monsoon
2012-08-20,27.483333333333334,31.1,26.3,24,23.9,90.125,8,2012,Monsoon
2012-08-21,26.504166666666666,27.5,25.7,24,21.1,93.75,8,2012,Monsoon
2012-08-22,25.491666666666664,26.8,24.6,24,26.5,93.875,8,2012,Monsoon
2012-08-23,25.741666666666664,28.5,24.2,24,17.3,92.625,8,2012,Monsoon
2012-08-24,26.729166666666668,29.6,24.7,24,11.1,87.875,8,2012,Monsoon
2012-08-25,26.2375,30.1,24.6,24,23.299999999999997,91.29166666666667,8,2012,Monsoon
2012-08-26,26.1875,29.8,24.6,24,16.4,90.66666666666667,8,2012,Monsoon
2012-08-27,26.383333333333336,29.7,24.5,24,12.0,89.79166666666667,8,2012,Monsoon
2012-08-28,26.849999999999998,31.4,24.4,24,18.3,88.5,8,2012,Monsoon
2012-08-29,26.891666666666666,29.8,25.1,24,11.2,90.45833333333333,8,2012,Monsoon
2012-08-30,26.895833333333332,30.3,25.1,24,8.5,89.91666666666667,8,2012,Monsoon
2012-08-31,27.625,32.0,25.0,24,0.6,86.54166666666667,8,2012,Monsoon
2012-09-01,28.7375,32.4,25.2,24,1.7,84.25,9,2012,Monsoon
2012-09-02,27.883333333333336,31.5,25.1,24,9.7,86.79166666666667,9,2012,Monsoon
2012-09-03,27.34583333333333,30.6,25.3,24,3.4,85.79166666666667,9,2012,Monsoon
2012-09-04,27.333333333333332,30.2,25.0,24,11.0,86.16666666666667,9,2012,Monsoon
2012-09-05,28.4375,31.5,26.0,24,0.0,74.95833333333333,9,2012,Monsoon
2012-09-06,27.97083333333333,30.5,25.9,24,0.5,74.625,9,2012,Monsoon
2012-09-07,26.566666666666666,28.7,25.4,24,8.5,82.16666666666667,9,2012,Monsoon
2012-09-08,26.566666666666666,29.1,24.4,24,0.2,86.33333333333333,9,2012,Monsoon
2012-09-09,28.474999999999998,32.7,24.7,24,0.2,82.375,9,2012,Monsoon
2012-09-10,28.962500000000002,32.6,25.7,24,1.3,82.66666666666667,9,2012,Monsoon
2012-09-11,28.6875,32.1,26.1,24,0.5,83.95833333333333,9,2012,Monsoon
2012-09-12,28.675,32.0,25.7,24,2.2,82.33333333333333,9,2012,Monsoon
2012-09-13,27.929166666666664,32.6,25.3,24,8.7,86.58333333333333,9,2012,Monsoon
2012-09-14,27.129166666666666,30.1,25.5,24,7.9,87.66666666666667,9,2012,Monsoon
2012-09-15,26.733333333333334,31.7,24.2,24,10.6,88.25,9,2012,Monsoon
2012-09-16,27.037499999999998,30.6,24.5,24,3.0,85.70833333333333,9,2012,Monsoon
2012-09-17,26.662499999999998,30.4,24.2,24,6.3,86.04166666666667,9,2012,Monsoon
2012-09-18,26.229166666666668,29.6,24.1,24,7.800000000000001,86.79166666666667,9,2012,Monsoon
2012-09-19,26.21666666666667,30.1,23.4,24,4.8,83.66666666666667,9,2012,Monsoon
2012-09-20,26.962500000000002,31.3,23.5,24,0.0,78.29166666666667,9,2012,Monsoon
2012-09-21,26.704166666666666,31.8,22.4,24,0.0,75.95833333333333,9,2012,Monsoon
2012-09-22,26.5625,32.5,21.3,24,0.0,74.58333333333333,9,2012,Monsoon
2012-09-23,26.0,32.0,20.6,24,0.0,72.41666666666667,9,2012,Monsoon
2012-09-24,25.741666666666664,31.9,19.9,24,0.0,73.5,9,2012,Monsoon
2012-09-25,25.758333333333336,31.8,20.5,24,0.0,72.45833333333333,9,2012,Monsoon
2012-09-26,25.78333333333333,31.7,20.7,24,0.0,71.83333333333333,9,2012,Monsoon
2012-09-27,26.333333333333332,31.8,20.8,24,0.0,70.875,9,2012,Monsoon
2012-09-28,26.0625,31.6,20.8,24,0.0,73.625,9,2012,Monsoon
2012-09-29,26.241666666666664,31.9,20.3,24,0.0,74.66666666666667,9,2012,Monsoon
2012-09-30,26.558333333333334,32.4,21.4,24,0.0,70.66666666666667,9,2012,Monsoon
2012-10-01,26.0125,32.3,19.5,24,0.0,67.875,10,2012,Post-monsoon
2012-10-02,26.625,32.5,20.8,24,0.0,69.33333333333333,10,2012,Post-monsoon
2012-10-03,26.875,32.4,22.1,24,0.0,68.95833333333333,10,2012,Post-monsoon
2012-10-04,26.3875,33.6,19.6,24,0.0,66.75,10,2012,Post-monsoon
2012-10-05,26.320833333333336,34.0,19.3,24,0.0,62.708333333333336,10,2012,Post-monsoon
2012-10-06,26.2,33.7,18.6,24,0.0,58.833333333333336,10,2012,Post-monsoon
2012-10-07,25.75,32.6,18.3,24,0.0,59.833333333333336,10,2012,Post-monsoon
2012-10-08,25.316666666666666,32.2,18.2,24,0.0,58.583333333333336,10,2012,Post-monsoon
2012-10-09,25.191666666666666,32.2,17.8,24,0.0,59.875,10,2012,Post-monsoon
2012-10-10,25.21666666666667,31.6,18.7,24,0.0,61.25,10,2012,Post-monsoon
2012-10-11,25.0625,31.9,19.1,24,0.0,59.291666666666664,10,2012,Post-monsoon
2012-10-12,25.133333333333336,32.8,17.8,24,0.0,56.833333333333336,10,2012,Post-monsoon
2012-10-13,25.90416666666667,32.4,20.6,24,0.0,59.0,10,2012,Post-monsoon
2012-10-14,25.96666666666667,33.4,19.3,24,1.0,53.75,10,2012,Post-monsoon
2012-10-15,25.104166666666668,33.6,18.8,24,0.4,54.458333333333336,10,2012,Post-monsoon
2012-10-16,24.47083333333333,31.3,17.9,24,0.0,61.708333333333336,10,2012,Post-monsoon
2012-10-17,24.224999999999998,30.3,18.2,24,0.1,63.333333333333336,10,2012,Post-monsoon
2012-10-18,24.379166666666666,30.8,18.4,24,0.0,61.625,10,2012,Post-monsoon
2012-10-19,24.245833333333334,30.7,18.3,24,0.0,59.583333333333336,10,2012,Post-monsoon
2012-10-20,24.129166666666666,30.2,17.7,24,0.5,62.458333333333336,10,2012,Post-monsoon
2012-10-21,24.125,30.1,18.1,24,0.0,60.416666666666664,10,2012,Post-monsoon
2012-10-22,23.579166666666666,30.3,16.6,24,0.0,57.0,10,2012,Post-monsoon
2012-10-23,23.287499999999998,30.3,17.8,24,6.2,60.416666666666664,10,2012,Post-monsoon
2012-10-24,21.0125,26.4,16.6,24,0.3,68.625,10,2012,Post-monsoon
2012-10-25,20.587500000000002,26.6,14.9,24,0.0,64.75,10,2012,Post-monsoon
2012-10-26,20.875,27.6,14.5,24,0.0,61.458333333333336,10,2012,Post-monsoon
2012-10-27,21.037499999999998,27.5,15.4,24,0.0,60.791666666666664,10,2012,Post-monsoon
2012-10-28,21.370833333333334,28.0,14.2,24,0.0,63.083333333333336,10,2012,Post-monsoon
2012-10-29,21.849999999999998,28.7,14.9,24,0.0,65.04166666666667,10,2012,Post-monsoon
2012-10-30,22.28333333333333,29.0,16.1,24,0.0,69.125,10,2012,Post-monsoon
2012-10-31,22.270833333333332,29.1,15.9,24,0.0,67.5,10,2012,Post-monsoon
2012-11-01,22.004166666666666,28.6,15.4,24,0.0,67.125,11,2012,Post-monsoon
2012-11-02,21.633333333333336,28.0,14.8,24,0.0,66.0,11,2012,Post-monsoon
2012-11-03,21.65833333333333,27.7,15.0,24,0.0,62.75,11,2012,Post-monsoon
2012-11-04,21.570833333333336,27.6,14.3,24,0.0,64.33333333333333,11,2012,Post-monsoon
2012-11-05,21.391666666666666,27.3,14.7,24,0.0,66.75,11,2012,Post-monsoon
2012-11-06,21.208333333333332,28.0,14.4,24,0.0,66.04166666666667,11,2012,Post-monsoon
2012-11-07,21.558333333333334,28.4,14.9,24,0.0,61.041666666666664,11,2012,Post-monsoon
2012-11-08,20.775000000000002,27.6,14.6,24,0.0,61.458333333333336,11,2012,Post-monsoon
2012-11-09,20.775000000000002,28.4,13.6,24,0.0,60.5,11,2012,Post-monsoon
2012-11-10,20.791666666666668,27.1,14.5,24,0.0,65.70833333333333,11,2012,Post-monsoon
2012-11-11,20.5,27.5,14.6,24,0.0,65.20833333333333,11,2012,Post-monsoon
2012-11-12,20.466666666666665,27.1,14.1,24,0.0,70.16666666666667,11,2012,Post-monsoon
2012-11-13,20.2,26.5,14.6,24,0.0,68.16666666666667,11,2012,Post-monsoon
2012-11-14,19.599999999999998,26.3,13.6,24,0.0,65.625,11,2012,Post-monsoon
2012-11-15,19.504166666666666,26.3,13.2,24,0.0,68.45833333333333,11,2012,Post-monsoon
2012-11-16,19.3125,25.6,13.2,24,0.0,70.58333333333333,11,2012,Post-monsoon
2012-11-17,18.825,26.1,12.3,24,0.0,66.58333333333333,11,2012,Post-monsoon
2012-11-18,19.175,26.7,12.2,24,0.0,65.08333333333333,11,2012,Post-monsoon
2012-11-19,19.7375,26.9,14.1,24,0.0,57.791666666666664,11,2012,Post-monsoon
2012-11-20,18.558333333333334,25.8,12.5,24,0.0,56.916666666666664,11,2012,Post-monsoon
2012-11-21,17.279166666666665,24.7,10.2,24,0.0,57.583333333333336,11,2012,Post-monsoon
2012-11-22,17.066666666666666,24.8,9.8,24,0.0,59.416666666666664,11,2012,Post-monsoon
2012-11-23,17.041666666666668,24.7,9.9,24,0.0,60.291666666666664,11,2012,Post-monsoon
2012-11-24,18.370833333333334,25.2,10.9,24,0.0,60.541666666666664,11,2012,Post-monsoon
2012-11-25,18.037499999999998,25.3,11.2,24,0.0,58.666666666666664,11,2012,Post-monsoon
2012-11-26,16.979166666666668,23.9,11.0,24,0.0,57.375,11,2012,Post-monsoon
2012-11-27,16.75,24.1,10.5,24,0.0,52.666666666666664,11,2012,Post-monsoon
2012-11-28,16.666666666666668,23.8,9.7,24,0.0,54.666666666666664,11,2012,Post-monsoon
2012-11-29,18.441666666666666,26.0,13.1,24,0.9,58.833333333333336,11,2012,Post-monsoon
2012-11-30,16.120833333333334,22.4,10.1,24,0.0,73.41666666666667,11,2012,Post-monsoon
2012-12-01,15.220833333333333,21.8,9.9,24,0.0,61.458333333333336,12,2012,Winter
2012-12-02,14.395833333333334,21.8,7.6,24,0.0,60.875,12,2012,Winter
2012-12-03,14.554166666666667,22.6,7.6,24,0.0,61.958333333333336,12,2012,Winter
2012-12-04,15.141666666666666,23.1,8.4,24,0.0,61.5,12,2012,Winter
2012-12-05,15.891666666666666,24.1,10.2,24,0.0,56.125,12,2012,Winter
2012-12-06,16.5,24.7,9.4,24,0.0,50.916666666666664,12,2012,Winter
2012-12-07,17.020833333333332,24.3,11.5,24,0.0,47.583333333333336,12,2012,Winter
2012-12-08,17.304166666666667,25.3,10.9,24,0.0,53.875,12,2012,Winter
2012-12-09,17.391666666666666,25.3,10.2,24,0.0,60.375,12,2012,Winter
2012-12-10,17.633333333333333,24.8,11.3,24,0.0,65.41666666666667,12,2012,Winter
2012-12-11,15.945833333333333,22.0,12.0,24,1.6,78.125,12,2012,Winter
2012-12-12,15.195833333333333,21.5,8.7,24,0.0,75.41666666666667,12,2012,Winter
2012-12-13,16.954166666666666,23.2,10.7,24,0.7,61.916666666666664,12,2012,Winter
2012-12-14,16.625,21.6,13.5,24,9.1,68.54166666666667,12,2012,Winter
2012-12-15,16.579166666666666,22.1,11.1,24,0.0,69.625,12,2012,Winter
2012-12-16,16.629166666666666,21.9,13.1,24,0.4,78.45833333333333,12,2012,Winter
2012-12-17,15.525,21.8,11.0,24,0.0,70.54166666666667,12,2012,Winter
2012-12-18,16.041666666666668,23.1,10.6,24,0.0,57.375,12,2012,Winter
2012-12-19,15.262500000000001,21.6,11.0,24,0.0,56.291666666666664,12,2012,Winter
2012-12-20,14.408333333333333,21.4,9.7,24,0.0,52.083333333333336,12,2012,Winter
2012-12-21,13.391666666666666,21.1,7.3,24,0.0,63.5,12,2012,Winter
2012-12-22,13.3125,20.9,6.7,24,0.0,70.0,12,2012,Winter
2012-12-23,12.733333333333334,19.6,6.4,24,0.0,75.41666666666667,12,2012,Winter
2012-12-24,13.083333333333334,19.5,7.9,24,0.0,78.20833333333333,12,2012,Winter
2012-12-25,12.833333333333334,19.4,7.2,24,0.0,76.95833333333333,12,2012,Winter
2012-12-26,12.241666666666667,18.4,7.4,24,0.0,83.33333333333333,12,2012,Winter
2012-12-27,11.933333333333332,18.2,6.6,24,0.0,84.45833333333333,12,2012,Winter
2012-12-28,13.016666666666666,20.2,7.1,24,0.0,75.5,12,2012,Winter
2012-12-29,14.012500000000001,20.2,7.9,24,0.0,75.125,12,2012,Winter
2012-12-30,12.116666666666667,17.6,7.6,24,0.0,77.70833333333333,12,2012,Winter
2012-12-31,10.241666666666667,16.0,5.1,24,0.0,74.875,12,2012,Winter
2013-01-01,9.695833333333333,15.5,4.5,24,0.0,82.20833333333333,1,2013,Winter
2013-01-02,8.3375,14.6,4.1,24,0.0,86.75,1,2013,Winter
2013-01-03,8.879166666666666,15.2,3.6,24,0.0,79.625,1,2013,Winter
2013-01-04,8.354166666666666,14.8,3.0,24,0.0,79.16666666666667,1,2013,Winter
2013-01-05,7.4750000000000005,13.2,2.9,24,0.0,84.54166666666667,1,2013,Winter
2013-01-06,7.945833333333333,14.8,2.2,24,0.0,77.33333333333333,1,2013,Winter
2013-01-07,9.025,15.9,3.7,24,0.0,74.54166666666667,1,2013,Winter
2013-01-08,9.924999999999999,16.8,4.8,24,0.0,68.83333333333333,1,2013,Winter
2013-01-09,11.658333333333333,19.0,5.9,24,0.0,65.54166666666667,1,2013,Winter
2013-01-10,13.108333333333334,20.0,8.0,24,0.0,63.125,1,2013,Winter
2013-01-11,14.275,21.3,8.8,24,0.0,57.583333333333336,1,2013,Winter
2013-01-12,15.545833333333334,22.7,9.2,24,0.0,70.66666666666667,1,2013,Winter
2013-01-13,16.2375,22.8,10.2,24,0.0,77.20833333333333,1,2013,Winter
2013-01-14,15.183333333333335,20.8,11.0,24,0.0,77.29166666666667,1,2013,Winter
2013-01-15,13.941666666666668,21.0,6.6,24,0.0,75.58333333333333,1,2013,Winter
2013-01-16,16.287499999999998,22.8,10.1,24,0.0,72.875,1,2013,Winter
2013-01-17,16.85833333333333,22.4,14.2,24,23.6,83.58333333333333,1,2013,Winter
2013-01-18,14.229166666666666,16.5,10.8,24,38.7,89.41666666666667,1,2013,Winter
2013-01-19,11.295833333333334,16.8,6.9,24,0.0,80.875,1,2013,Winter
2013-01-20,11.200000000000001,17.3,6.2,24,0.0,76.41666666666667,1,2013,Winter
2013-01-21,11.154166666666667,17.7,5.8,24,0.0,71.54166666666667,1,2013,Winter
2013-01-22,10.9625,17.6,5.1,24,0.0,74.41666666666667,1,2013,Winter
2013-01-23,11.275,17.7,5.0,24,0.0,77.16666666666667,1,2013,Winter
2013-01-24,11.575000000000001,18.4,5.6,24,0.0,74.70833333333333,1,2013,Winter
2013-01-25,11.933333333333335,19.1,5.9,24,0.0,72.66666666666667,1,2013,Winter
2013-01-26,12.054166666666667,19.2,5.9,24,0.0,69.83333333333333,1,2013,Winter
2013-01-27,12.512500000000001,20.1,6.1,24,0.0,69.875,1,2013,Winter
2013-01-28,13.104166666666666,19.5,7.7,24,0.0,73.79166666666667,1,2013,Winter
2013-01-29,13.520833333333334,21.5,6.8,24,0.0,76.875,1,2013,Winter
2013-01-30,13.379166666666668,20.6,6.6,24,0.0,78.29166666666667,1,2013,Winter
2013-01-31,13.025,20.0,6.5,24,0.0,82.20833333333333,1,2013,Winter
2013-02-01,14.299999999999999,21.2,7.1,24,0.0,83.375,2,2013,Winter
2013-02-02,15.841666666666667,21.9,11.7,24,0.0,79.375,2,2013,Winter
2013-02-03,16.333333333333332,23.0,9.2,24,0.3,73.79166666666667,2,2013,Winter
2013-02-04,17.433333333333334,21.4,14.8,24,7.5,80.79166666666667,2,2013,Winter
2013-02-05,15.700000000000001,17.1,14.4,24,17.0,88.66666666666667,2,2013,Winter
2013-02-06,15.504166666666668,19.6,10.1,24,13.5,83.375,2,2013,Winter
2013-02-07,12.733333333333334,18.5,7.8,24,0.0,74.875,2,2013,Winter
2013-02-08,13.450000000000001,19.9,8.3,24,0.0,77.16666666666667,2,2013,Winter
2013-02-09,13.470833333333333,20.1,8.0,24,0.0,77.29166666666667,2,2013,Winter
2013-02-10,13.420833333333334,20.4,6.5,24,0.0,78.375,2,2013,Winter
2013-02-11,14.058333333333332,21.3,6.9,24,0.0,77.83333333333333,2,2013,Winter
2013-02-12,14.541666666666666,21.8,8.6,24,0.0,76.625,2,2013,Winter
2013-02-13,15.341666666666667,22.8,8.8,24,0.0,76.79166666666667,2,2013,Winter
2013-02-14,16.125,24.2,8.5,24,0.0,73.375,2,2013,Winter
2013-02-15,15.308333333333332,20.4,10.5,24,12.9,81.70833333333333,2,2013,Winter
2013-02-16,14.275,16.5,12.9,24,31.1,90.41666666666667,2,2013,Winter
2013-02-17,14.549999999999999,17.8,12.1,24,0.39999999999999997,84.70833333333333,2,2013,Winter
2013-02-18,14.179166666666667,19.5,8.9,24,0.0,80.70833333333333,2,2013,Winter
2013-02-19,14.225,19.0,9.1,24,0.0,82.75,2,2013,Winter
2013-02-20,15.291666666666666,21.4,9.1,24,0.0,79.79166666666667,2,2013,Winter
2013-02-21,15.970833333333333,22.4,8.9,24,4.0,80.95833333333333,2,2013,Winter
2013-02-22,18.120833333333334,23.8,13.9,24,2.0,76.08333333333333,2,2013,Winter
2013-02-23,16.704166666666666,21.5,14.1,24,21.4,85.5,2,2013,Winter
2013-02-24,15.545833333333334,21.1,10.9,24,0.3,84.29166666666667,2,2013,Winter
2013-02-25,16.0,22.0,10.2,24,0.0,79.91666666666667,2,2013,Winter
2013-02-26,16.462500000000002,23.2,10.1,24,0.0,74.95833333333333,2,2013,Winter
2013-02-27,18.483333333333334,24.5,14.2,24,0.1,71.83333333333333,2,2013,Winter
2013-02-28,17.191666666666666,23.8,10.4,24,0.0,69.91666666666667,2,2013,Winter
2013-03-01,16.474999999999998,22.5,11.2,24,0.0,64.29166666666667,3,2013,Summer
2013-03-02,16.908333333333335,23.9,10.9,24,0.0,64.83333333333333,3,2013,Summer
2013-03-03,17.808333333333334,25.2,11.2,24,0.0,69.20833333333333,3,2013,Summer
2013-03-04,18.0625,26.0,10.4,24,0.0,72.66666666666667,3,2013,Summer
2013-03-05,18.845833333333335,26.6,10.8,24,0.0,74.58333333333333,3,2013,Summer
2013-03-06,19.462500000000002,26.7,12.4,24,0.0,75.375,3,2013,Summer
2013-03-07,20.037499999999998,27.5,13.1,24,0.0,71.625,3,2013,Summer
2013-03-08,20.008333333333333,27.9,12.0,24,0.0,71.41666666666667,3,2013,Summer
2013-03-09,21.825,29.3,15.1,24,0.0,63.166666666666664,3,2013,Summer
2013-03-10,21.587500000000002,28.8,14.5,24,0.0,56.166666666666664,3,2013,Summer
2013-03-11,22.0125,29.1,14.3,24,0.0,67.25,3,2013,Summer
2013-03-12,21.758333333333336,29.2,15.2,24,0.0,70.5,3,2013,Summer
2013-03-13,21.754166666666666,29.3,13.4,24,0.2,67.25,3,2013,Summer
2013-03-14,19.224999999999998,24.0,15.2,24,2.6999999999999997,79.375,3,2013,Summer
2013-03-15,19.829166666666666,27.5,12.2,24,0.0,67.58333333333333,3,2013,Summer
2013-03-16,20.070833333333333,27.0,12.6,24,0.0,66.54166666666667,3,2013,Summer
2013-03-17,20.879166666666666,27.8,13.8,24,0.0,65.95833333333333,3,2013,Summer
2013-03-18,21.683333333333334,28.4,15.4,24,0.0,61.291666666666664,3,2013,Summer
2013-03-19,23.204166666666666,29.6,17.0,24,0.0,66.0,3,2013,Summer
2013-03-20,23.6375,30.9,16.7,24,0.6000000000000001,64.875,3,2013,Summer
2013-03-21,23.929166666666664,31.7,17.0,24,0.0,63.166666666666664,3,2013,Summer
2013-03-22,23.516666666666666,30.3,16.9,24,0.0,54.458333333333336,3,2013,Summer
2013-03-23,25.108333333333334,32.5,17.5,24,1.5,49.833333333333336,3,2013,Summer
2013-03-24,25.025000000000002,31.5,19.2,24,0.1,48.541666666666664,3,2013,Summer
2013-03-25,22.087500000000002,28.4,15.5,24,0.0,57.333333333333336,3,2013,Summer
2013-03-26,22.025000000000002,28.4,15.7,24,0.0,53.0,3,2013,Summer
2013-03-27,22.179166666666664,28.1,15.1,24,0.0,55.166666666666664,3,2013,Summer
2013-03-28,23.28333333333333,30.7,15.3,24,0.30000000000000004,56.875,3,2013,Summer
2013-03-29,22.020833333333332,27.4,18.1,24,8.0,66.70833333333333,3,2013,Summer
2013-03-30,22.016666666666666,27.2,16.4,24,0.0,68.5,3,2013,Summer
2013-03-31,23.2,29.4,16.6,24,0.0,62.5,3,2013,Summer
2013-04-01,24.208333333333332,31.6,16.6,24,0.0,56.666666666666664,4,2013,Summer
2013-04-02,24.375,32.4,17.0,24,4.9,55.25,4,2013,Summer
2013-04-03,24.083333333333332,30.3,18.7,24,1.8,53.833333333333336,4,2013,Summer
2013-04-04,23.891666666666666,30.8,17.4,24,0.0,49.458333333333336,4,2013,Summer
2013-04-05,24.020833333333332,31.2,16.9,24,0.0,39.208333333333336,4,2013,Summer
2013-04-06,24.795833333333334,32.8,16.8,24,0.0,38.333333333333336,4,2013,Summer
2013-04-07,26.575,35.0,18.4,24,0.0,35.958333333333336,4,2013,Summer
2013-04-08,27.32083333333333,35.5,19.1,24,0.0,41.416666666666664,4,2013,Summer
2013-04-09,27.59166666666667,35.5,19.9,24,0.9,42.041666666666664,4,2013,Summer
2013-04-10,27.724999999999998,35.1,20.6,24,0.3,37.583333333333336,4,2013,Summer
2013-04-11,26.974999999999998,33.6,20.3,24,0.2,38.666666666666664,4,2013,Summer
2013-04-12,27.650000000000002,34.6,19.7,24,0.0,38.083333333333336,4,2013,Summer
2013-04-13,28.270833333333332,35.0,19.9,24,0.0,38.083333333333336,4,2013,Summer
2013-04-14,28.02916666666667,35.4,21.1,24,1.2,36.208333333333336,4,2013,Summer
2013-04-15,27.758333333333336,35.0,19.3,24,0.0,42.625,4,2013,Summer
2013-04-16,29.395833333333332,38.8,20.1,24,0.0,35.5,4,2013,Summer
2013-04-17,28.391666666666666,35.9,19.9,24,0.0,30.291666666666668,4,2013,Summer
2013-04-18,28.72083333333333,36.5,19.7,24,0.0,27.0,4,2013,Summer
2013-04-19,29.09166666666667,36.6,21.5,24,0.0,27.875,4,2013,Summer
2013-04-20,28.78333333333333,36.7,19.2,24,0.0,26.791666666666668,4,2013,Summer
2013-04-21,26.912499999999998,32.5,21.8,24,0.30000000000000004,43.541666666666664,4,2013,Summer
2013-04-22,25.520833333333332,30.9,20.5,24,2.7,56.416666666666664,4,2013,Summer
2013-04-23,27.087500000000002,33.1,20.1,24,0.0,48.416666666666664,4,2013,Summer
2013-04-24,28.837500000000002,35.3,22.1,24,0.0,45.958333333333336,4,2013,Summer
2013-04-25,29.954166666666666,36.5,22.2,24,0.0,40.791666666666664,4,2013,Summer
2013-04-26,29.245833333333334,34.8,23.9,24,0.3,41.625,4,2013,Summer
2013-04-27,29.5125,36.7,22.2,24,0.0,37.125,4,2013,Summer
2013-04-28,29.083333333333332,35.4,22.8,24,0.0,35.458333333333336,4,2013,Summer
2013-04-29,30.429166666666664,37.1,24.0,24,0.0,31.416666666666668,4,2013,Summer
2013-04-30,31.516666666666666,38.0,24.6,24,0.0,32.541666666666664,4,2013,Summer
2013-05-01,30.412499999999998,38.0,22.8,24,0.0,24.0,5,2013,Summer
2013-05-02,29.2,36.3,21.4,24,0.0,18.0,5,2013,Summer
2013-05-03,29.829166666666666,37.2,21.4,24,0.0,22.083333333333332,5,2013,Summer
2013-05-04,31.40416666666667,39.9,20.7,24,0.0,22.333333333333332,5,2013,Summer
2013-05-05,32.5,40.3,24.9,24,0.0,21.416666666666668,5,2013,Summer
2013-05-06,32.62083333333333,39.7,24.8,24,0.3,25.916666666666668,5,2013,Summer
2013-05-07,32.012499999999996,39.7,23.7,24,0.0,29.541666666666668,5,2013,Summer
2013-05-08,32.81666666666667,40.7,24.0,24,0.0,23.916666666666668,5,2013,Summer
2013-05-09,33.15,40.9,24.9,24,0.0,24.625,5,2013,Summer
2013-05-10,32.9625,40.6,24.0,24,0.0,27.541666666666668,5,2013,Summer
2013-05-11,31.270833333333332,37.1,25.2,24,0.7,32.125,5,2013,Summer
2013-05-12,29.0625,34.3,24.6,24,0.3,45.166666666666664,5,2013,Summer
2013-05-13,29.608333333333334,36.4,22.0,24,0.0,43.541666666666664,5,2013,Summer
2013-05-14,31.354166666666668,38.7,22.9,24,0.0,36.833333333333336,5,2013,Summer
2013-05-15,31.900000000000002,39.2,22.9,24,0.0,31.25,5,2013,Summer
2013-05-16,32.699999999999996,39.9,24.8,24,0.0,31.041666666666668,5,2013,Summer
2013-05-17,33.375,40.9,24.7,24,0.0,27.541666666666668,5,2013,Summer
2013-05-18,34.25833333333333,42.1,26.4,24,0.0,21.958333333333332,5,2013,Summer
2013-05-19,35.09583333333333,43.7,26.3,24,0.0,21.208333333333332,5,2013,Summer
2013-05-20,35.858333333333334,42.9,29.5,24,0.0,19.916666666666668,5,2013,Summer
2013-05-21,35.57083333333333,44.0,27.2,24,0.0,23.083333333333332,5,2013,Summer
2013-05-22,36.0875,43.6,28.4,24,0.0,19.666666666666668,5,2013,Summer
2013-05-23,36.829166666666666,44.5,29.7,24,0.0,18.958333333333332,5,2013,Summer
2013-05-24,36.795833333333334,44.4,29.4,24,0.0,22.541666666666668,5,2013,Summer
2013-05-25,37.045833333333334,42.8,32.0,24,0.0,27.041666666666668,5,2013,Summer
2013-05-26,36.62916666666667,42.3,32.0,24,0.0,25.291666666666668,5,2013,Summer
2013-05-27,35.725,40.9,31.0,24,0.0,30.125,5,2013,Summer
2013-05-28,35.4,42.0,28.4,24,0.0,24.541666666666668,5,2013,Summer
2013-05-29,34.625,42.1,26.7,24,0.0,20.458333333333332,5,2013,Summer
2013-05-30,33.15,40.0,26.3,24,0.0,21.458333333333332,5,2013,Summer
2013-05-31,32.55416666666667,40.0,23.7,24,0.0,29.291666666666668,5,2013,Summer
2013-06-01,32.525,37.7,27.2,24,0.0,45.833333333333336,6,2013,Monsoon
2013-06-02,31.583333333333332,36.3,26.3,24,0.0,51.166666666666664,6,2013,Monsoon
2013-06-03,32.891666666666666,37.5,28.1,24,0.2,49.625,6,2013,Monsoon
2013-06-04,34.4,39.5,28.6,24,0.0,48.458333333333336,6,2013,Monsoon
2013-06-05,36.545833333333334,42.3,30.9,24,0.0,38.208333333333336,6,2013,Monsoon
2013-06-06,36.108333333333334,42.0,31.0,24,0.0,42.208333333333336,6,2013,Monsoon
2013-06-07,33.516666666666666,38.9,29.2,24,0.6,55.916666666666664,6,2013,Monsoon
2013-06-08,34.512499999999996,39.1,30.0,24,0.0,51.666666666666664,6,2013,Monsoon
2013-06-09,34.737500000000004,39.5,30.3,24,0.0,52.708333333333336,6,2013,Monsoon
2013-06-10,34.708333333333336,40.3,30.3,24,0.4,52.75,6,2013,Monsoon
2013-06-11,30.004166666666666,32.5,27.3,24,2.3,72.70833333333333,6,2013,Monsoon
2013-06-12,30.608333333333334,35.6,26.5,24,2.0,71.04166666666667,6,2013,Monsoon
2013-06-13,31.4375,34.7,28.3,24,0.0,64.41666666666667,6,2013,Monsoon
2013-06-14,32.34166666666667,36.9,27.7,24,0.0,56.666666666666664,6,2013,Monsoon
2013-06-15,30.816666666666666,35.0,27.4,24,0.0,59.583333333333336,6,2013,Monsoon
2013-06-16,26.858333333333334,30.7,25.7,24,6.0,78.5,6,2013,Monsoon
2013-06-17,27.808333333333334,31.3,25.2,24,1.5,78.04166666666667,6,2013,Monsoon
2013-06-18,27.72083333333333,31.1,25.1,24,0.0,77.41666666666667,6,2013,Monsoon
2013-06-19,30.116666666666664,36.1,23.9,24,0.1,64.875,6,2013,Monsoon
2013-06-20,32.27916666666667,38.2,25.6,24,0.0,50.75,6,2013,Monsoon
2013-06-21,34.06666666666667,40.8,26.7,24,0.0,46.0,6,2013,Monsoon
2013-06-22,34.87916666666667,39.9,29.6,24,0.0,42.083333333333336,6,2013,Monsoon
2013-06-23,34.516666666666666,39.9,28.6,24,0.0,51.375,6,2013,Monsoon
2013-06-24,33.083333333333336,38.3,28.8,24,0.0,61.666666666666664,6,2013,Monsoon
2013-06-25,30.78333333333333,34.6,28.0,24,4.2,72.29166666666667,6,2013,Monsoon
2013-06-26,30.02916666666667,34.0,26.4,24,2.8,74.0,6,2013,Monsoon
2013-06-27,30.150000000000002,34.7,27.4,24,5.3,74.91666666666667,6,2013,Monsoon
2013-06-28,30.662499999999998,36.9,26.8,24,6.5,72.79166666666667,6,2013,Monsoon
2013-06-29,31.8125,37.6,27.4,24,0.6,66.58333333333333,6,2013,Monsoon
2013-06-30,31.391666666666666,36.7,27.2,24,0.8,67.625,6,2013,Monsoon
2013-07-01,31.520833333333332,37.4,27.3,24,1.4,66.5,7,2013,Monsoon
2013-07-02,30.724999999999998,34.7,26.7,24,0.30000000000000004,72.16666666666667,7,2013,Monsoon
2013-07-03,29.22083333333333,32.5,27.2,24,1.2,75.5,7,2013,Monsoon
2013-07-04,30.349999999999998,34.3,27.4,24,1.6,73.54166666666667,7,2013,Monsoon
2013-07-05,30.266666666666666,34.0,26.9,24,0.8,70.58333333333333,7,2013,Monsoon
2013-07-06,28.045833333333334,30.7,26.3,24,8.5,83.33333333333333,7,2013,Monsoon
2013-07-07,28.545833333333334,31.6,26.2,24,13.9,83.04166666666667,7,2013,Monsoon
2013-07-08,28.150000000000002,32.2,26.0,24,10.8,86.04166666666667,7,2013,Monsoon
2013-07-09,29.058333333333334,33.9,25.3,24,15.299999999999999,81.83333333333333,7,2013,Monsoon
2013-07-10,29.8625,33.9,26.1,24,1.5,74.83333333333333,7,2013,Monsoon
2013-07-11,30.05,33.8,27.0,24,0.4,73.5,7,2013,Monsoon
2013-07-12,28.45,31.6,25.8,24,5.0,80.45833333333333,7,2013,Monsoon
2013-07-13,29.7625,33.0,27.0,24,0.30000000000000004,77.91666666666667,7,2013,Monsoon
2013-07-14,29.704166666666666,33.5,26.4,24,6.9,80.625,7,2013,Monsoon
2013-07-15,28.462500000000002,31.9,26.0,24,4.6000000000000005,85.54166666666667,7,2013,Monsoon
2013-07-16,28.6125,32.0,26.4,24,2.3,83.70833333333333,7,2013,Monsoon
2013-07-17,29.4375,32.4,26.6,24,4.699999999999999,80.66666666666667,7,2013,Monsoon
2013-07-18,29.454166666666666,32.8,26.2,24,4.1,81.54166666666667,7,2013,Monsoon
2013-07-19,28.8625,33.5,25.8,24,23.4,84.33333333333333,7,2013,Monsoon
2013-07-20,25.96666666666667,26.7,25.5,24,30.2,94.08333333333333,7,2013,Monsoon
2013-07-21,27.1375,29.5,25.1,24,7.9,88.25,7,2013,Monsoon
2013-07-22,27.508333333333336,30.0,25.4,24,11.2,87.54166666666667,7,2013,Monsoon
2013-07-23,27.308333333333334,31.0,25.2,24,2.9000000000000004,87.41666666666667,7,2013,Monsoon
2013-07-24,29.070833333333336,33.3,26.8,24,11.2,82.5,7,2013,Monsoon
2013-07-25,27.724999999999998,32.3,25.5,24,15.6,87.66666666666667,7,2013,Monsoon
2013-07-26,27.72083333333333,31.4,25.0,24,1.8,84.29166666666667,7,2013,Monsoon
2013-07-27,27.983333333333334,30.9,25.6,24,2.3000000000000003,82.66666666666667,7,2013,Monsoon
2013-07-28,29.4375,33.1,26.0,24,0.2,80.54166666666667,7,2013,Monsoon
2013-07-29,29.037499999999998,32.7,26.6,24,8.9,82.95833333333333,7,2013,Monsoon
2013-07-30,28.679166666666664,32.6,26.0,24,9.4,85.20833333333333,7,2013,Monsoon
2013-07-31,27.90416666666667,31.1,25.1,24,15.6,87.08333333333333,7,2013,Monsoon
2013-08-01,28.075,31.8,25.3,24,17.2,84.08333333333333,8,2013,Monsoon
2013-08-02,28.858333333333334,31.4,26.7,24,0.9,76.25,8,2013,Monsoon
2013-08-03,28.8875,32.3,26.6,24,0.39999999999999997,77.875,8,2013,Monsoon
2013-08-04,29.241666666666664,32.5,25.9,24,0.6,80.33333333333333,8,2013,Monsoon
2013-08-05,28.34583333333333,31.1,26.2,24,11.700000000000001,85.0,8,2013,Monsoon
2013-08-06,26.604166666666668,29.7,25.0,24,15.7,90.0,8,2013,Monsoon
2013-08-07,27.258333333333336,29.8,24.9,24,5.8,87.29166666666667,8,2013,Monsoon
2013-08-08,27.433333333333334,30.1,25.4,24,9.0,87.66666666666667,8,2013,Monsoon
2013-08-09,26.25,28.6,25.0,24,5.9,90.70833333333333,8,2013,Monsoon
2013-08-10,27.370833333333334,30.8,25.0,24,5.4,86.79166666666667,8,2013,Monsoon
2013-08-11,27.3,30.6,25.4,24,6.3,86.25,8,2013,Monsoon
2013-08-12,27.40833333333333,31.1,25.6,24,5.4,85.125,8,2013,Monsoon
2013-08-13,27.458333333333332,29.8,25.4,24,5.3999999999999995,86.16666666666667,8,2013,Monsoon
2013-08-14,26.7625,30.4,24.9,24,12.4,87.54166666666667,8,2013,Monsoon
2013-08-15,26.308333333333334,28.8,24.6,24,6.6,89.83333333333333,8,2013,Monsoon
2013-08-16,26.316666666666666,29.5,24.4,24,13.6,90.95833333333333,8,2013,Monsoon
2013-08-17,25.8625,28.1,24.4,24,9.9,92.20833333333333,8,2013,Monsoon
2013-08-18,26.52916666666667,29.9,24.0,24,7.800000000000001,89.08333333333333,8,2013,Monsoon
2013-08-19,26.420833333333334,29.3,24.4,24,8.3,89.125,8,2013,Monsoon
2013-08-20,27.15833333333333,31.6,24.5,24,12.8,87.875,8,2013,Monsoon
2013-08-21,27.84583333333333,31.9,25.1,24,5.0,88.20833333333333,8,2013,Monsoon
2013-08-22,27.0,30.0,24.9,24,10.7,87.5,8,2013,Monsoon
2013-08-23,28.445833333333336,32.1,24.7,24,0.1,83.41666666666667,8,2013,Monsoon
2013-08-24,29.525000000000002,33.1,26.0,24,0.1,81.5,8,2013,Monsoon
2013-08-25,29.8125,33.4,26.5,24,0.9,80.95833333333333,8,2013,Monsoon
2013-08-26,30.1125,33.8,26.6,24,0.7000000000000001,79.16666666666667,8,2013,Monsoon
2013-08-27,29.84583333333333,33.6,27.4,24,0.8,73.70833333333333,8,2013,Monsoon
2013-08-28,28.266666666666666,31.2,25.9,24,0.1,77.75,8,2013,Monsoon
2013-08-29,27.979166666666668,31.3,25.7,24,3.3,79.41666666666667,8,2013,Monsoon
2013-08-30,27.675,30.0,26.2,24,0.7,80.08333333333333,8,2013,Monsoon
2013-08-31,28.358333333333334,30.9,26.4,24,0.0,75.66666666666667,8,2013,Monsoon
2013-09-01,28.84166666666667,32.6,25.3,24,0.5,74.16666666666667,9,2013,Monsoon
2013-09-02,29.25,33.5,26.0,24,0.0,69.04166666666667,9,2013,Monsoon
2013-09-03,29.254166666666666,33.9,25.9,24,0.0,67.625,9,2013,Monsoon
2013-09-04,29.3,33.8,26.2,24,0.0,61.791666666666664,9,2013,Monsoon
2013-09-05,28.96666666666667,33.3,26.1,24,0.0,61.791666666666664,9,2013,Monsoon
2013-09-06,28.570833333333336,33.0,25.0,24,0.0,65.04166666666667,9,2013,Monsoon
2013-09-07,28.8875,33.7,24.8,24,0.0,63.291666666666664,9,2013,Monsoon
2013-09-08,28.241666666666664,32.5,24.7,24,0.0,70.5,9,2013,Monsoon
2013-09-09,28.50833333333333,33.5,24.3,24,0.1,73.875,9,2013,Monsoon
2013-09-10,28.479166666666668,33.6,24.4,24,0.7,72.29166666666667,9,2013,Monsoon
2013-09-11,29.058333333333334,33.7,25.1,24,0.1,71.66666666666667,9,2013,Monsoon
2013-09-12,28.7,33.0,25.3,24,1.9000000000000001,78.625,9,2013,Monsoon
2013-09-13,28.912499999999998,33.1,24.8,24,0.0,76.29166666666667,9,2013,Monsoon
2013-09-14,29.25,34.1,25.5,24,0.0,74.45833333333333,9,2013,Monsoon
2013-09-15,29.308333333333334,34.7,24.6,24,0.0,71.16666666666667,9,2013,Monsoon
2013-09-16,27.6375,31.6,24.9,24,6.6000000000000005,80.41666666666667,9,2013,Monsoon
2013-09-17,28.05,33.5,23.0,24,0.0,71.70833333333333,9,2013,Monsoon
2013-09-18,28.425,34.0,22.9,24,0.0,65.16666666666667,9,2013,Monsoon
2013-09-19,28.045833333333334,33.4,22.6,24,0.0,67.25,9,2013,Monsoon
2013-09-20,26.929166666666664,31.4,24.9,24,13.3,82.875,9,2013,Monsoon
2013-09-21,26.125,30.8,23.6,24,26.900000000000002,85.5,9,2013,Monsoon
2013-09-22,27.15416666666667,30.6,24.6,24,3.9,85.16666666666667,9,2013,Monsoon
2013-09-23,28.366666666666664,32.2,24.9,24,0.6000000000000001,80.83333333333333,9,2013,Monsoon
2013-09-24,28.133333333333336,32.3,25.4,24,3.5,82.16666666666667,9,2013,Monsoon
2013-09-25,27.09583333333333,30.7,24.2,24,9.0,85.54166666666667,9,2013,Monsoon
2013-09-26,26.829166666666666,30.3,23.4,24,7.7,84.54166666666667,9,2013,Monsoon
2013-09-27,27.7,31.6,24.7,24,2.4000000000000004,81.375,9,2013,Monsoon
2013-09-28,27.15416666666667,31.2,24.5,24,4.5,85.125,9,2013,Monsoon
2013-09-29,27.15833333333333,31.5,25.2,24,6.6000000000000005,86.58333333333333,9,2013,Monsoon
2013-09-30,25.941666666666666,29.2,24.4,24,3.9,86.95833333333333,9,2013,Monsoon
2013-10-01,26.883333333333336,30.0,24.3,24,0.0,78.58333333333333,10,2013,Post-monsoon
2013-10-02,26.683333333333334,30.7,23.4,24,0.8,76.375,10,2013,Post-monsoon
2013-10-03,26.15416666666667,29.8,23.2,24,0.0,73.91666666666667,10,2013,Post-monsoon
2013-10-04,23.462500000000002,27.5,21.8,24,3.7,86.95833333333333,10,2013,Post-monsoon
2013-10-05,25.97083333333333,30.5,21.6,24,0.1,78.375,10,2013,Post-monsoon
2013-10-06,26.45,29.9,22.7,24,0.5,80.25,10,2013,Post-monsoon
2013-10-07,26.9875,30.4,23.8,24,0.1,79.79166666666667,10,2013,Post-monsoon
2013-10-08,27.241666666666664,31.0,23.8,24,0.0,77.25,10,2013,Post-monsoon
2013-10-09,26.891666666666666,30.9,23.7,24,0.0,73.66666666666667,10,2013,Post-monsoon
2013-10-10,26.7625,31.2,22.7,24,0.0,74.04166666666667,10,2013,Post-monsoon
2013-10-11,24.629166666666666,28.5,22.3,24,5.6,85.875,10,2013,Post-monsoon
2013-10-12,24.641666666666666,27.7,21.5,24,0.0,83.95833333333333,10,2013,Post-monsoon
2013-10-13,25.4875,29.8,21.7,24,2.1999999999999997,84.16666666666667,10,2013,Post-monsoon
2013-10-14,25.870833333333334,30.2,22.1,24,0.6,80.04166666666667,10,2013,Post-monsoon
2013-10-15,26.025000000000002,30.9,21.1,24,0.0,71.54166666666667,10,2013,Post-monsoon
2013-10-16,25.375,31.0,20.0,24,0.0,71.875,10,2013,Post-monsoon
2013-10-17,26.099999999999998,31.9,20.9,24,0.0,70.58333333333333,10,2013,Post-monsoon
2013-10-18,26.0625,31.6,21.2,24,0.0,71.5,10,2013,Post-monsoon
2013-10-19,25.741666666666664,31.0,20.8,24,0.0,64.0,10,2013,Post-monsoon
2013-10-20,24.804166666666664,30.8,19.4,24,0.0,61.583333333333336,10,2013,Post-monsoon
2013-10-21,23.90833333333333,30.4,18.1,24,0.0,64.20833333333333,10,2013,Post-monsoon
2013-10-22,23.825,30.4,17.5,24,0.0,65.16666666666667,10,2013,Post-monsoon
2013-10-23,23.983333333333334,29.8,18.5,24,0.0,68.25,10,2013,Post-monsoon
2013-10-24,23.8125,29.3,18.1,24,0.0,68.33333333333333,10,2013,Post-monsoon
2013-10-25,23.695833333333336,29.4,17.3,24,0.0,67.20833333333333,10,2013,Post-monsoon
2013-10-26,23.5,29.0,18.2,24,0.0,67.66666666666667,10,2013,Post-monsoon
2013-10-27,23.745833333333334,29.5,17.8,24,0.0,63.291666666666664,10,2013,Post-monsoon
2013-10-28,23.325,30.6,17.2,24,0.0,54.166666666666664,10,2013,Post-monsoon
2013-10-29,22.675,30.4,15.1,24,0.0,57.458333333333336,10,2013,Post-monsoon
2013-10-30,23.645833333333332,30.7,18.0,24,0.0,58.375,10,2013,Post-monsoon
2013-10-31,23.695833333333336,30.2,18.0,24,0.0,60.958333333333336,10,2013,Post-monsoon
2013-11-01,23.09166666666667,28.4,19.2,24,0.1,66.5,11,2013,Post-monsoon
2013-11-02,21.704166666666666,27.7,16.3,24,0.0,63.208333333333336,11,2013,Post-monsoon
2013-11-03,20.808333333333334,27.6,14.9,24,0.0,49.958333333333336,11,2013,Post-monsoon
2013-11-04,20.216666666666665,27.5,12.9,24,0.0,55.5,11,2013,Post-monsoon
2013-11-05,19.983333333333334,26.5,13.7,24,0.0,55.833333333333336,11,2013,Post-monsoon
2013-11-06,20.566666666666666,26.6,15.0,24,0.0,61.375,11,2013,Post-monsoon
2013-11-07,19.8125,25.4,16.3,24,2.1,70.5,11,2013,Post-monsoon
2013-11-08,18.954166666666666,24.3,14.9,24,1.7,74.25,11,2013,Post-monsoon
2013-11-09,18.670833333333334,24.8,12.7,24,0.0,68.41666666666667,11,2013,Post-monsoon
2013-11-10,18.858333333333334,25.2,13.3,24,0.0,60.875,11,2013,Post-monsoon
2013-11-11,18.454166666666666,25.2,12.5,24,0.0,60.166666666666664,11,2013,Post-monsoon
2013-11-12,18.1125,25.0,11.8,24,0.0,60.208333333333336,11,2013,Post-monsoon
2013-11-13,17.900000000000002,25.2,11.1,24,0.0,59.666666666666664,11,2013,Post-monsoon
2013-11-14,17.55,24.6,11.1,24,0.0,55.25,11,2013,Post-monsoon
2013-11-15,17.158333333333335,24.8,10.0,24,0.0,57.708333333333336,11,2013,Post-monsoon
2013-11-16,17.170833333333334,24.7,10.0,24,0.0,60.875,11,2013,Post-monsoon
2013-11-17,17.3625,24.9,10.6,24,0.0,56.333333333333336,11,2013,Post-monsoon
2013-11-18,17.8625,25.7,11.3,24,0.0,50.541666666666664,11,2013,Post-monsoon
2013-11-19,18.191666666666666,26.0,11.4,24,0.0,52.916666666666664,11,2013,Post-monsoon
2013-11-20,18.4875,26.3,10.7,24,0.0,60.875,11,2013,Post-monsoon
2013-11-21,18.5625,26.4,11.2,24,0.0,65.125,11,2013,Post-monsoon
2013-11-22,18.45,25.2,12.0,24,0.0,67.04166666666667,11,2013,Post-monsoon
2013-11-23,18.570833333333333,25.4,12.0,24,0.0,66.41666666666667,11,2013,Post-monsoon
2013-11-24,18.491666666666667,25.8,11.7,24,0.0,62.541666666666664,11,2013,Post-monsoon
2013-11-25,19.791666666666668,27.0,13.6,24,0.0,55.166666666666664,11,2013,Post-monsoon
2013-11-26,20.654166666666665,27.8,15.3,24,0.0,53.458333333333336,11,2013,Post-monsoon
2013-11-27,19.941666666666666,27.3,13.5,24,0.0,59.916666666666664,11,2013,Post-monsoon
2013-11-28,18.912499999999998,26.1,13.2,24,0.0,63.875,11,2013,Post-monsoon
2013-11-29,18.545833333333334,26.4,12.6,24,0.0,54.666666666666664,11,2013,Post-monsoon
2013-11-30,18.279166666666665,26.0,11.9,24,0.0,51.708333333333336,11,2013,Post-monsoon
2013-12-01,17.879166666666666,25.7,10.7,24,0.0,59.166666666666664,12,2013,Winter
2013-12-02,17.7375,25.2,10.9,24,0.0,62.666666666666664,12,2013,Winter
2013-12-03,17.854166666666668,25.1,10.8,24,0.0,62.0,12,2013,Winter
2013-12-04,17.329166666666666,24.6,11.3,24,0.0,59.708333333333336,12,2013,Winter
2013-12-05,17.129166666666666,24.6,11.1,24,0.0,58.416666666666664,12,2013,Winter
2013-12-06,16.808333333333334,24.0,10.5,24,0.0,60.083333333333336,12,2013,Winter
2013-12-07,16.733333333333334,24.1,9.8,24,0.0,68.29166666666667,12,2013,Winter
2013-12-08,16.983333333333334,24.1,10.5,24,0.0,71.41666666666667,12,2013,Winter
2013-12-09,16.929166666666667,23.6,10.4,24,0.0,72.58333333333333,12,2013,Winter
2013-12-10,16.404166666666665,23.3,10.1,24,0.0,73.20833333333333,12,2013,Winter
2013-12-11,16.75,24.1,10.6,24,0.0,65.375,12,2013,Winter
2013-12-12,17.6375,23.7,13.2,24,0.0,58.041666666666664,12,2013,Winter
2013-12-13,17.116666666666667,23.7,12.3,24,0.0,50.666666666666664,12,2013,Winter
2013-12-14,16.162499999999998,22.7,10.6,24,0.0,68.41666666666667,12,2013,Winter
2013-12-15,16.470833333333335,23.2,10.5,24,0.0,69.79166666666667,12,2013,Winter
2013-12-16,16.704166666666666,23.2,11.2,24,0.0,72.83333333333333,12,2013,Winter
2013-12-17,16.4375,23.0,11.2,24,0.0,74.45833333333333,12,2013,Winter
2013-12-18,16.325,22.5,10.1,24,0.0,75.125,12,2013,Winter
2013-12-19,16.295833333333334,21.1,13.0,24,0.8,78.33333333333333,12,2013,Winter
2013-12-20,14.908333333333333,19.0,11.3,24,0.7,86.91666666666667,12,2013,Winter
2013-12-21,15.575000000000001,19.4,12.6,24,0.2,80.83333333333333,12,2013,Winter
2013-12-22,15.070833333333333,18.9,12.3,24,0.4,84.25,12,2013,Winter
2013-12-23,14.720833333333333,18.8,11.9,24,0.0,77.5,12,2013,Winter
2013-12-24,13.704166666666666,18.7,9.9,24,0.0,71.0,12,2013,Winter
2013-12-25,12.775,19.4,7.6,24,0.0,61.208333333333336,12,2013,Winter
2013-12-26,12.2875,19.6,6.9,24,0.0,52.458333333333336,12,2013,Winter
2013-12-27,12.141666666666666,18.7,7.0,24,0.0,53.5,12,2013,Winter
2013-12-28,12.066666666666668,19.4,6.6,24,0.0,51.25,12,2013,Winter
2013-12-29,10.579166666666667,18.2,3.9,24,0.0,62.625,12,2013,Winter
2013-12-30,10.904166666666667,18.2,3.3,24,4.5,70.08333333333333,12,2013,Winter
2013-12-31,12.766666666666666,14.6,11.7,24,3.4,85.45833333333333,12,2013,Winter
2014-01-01,13.091666666666667,16.9,9.4,24,0.0,80.25,1,2014,Winter
2014-01-02,11.049999999999999,17.7,5.8,24,0.0,71.20833333333333,1,2014,Winter
2014-01-03,11.245833333333332,18.4,5.2,24,0.0,61.083333333333336,1,2014,Winter
2014-01-04,13.358333333333334,18.7,9.0,24,0.0,65.83333333333333,1,2014,Winter
2014-01-05,12.616666666666667,19.6,6.6,24,0.0,69.45833333333333,1,2014,Winter
2014-01-06,11.141666666666667,18.2,4.8,24,0.0,70.875,1,2014,Winter
2014-01-07,12.083333333333334,18.6,7.2,24,0.0,67.91666666666667,1,2014,Winter
2014-01-08,11.570833333333333,18.7,4.7,24,0.0,69.70833333333333,1,2014,Winter
2014-01-09,12.141666666666666,18.7,6.2,24,0.0,68.41666666666667,1,2014,Winter
2014-01-10,12.362499999999999,18.7,6.5,24,0.0,71.125,1,2014,Winter
2014-01-11,12.245833333333332,18.1,7.1,24,0.0,71.5,1,2014,Winter
2014-01-12,12.6875,19.2,7.3,24,0.0,71.91666666666667,1,2014,Winter
2014-01-13,12.691666666666668,19.5,6.2,24,0.0,67.125,1,2014,Winter
2014-01-14,13.254166666666668,19.7,7.1,24,0.0,70.29166666666667,1,2014,Winter
2014-01-15,13.112499999999999,19.1,7.6,24,0.0,72.875,1,2014,Winter
2014-01-16,12.595833333333333,18.2,5.8,24,0.0,76.58333333333333,1,2014,Winter
2014-01-17,13.629166666666668,17.9,9.9,24,9.6,81.91666666666667,1,2014,Winter
2014-01-18,13.583333333333334,17.4,11.1,24,18.3,80.91666666666667,1,2014,Winter
2014-01-19,13.179166666666667,18.0,9.1,24,0.0,82.95833333333333,1,2014,Winter
2014-01-20,12.954166666666666,19.3,7.5,24,0.0,82.875,1,2014,Winter
2014-01-21,13.525,15.8,11.5,24,19.6,89.375,1,2014,Winter
2014-01-22,14.025,17.1,11.9,24,4.1,91.95833333333333,1,2014,Winter
2014-01-23,14.512500000000001,19.3,10.1,24,0.0,84.625,1,2014,Winter
2014-01-24,14.012500000000001,18.7,10.0,24,0.0,79.0,1,2014,Winter
2014-01-25,12.783333333333333,18.3,7.8,24,0.0,82.16666666666667,1,2014,Winter
2014-01-26,14.120833333333332,20.2,9.9,24,0.0,78.75,1,2014,Winter
2014-01-27,14.595833333333333,21.4,9.2,24,0.0,75.45833333333333,1,2014,Winter
2014-01-28,15.195833333333333,21.8,10.0,24,0.0,73.75,1,2014,Winter
2014-01-29,15.433333333333332,21.7,10.0,24,0.0,76.95833333333333,1,2014,Winter
2014-01-30,14.995833333333332,21.0,10.3,24,0.0,80.625,1,2014,Winter
2014-01-31,13.6,19.8,8.3,24,0.0,87.08333333333333,1,2014,Winter
2014-02-01,13.545833333333334,19.2,8.4,24,0.0,85.125,2,2014,Winter
2014-02-02,14.279166666666667,20.7,7.4,24,0.0,84.25,2,2014,Winter
2014-02-03,16.7375,24.5,8.8,24,0.0,75.875,2,2014,Winter
2014-02-04,17.025000000000002,23.5,10.9,24,0.0,79.58333333333333,2,2014,Winter
2014-02-05,16.066666666666666,21.6,11.1,24,0.4,79.54166666666667,2,2014,Winter
2014-02-06,16.783333333333335,23.2,10.9,24,1.2,77.04166666666667,2,2014,Winter
2014-02-07,17.474999999999998,23.9,13.4,24,0.39999999999999997,77.875,2,2014,Winter
2014-02-08,14.891666666666666,19.3,10.8,24,0.0,79.75,2,2014,Winter
2014-02-09,12.533333333333333,18.3,7.9,24,0.0,68.04166666666667,2,2014,Winter
2014-02-10,12.066666666666668,18.3,5.2,24,0.0,65.125,2,2014,Winter
2014-02-11,12.620833333333332,19.8,6.3,24,0.0,67.54166666666667,2,2014,Winter
2014-02-12,12.754166666666668,19.6,6.8,24,0.0,67.33333333333333,2,2014,Winter
2014-02-13,12.966666666666667,19.8,6.0,24,1.0,70.5,2,2014,Winter
2014-02-14,13.479166666666666,16.2,10.7,24,15.1,84.20833333333333,2,2014,Winter
2014-02-15,13.558333333333332,17.8,9.6,24,0.2,83.0,2,2014,Winter
2014-02-16,11.845833333333333,18.4,7.6,24,0.0,79.91666666666667,2,2014,Winter
2014-02-17,13.366666666666667,19.6,8.2,24,0.0,67.95833333333333,2,2014,Winter
2014-02-18,14.770833333333334,21.2,9.3,24,0.0,64.95833333333333,2,2014,Winter
2014-02-19,14.766666666666666,21.2,7.7,24,0.0,72.08333333333333,2,2014,Winter
2014-02-20,15.137500000000001,22.3,9.2,24,0.0,72.25,2,2014,Winter
2014-02-21,15.933333333333332,23.4,8.9,24,0.0,72.70833333333333,2,2014,Winter
2014-02-22,16.279166666666665,20.9,11.7,24,0.5,85.33333333333333,2,2014,Winter
2014-02-23,15.375,21.3,10.0,24,0.0,82.20833333333333,2,2014,Winter
2014-02-24,15.729166666666666,22.1,9.5,24,0.0,71.04166666666667,2,2014,Winter
2014-02-25,16.425,22.9,9.3,24,0.0,67.0,2,2014,Winter
2014-02-26,16.945833333333333,24.2,10.5,24,0.5,72.625,2,2014,Winter
2014-02-27,16.616666666666667,21.9,12.7,24,2.2,81.29166666666667,2,2014,Winter
2014-02-28,15.820833333333333,20.3,12.7,24,7.5,88.58333333333333,2,2014,Winter
2014-03-01,14.641666666666666,18.0,11.8,24,2.0,93.125,3,2014,Summer
2014-03-02,14.387500000000001,20.3,9.5,24,0.0,81.16666666666667,3,2014,Summer
2014-03-03,15.804166666666667,22.9,8.3,24,0.0,71.95833333333333,3,2014,Summer
2014-03-04,17.283333333333335,24.1,10.6,24,0.0,68.83333333333333,3,2014,Summer
2014-03-05,17.058333333333334,23.6,11.5,24,2.6,71.29166666666667,3,2014,Summer
2014-03-06,16.720833333333335,23.3,10.7,24,0.0,72.16666666666667,3,2014,Summer
2014-03-07,16.75,24.2,9.7,24,0.0,64.33333333333333,3,2014,Summer
2014-03-08,18.054166666666667,25.3,11.2,24,0.0,63.25,3,2014,Summer
2014-03-09,19.17083333333333,26.9,11.6,24,0.6000000000000001,68.08333333333333,3,2014,Summer
2014-03-10,19.974999999999998,26.3,14.3,24,0.5,68.70833333333333,3,2014,Summer
2014-03-11,19.095833333333335,25.9,14.9,24,17.8,72.66666666666667,3,2014,Summer
2014-03-12,18.662499999999998,24.4,14.0,24,7.9,73.875,3,2014,Summer
2014-03-13,18.025000000000002,24.6,12.7,24,0.0,69.04166666666667,3,2014,Summer
2014-03-14,18.154166666666665,25.3,11.4,24,0.0,66.41666666666667,3,2014,Summer
2014-03-15,19.654166666666665,26.9,10.7,24,0.0,64.79166666666667,3,2014,Summer
2014-03-16,21.34583333333333,29.5,13.2,24,0.0,65.79166666666667,3,2014,Summer
2014-03-17,23.224999999999998,31.3,14.1,24,0.0,63.916666666666664,3,2014,Summer
2014-03-18,22.941666666666666,29.1,17.9,24,0.0,63.291666666666664,3,2014,Summer
2014-03-19,20.729166666666668,27.3,14.5,24,0.0,61.5,3,2014,Summer
2014-03-20,20.366666666666667,27.7,12.5,24,0.0,57.458333333333336,3,2014,Summer
2014-03-21,22.6375,30.4,15.0,24,1.2000000000000002,55.875,3,2014,Summer
2014-03-22,23.09583333333333,29.8,16.2,24,0.1,56.541666666666664,3,2014,Summer
2014-03-23,20.904166666666665,26.3,15.6,24,0.4,67.08333333333333,3,2014,Summer
2014-03-24,22.400000000000002,28.6,16.7,24,1.1,64.45833333333333,3,2014,Summer
2014-03-25,23.587500000000002,30.1,17.1,24,0.1,57.916666666666664,3,2014,Summer
2014-03-26,23.625,29.2,19.0,24,0.8,60.083333333333336,3,2014,Summer
2014-03-27,23.587500000000002,29.6,19.0,24,0.0,62.333333333333336,3,2014,Summer
2014-03-28,23.179166666666664,30.1,16.6,24,0.4,58.958333333333336,3,2014,Summer
2014-03-29,24.25,30.5,17.6,24,0.0,53.25,3,2014,Summer
2014-03-30,23.395833333333332,30.1,17.5,24,0.0,50.333333333333336,3,2014,Summer
2014-03-31,23.150000000000002,30.5,16.2,24,0.0,42.5,3,2014,Summer
2014-04-01,23.679166666666664,31.5,15.3,24,0.0,41.75,4,2014,Summer
2014-04-02,24.46666666666667,33.0,16.0,24,1.7,48.166666666666664,4,2014,Summer
2014-04-03,23.879166666666666,30.8,16.8,24,0.0,49.25,4,2014,Summer
2014-04-04,24.608333333333334,32.2,16.7,24,0.0,48.666666666666664,4,2014,Summer
2014-04-05,26.041666666666668,33.6,18.6,24,0.0,47.875,4,2014,Summer
2014-04-06,27.616666666666664,36.2,18.3,24,0.0,46.625,4,2014,Summer
2014-04-07,26.870833333333334,33.1,20.4,24,0.1,48.666666666666664,4,2014,Summer
2014-04-08,24.441666666666666,31.3,18.0,24,0.0,48.666666666666664,4,2014,Summer
2014-04-09,24.870833333333334,32.2,17.3,24,0.0,37.583333333333336,4,2014,Summer
2014-04-10,25.587500000000002,33.1,17.7,24,0.0,30.958333333333332,4,2014,Summer
2014-04-11,26.454166666666666,34.8,17.0,24,0.0,31.75,4,2014,Summer
2014-04-12,27.441666666666666,35.6,17.9,24,0.3,33.75,4,2014,Summer
2014-04-13,27.349999999999998,33.5,22.1,24,0.7,31.541666666666668,4,2014,Summer
2014-04-14,26.96666666666667,34.2,19.2,24,1.0,40.5,4,2014,Summer
2014-04-15,27.974999999999998,35.1,19.5,24,0.0,38.416666666666664,4,2014,Summer
2014-04-16,28.47083333333333,34.7,22.7,24,0.0,34.75,4,2014,Summer
2014-04-17,26.558333333333334,32.5,20.2,24,0.6,45.416666666666664,4,2014,Summer
2014-04-18,23.204166666666666,27.2,20.2,24,9.9,62.666666666666664,4,2014,Summer
2014-04-19,24.25,30.3,18.8,24,2.1999999999999997,65.83333333333333,4,2014,Summer
2014-04-20,25.3125,32.5,17.6,24,0.0,49.666666666666664,4,2014,Summer
2014-04-21,25.895833333333332,33.4,17.6,24,0.0,40.916666666666664,4,2014,Summer
2014-04-22,26.295833333333334,34.6,19.2,24,0.0,41.583333333333336,4,2014,Summer
2014-04-23,27.84583333333333,34.3,21.2,24,0.0,41.958333333333336,4,2014,Summer
2014-04-24,28.55,35.8,20.2,24,0.0,39.583333333333336,4,2014,Summer
2014-04-25,29.52916666666667,37.7,20.7,24,0.0,36.0,4,2014,Summer
2014-04-26,30.025000000000002,37.9,21.5,24,0.4,32.75,4,2014,Summer
2014-04-27,29.900000000000002,37.4,20.5,24,0.0,29.583333333333332,4,2014,Summer
2014-04-28,30.770833333333332,39.0,21.9,24,0.0,27.041666666666668,4,2014,Summer
2014-04-29,31.995833333333334,40.4,21.7,24,0.0,26.666666666666668,4,2014,Summer
2014-04-30,33.5625,41.3,24.2,24,0.0,24.875,4,2014,Summer
2014-05-01,33.12083333333333,42.2,23.1,24,0.0,22.833333333333332,5,2014,Summer
2014-05-02,32.3125,40.5,24.9,24,0.4,22.458333333333332,5,2014,Summer
2014-05-03,30.587500000000002,37.1,25.1,24,0.6,34.875,5,2014,Summer
2014-05-04,31.058333333333334,37.4,23.0,24,0.0,37.625,5,2014,Summer
2014-05-05,30.495833333333334,36.9,25.0,24,0.6,41.916666666666664,5,2014,Summer
2014-05-06,28.849999999999998,33.9,24.5,24,0.7,57.458333333333336,5,2014,Summer
2014-05-07,30.483333333333334,36.9,23.7,24,0.0,50.916666666666664,5,2014,Summer
2014-05-08,32.28333333333333,39.8,23.9,24,0.0,33.583333333333336,5,2014,Summer
2014-05-09,31.795833333333334,38.6,23.6,24,0.0,25.833333333333332,5,2014,Summer
2014-05-10,31.045833333333334,37.6,22.5,24,0.9,29.375,5,2014,Summer
2014-05-11,29.358333333333334,34.6,24.9,24,0.9,39.375,5,2014,Summer
2014-05-12,28.329166666666666,34.7,23.4,24,0.7999999999999999,52.333333333333336,5,2014,Summer
2014-05-13,27.96666666666667,32.9,22.4,24,0.0,55.333333333333336,5,2014,Summer
2014-05-14,28.52916666666667,33.8,22.3,24,0.1,49.333333333333336,5,2014,Summer
2014-05-15,28.97083333333333,34.8,22.4,24,0.0,44.083333333333336,5,2014,Summer
2014-05-16,30.133333333333336,35.9,23.0,24,0.0,39.541666666666664,5,2014,Summer
2014-05-17,31.0,36.6,24.6,24,0.0,38.291666666666664,5,2014,Summer
2014-05-18,30.991666666666664,37.7,23.9,24,0.0,37.375,5,2014,Summer
2014-05-19,31.129166666666666,37.9,24.0,24,0.0,33.041666666666664,5,2014,Summer
2014-05-20,31.55,38.6,24.2,24,0.0,30.208333333333332,5,2014,Summer
2014-05-21,30.866666666666664,37.5,23.1,24,0.0,32.25,5,2014,Summer
2014-05-22,32.47083333333333,39.9,24.0,24,0.0,29.333333333333332,5,2014,Summer
2014-05-23,33.61666666666667,42.1,26.1,24,0.0,30.541666666666668,5,2014,Summer
2014-05-24,32.22083333333333,38.8,24.9,24,1.8,41.583333333333336,5,2014,Summer
2014-05-25,31.066666666666666,38.2,25.3,24,1.0,42.75,5,2014,Summer
2014-05-26,30.808333333333334,36.2,24.3,24,0.0,45.458333333333336,5,2014,Summer
2014-05-27,31.03333333333333,38.3,23.9,24,0.9,44.0,5,2014,Summer
2014-05-28,32.55833333333333,40.3,23.0,24,0.0,35.375,5,2014,Summer
2014-05-29,33.49166666666667,41.4,24.0,24,0.0,35.0,5,2014,Summer
2014-05-30,34.333333333333336,41.6,27.5,24,0.0,34.041666666666664,5,2014,Summer
2014-05-31,34.2875,41.9,27.4,24,1.2,37.541666666666664,5,2014,Summer
2014-06-01,32.81666666666667,38.4,26.8,24,0.1,42.333333333333336,6,2014,Monsoon
2014-06-02,33.324999999999996,40.5,26.3,24,0.0,43.833333333333336,6,2014,Monsoon
2014-06-03,34.199999999999996,41.6,26.0,24,0.0,28.916666666666668,6,2014,Monsoon
2014-06-04,35.041666666666664,42.3,26.4,24,0.0,29.875,6,2014,Monsoon
2014-06-05,35.875,43.5,27.1,24,0.0,29.666666666666668,6,2014,Monsoon
2014-06-06,36.9125,44.4,28.1,24,0.0,23.875,6,2014,Monsoon
2014-06-07,37.50416666666667,44.9,29.5,24,0.0,21.916666666666668,6,2014,Monsoon
2014-06-08,37.0,44.6,28.2,24,0.0,20.5,6,2014,Monsoon
2014-06-09,37.0625,44.0,29.7,24,0.0,25.333333333333332,6,2014,Monsoon
2014-06-10,36.729166666666664,44.3,27.6,24,0.0,22.333333333333332,6,2014,Monsoon
2014-06-11,36.645833333333336,43.5,30.8,24,0.0,20.583333333333332,6,2014,Monsoon
2014-06-12,34.36666666666667,42.1,28.6,24,0.4,33.541666666666664,6,2014,Monsoon
2014-06-13,34.262499999999996,38.1,30.5,24,0.1,41.0,6,2014,Monsoon
2014-06-14,33.920833333333334,39.4,29.0,24,0.4,42.375,6,2014,Monsoon
2014-06-15,34.87083333333333,40.2,31.4,24,1.3,44.875,6,2014,Monsoon
2014-06-16,35.775,40.8,31.0,24,0.0,43.041666666666664,6,2014,Monsoon
2014-06-17,36.775,41.5,32.7,24,0.0,36.333333333333336,6,2014,Monsoon
2014-06-18,35.55416666666667,40.6,30.6,24,0.0,43.041666666666664,6,2014,Monsoon
2014-06-19,34.67916666666667,40.3,28.3,24,0.0,49.708333333333336,6,2014,Monsoon
2014-06-20,37.416666666666664,42.1,33.1,24,0.0,35.375,6,2014,Monsoon
2014-06-21,36.75416666666667,40.9,32.9,24,0.0,35.541666666666664,6,2014,Monsoon
2014-06-22,33.69166666666667,39.2,30.1,24,1.3,47.75,6,2014,Monsoon
2014-06-23,32.574999999999996,36.7,29.0,24,0.7,52.083333333333336,6,2014,Monsoon
2014-06-24,32.80833333333333,37.6,28.4,24,1.5,52.25,6,2014,Monsoon
2014-06-25,31.90833333333333,35.5,27.9,24,1.2000000000000002,58.041666666666664,6,2014,Monsoon
2014-06-26,31.40416666666667,37.3,27.9,24,5.0,62.125,6,2014,Monsoon
2014-06-27,33.43333333333333,38.4,28.2,24,0.0,53.458333333333336,6,2014,Monsoon
2014-06-28,34.108333333333334,38.9,29.5,24,0.0,50.416666666666664,6,2014,Monsoon
2014-06-29,34.3125,39.3,30.3,24,0.3,47.041666666666664,6,2014,Monsoon
2014-06-30,33.15833333333333,38.1,29.1,24,0.6,53.333333333333336,6,2014,Monsoon
2014-07-01,32.045833333333334,35.9,28.2,24,0.0,56.166666666666664,7,2014,Monsoon
2014-07-02,31.758333333333336,36.8,27.8,24,0.2,58.958333333333336,7,2014,Monsoon
2014-07-03,30.650000000000002,34.1,27.5,24,1.4,64.5,7,2014,Monsoon
2014-07-04,31.895833333333332,37.1,27.2,24,0.0,59.916666666666664,7,2014,Monsoon
2014-07-05,32.7875,38.0,27.4,24,0.8999999999999999,62.125,7,2014,Monsoon
2014-07-06,33.416666666666664,39.1,28.7,24,0.5,53.875,7,2014,Monsoon
2014-07-07,33.32083333333333,39.0,28.0,24,0.1,55.75,7,2014,Monsoon
2014-07-08,34.766666666666666,40.5,28.6,24,0.0,46.708333333333336,7,2014,Monsoon
2014-07-09,34.97083333333333,39.9,29.6,24,0.0,35.083333333333336,7,2014,Monsoon
2014-07-10,35.5625,41.0,29.4,24,0.0,32.666666666666664,7,2014,Monsoon
2014-07-11,35.99583333333333,41.6,29.9,24,0.0,35.208333333333336,7,2014,Monsoon
2014-07-12,35.17916666666667,40.5,29.8,24,0.0,49.083333333333336,7,2014,Monsoon
2014-07-13,34.395833333333336,38.2,30.8,24,0.30000000000000004,58.083333333333336,7,2014,Monsoon
2014-07-14,31.379166666666666,35.6,27.7,24,2.6,69.625,7,2014,Monsoon
2014-07-15,31.808333333333334,36.7,27.6,24,1.8,68.29166666666667,7,2014,Monsoon
2014-07-16,30.958333333333332,35.1,28.6,24,4.8,68.54166666666667,7,2014,Monsoon
2014-07-17,30.59583333333333,35.1,27.9,24,2.8000000000000003,70.16666666666667,7,2014,Monsoon
2014-07-18,26.837500000000002,29.1,25.8,24,19.7,90.54166666666667,7,2014,Monsoon
2014-07-19,27.275000000000002,29.2,25.9,24,10.2,85.75,7,2014,Monsoon
2014-07-20,28.516666666666666,32.3,25.2,24,0.8,80.16666666666667,7,2014,Monsoon
2014-07-21,30.099999999999998,34.4,26.1,24,1.4000000000000001,75.33333333333333,7,2014,Monsoon
2014-07-22,30.366666666666664,33.9,27.2,24,0.30000000000000004,74.16666666666667,7,2014,Monsoon
2014-07-23,29.204166666666666,32.3,27.3,24,0.6,76.79166666666667,7,2014,Monsoon
2014-07-24,29.170833333333334,32.2,26.8,24,0.0,70.625,7,2014,Monsoon
2014-07-25,28.6875,31.5,26.2,24,0.7,71.625,7,2014,Monsoon
2014-07-26,29.691666666666666,33.5,26.4,24,1.1,72.875,7,2014,Monsoon
2014-07-27,29.974999999999998,34.4,27.0,24,6.199999999999999,76.83333333333333,7,2014,Monsoon
2014-07-28,27.504166666666666,31.0,25.5,24,10.2,85.83333333333333,7,2014,Monsoon
2014-07-29,27.2625,31.0,25.2,24,15.6,86.625,7,2014,Monsoon
2014-07-30,29.191666666666666,33.1,25.8,24,0.8,79.625,7,2014,Monsoon
2014-07-31,28.745833333333334,31.7,26.2,24,3.6,82.5,7,2014,Monsoon
2014-08-01,28.962500000000002,32.8,26.7,24,7.4,82.54166666666667,8,2014,Monsoon
2014-08-02,30.075,34.0,26.6,24,10.8,79.79166666666667,8,2014,Monsoon
2014-08-03,29.224999999999998,33.2,26.1,24,14.0,82.125,8,2014,Monsoon
2014-08-04,27.075,30.5,25.6,24,27.7,90.91666666666667,8,2014,Monsoon
2014-08-05,27.25,30.5,25.3,24,21.8,89.79166666666667,8,2014,Monsoon
2014-08-06,29.166666666666668,32.2,26.2,24,1.6,78.375,8,2014,Monsoon
2014-08-07,28.71666666666667,30.9,26.7,24,0.2,78.16666666666667,8,2014,Monsoon
2014-08-08,28.2375,31.0,25.4,24,3.0,81.0,8,2014,Monsoon
2014-08-09,28.662499999999998,32.1,26.1,24,1.8,83.79166666666667,8,2014,Monsoon
2014-08-10,29.59166666666667,33.2,26.6,24,1.2000000000000002,81.125,8,2014,Monsoon
2014-08-11,29.120833333333334,32.7,26.1,24,1.3,83.29166666666667,8,2014,Monsoon
2014-08-12,29.96666666666667,34.2,26.3,24,2.7,77.375,8,2014,Monsoon
2014-08-13,30.02916666666667,33.5,27.3,24,0.9,70.625,8,2014,Monsoon
2014-08-14,29.929166666666664,33.5,26.7,24,0.1,66.25,8,2014,Monsoon
2014-08-15,29.145833333333332,32.1,26.9,24,0.4,70.58333333333333,8,2014,Monsoon
2014-08-16,28.858333333333334,31.9,25.9,24,0.4,69.58333333333333,8,2014,Monsoon
2014-08-17,29.84583333333333,33.7,26.4,24,0.0,61.75,8,2014,Monsoon
2014-08-18,29.9375,34.5,25.5,24,0.0,64.04166666666667,8,2014,Monsoon
2014-08-19,31.0625,36.2,26.2,24,0.0,59.458333333333336,8,2014,Monsoon
2014-08-20,31.854166666666668,37.7,25.9,24,0.0,52.166666666666664,8,2014,Monsoon
2014-08-21,32.637499999999996,38.4,27.8,24,0.0,44.083333333333336,8,2014,Monsoon
2014-08-22,32.46666666666667,37.8,27.1,24,0.0,44.458333333333336,8,2014,Monsoon
2014-08-23,32.84166666666667,38.1,26.8,24,0.0,41.916666666666664,8,2014,Monsoon
2014-08-24,33.291666666666664,39.0,26.7,24,0.0,39.625,8,2014,Monsoon
2014-08-25,33.604166666666664,39.5,26.7,24,0.0,40.25,8,2014,Monsoon
2014-08-26,34.24583333333333,39.5,29.2,24,1.8,42.083333333333336,8,2014,Monsoon
2014-08-27,32.2875,38.0,28.4,24,2.3000000000000003,53.0,8,2014,Monsoon
2014-08-28,30.191666666666666,35.6,27.1,24,3.9,68.41666666666667,8,2014,Monsoon
2014-08-29,30.329166666666666,34.4,26.8,24,0.6,68.20833333333333,8,2014,Monsoon
2014-08-30,29.858333333333334,34.3,27.3,24,7.3,72.79166666666667,8,2014,Monsoon
2014-08-31,30.09166666666667,33.7,27.0,24,0.9,72.33333333333333,8,2014,Monsoon
2014-09-01,29.02916666666667,32.7,26.8,24,2.3000000000000003,71.125,9,2014,Monsoon
2014-09-02,28.554166666666664,32.9,25.7,24,3.4,73.29166666666667,9,2014,Monsoon
2014-09-03,27.520833333333332,31.0,25.8,24,11.2,79.83333333333333,9,2014,Monsoon
2014-09-04,26.46666666666667,29.2,24.5,24,14.7,86.45833333333333,9,2014,Monsoon
2014-09-05,25.495833333333334,28.3,23.9,24,25.0,91.66666666666667,9,2014,Monsoon
2014-09-06,27.15416666666667,30.7,24.0,24,0.8,86.41666666666667,9,2014,Monsoon
2014-09-07,28.09166666666667,32.1,24.8,24,3.8000000000000003,83.66666666666667,9,2014,Monsoon
2014-09-08,28.545833333333334,32.3,26.0,24,4.0,82.16666666666667,9,2014,Monsoon
2014-09-09,28.849999999999998,32.9,25.8,24,1.0,79.79166666666667,9,2014,Monsoon
2014-09-10,27.633333333333336,31.4,24.8,24,10.9,83.70833333333333,9,2014,Monsoon
2014-09-11,26.65416666666667,30.4,24.3,24,6.2,86.83333333333333,9,2014,Monsoon
2014-09-12,26.5125,31.2,23.6,24,0.7,84.58333333333333,9,2014,Monsoon
2014-09-13,27.629166666666666,31.7,23.3,24,0.4,78.33333333333333,9,2014,Monsoon
2014-09-14,28.28333333333333,32.3,24.8,24,0.1,76.125,9,2014,Monsoon
2014-09-15,28.362499999999997,32.6,24.4,24,0.2,75.08333333333333,9,2014,Monsoon
2014-09-16,28.28333333333333,32.5,24.2,24,0.2,73.66666666666667,9,2014,Monsoon
2014-09-17,28.633333333333336,33.3,24.1,24,0.1,70.83333333333333,9,2014,Monsoon
2014-09-18,29.504166666666666,34.8,25.4,24,0.0,64.16666666666667,9,2014,Monsoon
2014-09-19,29.7,35.2,25.4,24,0.0,61.708333333333336,9,2014,Monsoon
2014-09-20,29.383333333333336,34.5,25.0,24,0.0,63.458333333333336,9,2014,Monsoon
2014-09-21,29.816666666666666,35.9,24.3,24,0.0,58.791666666666664,9,2014,Monsoon
2014-09-22,30.166666666666668,36.1,25.0,24,0.0,49.375,9,2014,Monsoon
2014-09-23,30.212500000000002,36.0,25.9,24,0.0,44.541666666666664,9,2014,Monsoon
2014-09-24,29.895833333333332,36.0,25.1,24,0.0,43.083333333333336,9,2014,Monsoon
2014-09-25,29.974999999999998,35.7,24.4,24,0.0,45.0,9,2014,Monsoon
2014-09-26,29.916666666666668,35.3,24.1,24,0.0,45.5,9,2014,Monsoon
2014-09-27,30.229166666666668,36.0,24.7,24,0.0,44.0,9,2014,Monsoon
2014-09-28,30.3125,36.3,24.5,24,0.0,43.916666666666664,9,2014,Monsoon
2014-09-29,30.445833333333336,36.3,24.0,24,0.0,45.291666666666664,9,2014,Monsoon
2014-09-30,30.541666666666668,36.6,25.4,24,0.0,46.708333333333336,9,2014,Monsoon
2014-10-01,30.045833333333334,35.9,24.0,24,0.0,54.25,10,2014,Post-monsoon
2014-10-02,30.037499999999998,35.4,24.3,24,0.0,52.5,10,2014,Post-monsoon
2014-10-03,30.1125,35.7,24.1,24,0.0,53.041666666666664,10,2014,Post-monsoon
2014-10-04,30.537499999999998,36.9,24.7,24,0.0,52.5,10,2014,Post-monsoon
2014-10-05,30.3125,35.9,24.4,24,0.0,56.458333333333336,10,2014,Post-monsoon
2014-10-06,30.325,36.3,24.4,24,0.0,55.25,10,2014,Post-monsoon
2014-10-07,29.820833333333336,34.6,24.7,24,0.0,58.375,10,2014,Post-monsoon
2014-10-08,29.84583333333333,34.7,25.1,24,0.0,54.375,10,2014,Post-monsoon
2014-10-09,29.495833333333334,35.3,23.4,24,0.0,46.708333333333336,10,2014,Post-monsoon
2014-10-10,28.258333333333336,35.2,21.3,24,0.0,38.916666666666664,10,2014,Post-monsoon
2014-10-11,27.766666666666666,34.5,21.0,24,0.0,46.291666666666664,10,2014,Post-monsoon
2014-10-12,27.066666666666666,34.1,19.7,24,0.0,49.166666666666664,10,2014,Post-monsoon
2014-10-13,26.525000000000002,32.5,20.2,24,0.5,57.875,10,2014,Post-monsoon
2014-10-14,24.02916666666667,27.9,21.3,24,3.7,73.875,10,2014,Post-monsoon
2014-10-15,24.2,29.5,18.7,24,0.5,71.04166666666667,10,2014,Post-monsoon
2014-10-16,24.241666666666664,30.3,18.5,24,0.0,56.75,10,2014,Post-monsoon
2014-10-17,23.787499999999998,30.5,16.8,24,0.0,52.541666666666664,10,2014,Post-monsoon
2014-10-18,24.162499999999998,30.9,17.3,24,0.0,53.291666666666664,10,2014,Post-monsoon
2014-10-19,24.683333333333334,31.6,17.7,24,0.0,50.208333333333336,10,2014,Post-monsoon
2014-10-20,25.55,32.3,18.7,24,0.0,49.5,10,2014,Post-monsoon
2014-10-21,26.462500000000002,32.5,20.4,24,0.0,51.208333333333336,10,2014,Post-monsoon
2014-10-22,26.391666666666666,32.5,20.5,24,0.0,54.125,10,2014,Post-monsoon
2014-10-23,26.441666666666666,32.0,21.0,24,0.0,55.666666666666664,10,2014,Post-monsoon
2014-10-24,26.037499999999998,31.5,20.5,24,0.0,57.291666666666664,10,2014,Post-monsoon
2014-10-25,24.708333333333332,31.1,20.1,24,2.4000000000000004,65.5,10,2014,Post-monsoon
2014-10-26,25.09166666666667,30.8,19.9,24,0.0,60.958333333333336,10,2014,Post-monsoon
2014-10-27,25.34583333333333,30.6,20.9,24,0.0,57.458333333333336,10,2014,Post-monsoon
2014-10-28,25.425,31.7,19.6,24,0.0,58.791666666666664,10,2014,Post-monsoon
2014-10-29,25.150000000000002,31.6,18.6,24,0.0,58.458333333333336,10,2014,Post-monsoon
2014-10-30,25.21666666666667,31.0,19.0,24,0.0,56.875,10,2014,Post-monsoon
2014-10-31,24.358333333333334,30.7,18.0,24,0.1,50.333333333333336,10,2014,Post-monsoon
2014-11-01,23.59166666666667,29.2,19.3,24,0.0,46.333333333333336,11,2014,Post-monsoon
2014-11-02,22.854166666666668,30.3,16.2,24,0.0,42.75,11,2014,Post-monsoon
2014-11-03,23.525000000000002,30.8,16.6,24,0.0,46.458333333333336,11,2014,Post-monsoon
2014-11-04,24.366666666666664,31.1,18.5,24,0.0,48.958333333333336,11,2014,Post-monsoon
2014-11-05,23.96666666666667,30.4,18.5,24,0.0,53.541666666666664,11,2014,Post-monsoon
2014-11-06,23.420833333333334,30.2,17.4,24,0.0,51.916666666666664,11,2014,Post-monsoon
2014-11-07,24.766666666666666,31.3,17.9,24,0.0,57.208333333333336,11,2014,Post-monsoon
2014-11-08,25.349999999999998,31.6,18.9,24,0.0,58.25,11,2014,Post-monsoon
2014-11-09,24.46666666666667,30.9,19.2,24,0.0,54.125,11,2014,Post-monsoon
2014-11-10,22.558333333333334,29.5,17.5,24,0.0,40.375,11,2014,Post-monsoon
2014-11-11,20.645833333333332,28.1,14.0,24,0.0,43.958333333333336,11,2014,Post-monsoon
2014-11-12,20.045833333333334,27.5,13.3,24,0.0,46.0,11,2014,Post-monsoon
2014-11-13,19.566666666666666,27.1,12.9,24,0.0,46.0,11,2014,Post-monsoon
2014-11-14,19.083333333333332,26.9,12.5,24,0.0,39.625,11,2014,Post-monsoon
2014-11-15,19.033333333333335,27.0,12.4,24,0.0,40.041666666666664,11,2014,Post-monsoon
2014-11-16,19.279166666666665,27.5,12.1,24,0.0,43.791666666666664,11,2014,Post-monsoon
2014-11-17,19.179166666666667,27.3,12.1,24,0.0,45.458333333333336,11,2014,Post-monsoon
2014-11-18,18.870833333333334,26.8,11.6,24,0.0,48.625,11,2014,Post-monsoon
2014-11-19,18.970833333333335,27.0,11.4,24,0.0,51.666666666666664,11,2014,Post-monsoon
2014-11-20,19.241666666666667,26.9,12.2,24,0.0,51.916666666666664,11,2014,Post-monsoon
2014-11-21,19.245833333333334,26.9,12.4,24,0.0,51.541666666666664,11,2014,Post-monsoon
2014-11-22,18.983333333333334,26.7,11.7,24,0.0,53.875,11,2014,Post-monsoon
2014-11-23,18.770833333333332,26.9,11.6,24,0.0,53.375,11,2014,Post-monsoon
2014-11-24,17.941666666666666,25.6,11.2,24,0.0,49.166666666666664,11,2014,Post-monsoon
2014-11-25,17.970833333333335,25.7,11.1,24,0.0,48.583333333333336,11,2014,Post-monsoon
2014-11-26,18.870833333333334,26.5,12.8,24,0.0,50.25,11,2014,Post-monsoon
2014-11-27,19.408333333333335,26.6,12.3,24,0.0,56.583333333333336,11,2014,Post-monsoon
2014-11-28,20.429166666666667,27.5,13.4,24,0.0,60.958333333333336,11,2014,Post-monsoon
2014-11-29,21.587500000000002,28.7,15.0,24,0.0,63.75,11,2014,Post-monsoon
2014-11-30,20.929166666666667,28.4,15.0,24,0.0,55.041666666666664,11,2014,Post-monsoon
2014-12-01,20.416666666666668,27.9,15.0,24,0.0,43.083333333333336,12,2014,Winter
2014-12-02,19.904166666666665,27.2,14.7,24,0.0,44.541666666666664,12,2014,Winter
2014-12-03,20.2375,27.5,14.4,24,0.0,50.625,12,2014,Winter
2014-12-04,20.091666666666665,27.7,14.3,24,0.0,49.833333333333336,12,2014,Winter
2014-12-05,18.7625,26.6,11.4,24,0.0,55.291666666666664,12,2014,Winter
2014-12-06,18.916666666666668,26.5,12.9,24,0.0,50.708333333333336,12,2014,Winter
2014-12-07,18.745833333333334,26.1,13.3,24,0.0,39.625,12,2014,Winter
2014-12-08,17.745833333333334,25.2,11.4,24,0.0,45.291666666666664,12,2014,Winter
2014-12-09,17.895833333333332,25.1,11.4,24,0.0,55.291666666666664,12,2014,Winter
2014-12-10,15.9375,22.8,10.2,24,0.0,48.875,12,2014,Winter
2014-12-11,14.645833333333334,22.0,7.9,24,0.0,52.041666666666664,12,2014,Winter
2014-12-12,14.908333333333333,21.8,7.1,24,0.0,57.375,12,2014,Winter
2014-12-13,15.241666666666667,19.4,13.0,24,4.3,72.54166666666667,12,2014,Winter
2014-12-14,15.025,17.2,12.8,24,2.3,82.70833333333333,12,2014,Winter
2014-12-15,14.429166666666667,17.9,10.9,24,0.6000000000000001,82.91666666666667,12,2014,Winter
2014-12-16,13.666666666666666,19.4,9.2,24,0.0,76.375,12,2014,Winter
2014-12-17,13.395833333333334,19.9,8.7,24,0.0,71.41666666666667,12,2014,Winter
2014-12-18,13.225,19.7,7.8,24,0.0,73.79166666666667,12,2014,Winter
2014-12-19,12.875,18.3,8.4,24,0.0,79.91666666666667,12,2014,Winter
2014-12-20,11.737499999999999,18.4,6.7,24,0.0,77.875,12,2014,Winter
2014-12-21,10.829166666666666,16.8,6.4,24,0.0,83.33333333333333,12,2014,Winter
2014-12-22,10.033333333333333,16.6,6.1,24,0.0,87.41666666666667,12,2014,Winter
2014-12-23,10.691666666666668,17.2,6.2,24,0.0,87.33333333333333,12,2014,Winter
2014-12-24,11.908333333333333,18.9,5.7,24,0.0,80.375,12,2014,Winter
2014-12-25,12.333333333333334,18.7,7.5,24,0.0,78.54166666666667,12,2014,Winter
2014-12-26,12.679166666666667,19.3,7.7,24,0.0,73.08333333333333,12,2014,Winter
2014-12-27,12.9,19.7,7.9,24,0.0,70.33333333333333,12,2014,Winter
2014-12-28,11.879166666666668,18.4,5.8,24,0.0,72.04166666666667,12,2014,Winter
2014-12-29,11.404166666666667,18.5,5.9,24,0.0,72.58333333333333,12,2014,Winter
2014-12-30,11.941666666666668,19.3,4.7,24,0.0,76.66666666666667,12,2014,Winter
2014-12-31,12.616666666666667,18.5,7.4,24,0.0,78.83333333333333,12,2014,Winter
2015-01-01,16.2625,21.3,11.6,24,0.0,68.0,1,2015,Winter
2015-01-02,15.225,17.2,14.1,24,2.6,83.16666666666667,1,2015,Winter
2015-01-03,15.566666666666668,18.1,13.9,24,0.1,83.66666666666667,1,2015,Winter
2015-01-04,14.333333333333334,19.1,10.9,24,0.0,78.5,1,2015,Winter
2015-01-05,14.183333333333332,20.5,9.5,24,0.0,74.08333333333333,1,2015,Winter
2015-01-06,15.033333333333333,20.6,10.5,24,0.0,75.29166666666667,1,2015,Winter
2015-01-07,13.762500000000001,18.1,10.0,24,0.0,78.70833333333333,1,2015,Winter
2015-01-08,12.975,19.6,6.8,24,0.0,80.54166666666667,1,2015,Winter
2015-01-09,12.3375,18.7,6.3,24,0.0,82.79166666666667,1,2015,Winter
2015-01-10,11.833333333333334,18.1,7.4,24,0.0,81.54166666666667,1,2015,Winter
2015-01-11,11.637500000000001,18.1,6.7,24,0.0,84.33333333333333,1,2015,Winter
2015-01-12,11.208333333333334,17.7,6.0,24,0.0,86.70833333333333,1,2015,Winter
2015-01-13,11.174999999999999,17.6,6.3,24,0.0,87.375,1,2015,Winter
2015-01-14,12.8375,16.8,10.1,24,3.9,84.95833333333333,1,2015,Winter
2015-01-15,11.941666666666668,18.3,7.7,24,0.0,83.875,1,2015,Winter
2015-01-16,13.25,19.5,7.5,24,0.0,77.70833333333333,1,2015,Winter
2015-01-17,13.725,20.3,8.1,24,0.0,79.08333333333333,1,2015,Winter
2015-01-18,13.591666666666667,20.4,7.7,24,0.0,75.875,1,2015,Winter
2015-01-19,13.041666666666666,19.7,6.2,24,0.0,74.91666666666667,1,2015,Winter
2015-01-20,12.612499999999999,19.2,6.3,24,0.0,79.375,1,2015,Winter
2015-01-21,12.508333333333333,16.3,9.9,24,3.5,80.83333333333333,1,2015,Winter
2015-01-22,12.808333333333332,15.6,11.1,24,17.7,86.79166666666667,1,2015,Winter
2015-01-23,14.041666666666666,17.9,11.1,24,0.0,82.91666666666667,1,2015,Winter
2015-01-24,14.345833333333333,17.4,10.9,24,0.0,80.08333333333333,1,2015,Winter
2015-01-25,13.629166666666668,17.5,9.2,24,0.0,75.25,1,2015,Winter
2015-01-26,13.241666666666667,18.1,8.1,24,0.0,74.54166666666667,1,2015,Winter
2015-01-27,12.770833333333334,17.5,8.9,24,0.0,69.375,1,2015,Winter
2015-01-28,11.329166666666666,17.2,6.8,24,0.0,73.91666666666667,1,2015,Winter
2015-01-29,10.862499999999999,17.7,4.8,24,0.0,68.33333333333333,1,2015,Winter
2015-01-30,11.6625,18.7,5.3,24,0.0,66.70833333333333,1,2015,Winter
2015-01-31,13.025,19.9,7.7,24,0.0,64.625,1,2015,Winter
2015-02-01,13.7875,20.7,7.0,24,0.0,73.95833333333333,2,2015,Winter
2015-02-02,15.766666666666666,21.6,11.0,24,1.2,75.33333333333333,2,2015,Winter
2015-02-03,16.95,21.9,13.3,24,12.5,78.04166666666667,2,2015,Winter
2015-02-04,13.829166666666666,19.9,9.6,24,0.0,85.70833333333333,2,2015,Winter
2015-02-05,14.054166666666667,20.5,9.1,24,0.0,76.08333333333333,2,2015,Winter
2015-02-06,13.4125,20.7,7.0,24,0.0,72.625,2,2015,Winter
2015-02-07,14.683333333333332,22.1,7.7,24,0.0,69.29166666666667,2,2015,Winter
2015-02-08,15.237499999999999,22.3,9.8,24,2.1,73.04166666666667,2,2015,Winter
2015-02-09,15.695833333333333,23.1,9.9,24,0.0,71.625,2,2015,Winter
2015-02-10,15.045833333333334,22.0,9.5,24,0.0,67.08333333333333,2,2015,Winter
2015-02-11,14.733333333333334,22.0,7.9,24,0.0,64.375,2,2015,Winter
2015-02-12,15.120833333333332,22.1,8.6,24,0.0,69.375,2,2015,Winter
2015-02-13,16.587500000000002,24.3,9.4,24,0.0,63.041666666666664,2,2015,Winter
2015-02-14,18.716666666666665,26.5,11.4,24,0.0,63.291666666666664,2,2015,Winter
2015-02-15,18.275000000000002,25.4,11.0,24,0.0,71.66666666666667,2,2015,Winter
2015-02-16,19.783333333333335,26.2,13.9,24,0.0,70.33333333333333,2,2015,Winter
2015-02-17,20.358333333333334,26.5,15.7,24,1.6,74.0,2,2015,Winter
2015-02-18,19.675,26.1,15.5,24,12.0,77.20833333333333,2,2015,Winter
2015-02-19,19.979166666666668,26.7,14.4,24,2.5,78.20833333333333,2,2015,Winter
2015-02-20,21.141666666666666,27.0,17.0,24,0.0,74.25,2,2015,Winter
2015-02-21,20.583333333333332,26.5,14.7,24,0.0,75.58333333333333,2,2015,Winter
2015-02-22,20.5,27.1,15.4,24,0.0,69.04166666666667,2,2015,Winter
2015-02-23,20.095833333333335,26.4,13.1,24,0.0,77.41666666666667,2,2015,Winter
2015-02-24,20.895833333333332,27.2,14.3,24,0.1,79.0,2,2015,Winter
2015-02-25,21.358333333333334,27.2,16.8,24,8.1,79.625,2,2015,Winter
2015-02-26,18.616666666666667,24.5,13.7,24,0.0,68.33333333333333,2,2015,Winter
2015-02-27,16.895833333333332,23.6,11.7,24,0.0,67.54166666666667,2,2015,Winter
2015-02-28,18.099999999999998,25.4,11.4,24,0.2,56.416666666666664,2,2015,Winter
2015-03-01,16.979166666666668,19.0,15.7,24,22.1,83.70833333333333,3,2015,Summer
2015-03-02,16.320833333333333,19.4,14.4,24,21.8,92.66666666666667,3,2015,Summer
2015-03-03,15.641666666666666,19.5,12.6,24,0.7999999999999999,85.45833333333333,3,2015,Summer
2015-03-04,15.204166666666666,21.6,9.7,24,0.0,71.70833333333333,3,2015,Summer
2015-03-05,16.520833333333332,23.7,8.9,24,0.0,69.91666666666667,3,2015,Summer
2015-03-06,18.141666666666666,24.9,12.6,24,0.0,70.0,3,2015,Summer
2015-03-07,18.212500000000002,25.5,11.7,24,10.5,76.29166666666667,3,2015,Summer
2015-03-08,18.1875,24.0,13.8,24,0.9,79.54166666666667,3,2015,Summer
2015-03-09,16.483333333333334,22.4,11.2,24,4.3,70.16666666666667,3,2015,Summer
2015-03-10,16.070833333333333,23.1,9.6,24,0.0,69.75,3,2015,Summer
2015-03-11,17.308333333333334,24.7,10.3,24,0.0,69.95833333333333,3,2015,Summer
2015-03-12,18.416666666666668,26.5,10.1,24,0.0,67.75,3,2015,Summer
2015-03-13,18.854166666666668,25.3,13.3,24,3.1,75.83333333333333,3,2015,Summer
2015-03-14,19.983333333333334,26.1,14.2,24,4.2,78.625,3,2015,Summer
2015-03-15,18.133333333333333,22.5,16.0,24,20.6,87.91666666666667,3,2015,Summer
2015-03-16,18.1375,22.5,15.2,24,6.7,86.66666666666667,3,2015,Summer
2015-03-17,19.279166666666665,25.1,13.7,24,0.0,75.95833333333333,3,2015,Summer
2015-03-18,18.795833333333334,24.7,13.6,24,0.0,70.04166666666667,3,2015,Summer
2015-03-19,19.162499999999998,26.3,11.8,24,0.0,68.95833333333333,3,2015,Summer
2015-03-20,20.241666666666667,27.8,12.4,24,0.0,66.95833333333333,3,2015,Summer
2015-03-21,21.90833333333333,29.2,14.4,24,0.0,69.16666666666667,3,2015,Summer
2015-03-22,23.15833333333333,30.2,16.8,24,0.0,62.625,3,2015,Summer
2015-03-23,23.900000000000002,31.1,17.6,24,0.0,62.208333333333336,3,2015,Summer
2015-03-24,24.162499999999998,32.2,15.6,24,0.0,63.833333333333336,3,2015,Summer
2015-03-25,25.179166666666664,32.5,17.4,24,0.0,61.458333333333336,3,2015,Summer
2015-03-26,26.741666666666664,33.6,20.2,24,0.0,57.666666666666664,3,2015,Summer
2015-03-27,27.266666666666666,33.8,21.2,24,0.0,56.5,3,2015,Summer
2015-03-28,25.495833333333334,34.1,16.4,24,0.0,52.333333333333336,3,2015,Summer
2015-03-29,25.670833333333334,32.2,20.7,24,1.0,52.083333333333336,3,2015,Summer
2015-03-30,22.241666666666664,27.1,19.5,24,3.5999999999999996,74.54166666666667,3,2015,Summer
2015-03-31,22.920833333333334,28.1,17.4,24,0.1,69.66666666666667,3,2015,Summer
2015-04-01,24.28333333333333,31.0,17.9,24,0.6,65.29166666666667,4,2015,Summer
2015-04-02,26.537499999999998,33.3,19.2,24,0.0,55.875,4,2015,Summer
2015-04-03,23.525000000000002,30.1,19.1,24,10.5,72.0,4,2015,Summer
2015-04-04,20.849999999999998,25.1,18.6,24,16.3,82.83333333333333,4,2015,Summer
2015-04-05,22.383333333333336,28.5,15.5,24,0.0,68.25,4,2015,Summer
2015-04-06,23.787499999999998,30.0,16.2,24,0.0,58.25,4,2015,Summer
2015-04-07,22.2625,27.7,16.9,24,5.5,66.70833333333333,4,2015,Summer
2015-04-08,23.445833333333336,30.0,16.6,24,0.3,62.083333333333336,4,2015,Summer
2015-04-09,23.9375,31.0,17.0,24,0.0,56.875,4,2015,Summer
2015-04-10,25.416666666666668,33.0,17.3,24,0.0,51.416666666666664,4,2015,Summer
2015-04-11,26.120833333333334,34.2,18.2,24,0.1,49.041666666666664,4,2015,Summer
2015-04-12,24.454166666666666,29.2,20.2,24,0.0,56.416666666666664,4,2015,Summer
2015-04-13,23.587500000000002,29.2,18.9,24,7.2,69.83333333333333,4,2015,Summer
2015-04-14,24.166666666666668,29.7,19.0,24,0.4,69.75,4,2015,Summer
2015-04-15,25.558333333333334,31.7,19.3,24,0.0,62.875,4,2015,Summer
2015-04-16,26.070833333333336,31.4,20.5,24,0.0,61.833333333333336,4,2015,Summer
2015-04-17,27.391666666666666,35.1,19.7,24,0.0,55.375,4,2015,Summer
2015-04-18,29.662499999999998,37.4,21.0,24,0.0,45.416666666666664,4,2015,Summer
2015-04-19,31.349999999999998,39.5,21.2,24,0.0,38.416666666666664,4,2015,Summer
2015-04-20,31.545833333333334,39.0,24.6,24,0.0,38.041666666666664,4,2015,Summer
2015-04-21,30.958333333333332,38.6,22.4,24,0.0,35.791666666666664,4,2015,Summer
2015-04-22,30.245833333333334,38.2,21.7,24,0.0,26.625,4,2015,Summer
2015-04-23,30.6375,38.7,21.2,24,0.0,24.291666666666668,4,2015,Summer
2015-04-24,31.40416666666667,39.3,22.4,24,0.0,26.541666666666668,4,2015,Summer
2015-04-25,29.829166666666666,37.0,23.5,24,0.3,35.458333333333336,4,2015,Summer
2015-04-26,28.55,34.4,23.2,24,0.0,48.833333333333336,4,2015,Summer
2015-04-27,29.629166666666666,36.5,23.8,24,0.8999999999999999,50.041666666666664,4,2015,Summer
2015-04-28,29.84583333333333,37.2,24.1,24,3.9000000000000004,49.791666666666664,4,2015,Summer
2015-04-29,29.8875,36.6,23.2,24,0.0,46.041666666666664,4,2015,Summer
2015-04-30,30.620833333333334,38.1,22.8,24,1.1,45.625,4,2015,Summer
2015-05-01,30.358333333333334,36.5,24.1,24,0.0,39.958333333333336,5,2015,Summer
2015-05-02,30.224999999999998,37.3,22.0,24,0.0,28.625,5,2015,Summer
2015-05-03,30.245833333333334,38.0,21.0,24,0.0,24.666666666666668,5,2015,Summer
2015-05-04,30.566666666666666,38.9,20.9,24,0.0,28.041666666666668,5,2015,Summer
2015-05-05,31.633333333333336,40.0,20.9,24,0.0,27.625,5,2015,Summer
2015-05-06,32.65,42.5,22.4,24,0.0,26.708333333333332,5,2015,Summer
2015-05-07,33.65416666666667,42.7,24.1,24,0.0,24.625,5,2015,Summer
2015-05-08,34.7125,42.1,26.7,24,0.0,17.791666666666668,5,2015,Summer
2015-05-09,34.09583333333333,40.8,26.8,24,0.0,22.833333333333332,5,2015,Summer
2015-05-10,33.53333333333333,41.7,25.1,24,0.0,25.333333333333332,5,2015,Summer
2015-05-11,32.92916666666667,39.6,25.4,24,0.8,34.0,5,2015,Summer
2015-05-12,31.21666666666667,36.3,25.8,24,1.3,47.625,5,2015,Summer
2015-05-13,30.070833333333336,35.7,26.1,24,5.8,60.0,5,2015,Summer
2015-05-14,29.59583333333333,35.8,24.3,24,1.3,57.75,5,2015,Summer
2015-05-15,29.816666666666666,36.6,24.4,24,3.5,50.375,5,2015,Summer
2015-05-16,30.120833333333334,35.9,23.3,24,0.0,54.75,5,2015,Summer
2015-05-17,31.583333333333332,37.9,24.7,24,0.0,46.833333333333336,5,2015,Summer
2015-05-18,34.5875,41.2,27.6,24,0.30000000000000004,38.833333333333336,5,2015,Summer
2015-05-19,34.083333333333336,41.5,26.8,24,1.4000000000000001,30.916666666666668,5,2015,Summer
2015-05-20,33.49166666666667,40.3,26.3,24,0.0,31.333333333333332,5,2015,Summer
2015-05-21,33.604166666666664,41.7,24.6,24,0.0,26.75,5,2015,Summer
2015-05-22,34.425000000000004,42.6,26.2,24,0.0,23.083333333333332,5,2015,Summer
2015-05-23,34.59166666666667,43.2,25.5,24,0.0,22.208333333333332,5,2015,Summer
2015-05-24,35.05833333333333,42.8,27.1,24,0.0,22.708333333333332,5,2015,Summer
2015-05-25,35.291666666666664,44.1,26.2,24,0.0,20.666666666666668,5,2015,Summer
2015-05-26,35.420833333333334,44.0,27.7,24,0.0,18.166666666666668,5,2015,Summer
2015-05-27,33.92916666666667,41.8,26.1,24,0.0,17.291666666666668,5,2015,Summer
2015-05-28,34.025,41.2,25.1,24,0.0,20.416666666666668,5,2015,Summer
2015-05-29,35.050000000000004,41.7,27.0,24,0.0,26.25,5,2015,Summer
2015-05-30,35.016666666666666,41.5,27.7,24,0.0,26.625,5,2015,Summer
2015-05-31,34.833333333333336,41.5,26.9,24,0.1,25.0,5,2015,Summer
2015-06-01,33.24166666666667,39.8,25.9,24,0.2,30.083333333333332,6,2015,Monsoon
2015-06-02,32.1,37.8,27.2,24,0.30000000000000004,35.416666666666664,6,2015,Monsoon
2015-06-03,31.2,37.9,25.4,24,0.5,42.166666666666664,6,2015,Monsoon
2015-06-04,30.758333333333336,37.5,24.4,24,0.0,48.375,6,2015,Monsoon
2015-06-05,32.80833333333333,37.9,27.2,24,0.1,40.208333333333336,6,2015,Monsoon
2015-06-06,33.083333333333336,39.0,26.6,24,0.0,35.375,6,2015,Monsoon
2015-06-07,34.300000000000004,40.4,26.2,24,0.0,30.916666666666668,6,2015,Monsoon
2015-06-08,35.4625,42.5,27.0,24,0.0,27.541666666666668,6,2015,Monsoon
2015-06-09,36.295833333333334,42.6,29.5,24,0.0,25.0,6,2015,Monsoon
2015-06-10,36.28333333333333,41.4,30.8,24,0.5,33.458333333333336,6,2015,Monsoon
2015-06-11,35.82083333333333,40.2,30.8,24,0.1,33.833333333333336,6,2015,Monsoon
2015-06-12,35.37916666666667,40.6,29.9,24,0.0,36.791666666666664,6,2015,Monsoon
2015-06-13,34.07083333333333,40.1,30.2,24,2.4000000000000004,38.083333333333336,6,2015,Monsoon
2015-06-14,28.991666666666664,32.9,25.6,24,3.7,69.04166666666667,6,2015,Monsoon
2015-06-15,29.420833333333334,33.9,23.8,24,5.6000000000000005,69.16666666666667,6,2015,Monsoon
2015-06-16,31.854166666666668,36.5,27.1,24,0.0,59.875,6,2015,Monsoon
2015-06-17,32.666666666666664,37.6,27.8,24,0.4,57.916666666666664,6,2015,Monsoon
2015-06-18,34.0875,39.1,28.6,24,0.0,46.291666666666664,6,2015,Monsoon
2015-06-19,34.454166666666666,39.2,29.4,24,0.1,47.708333333333336,6,2015,Monsoon
2015-06-20,32.74166666666667,37.2,28.8,24,1.1,57.791666666666664,6,2015,Monsoon
2015-06-21,32.09166666666667,36.4,28.9,24,1.7,61.958333333333336,6,2015,Monsoon
2015-06-22,31.933333333333334,36.9,26.7,24,0.6000000000000001,61.625,6,2015,Monsoon
2015-06-23,33.0875,38.2,28.6,24,0.0,56.166666666666664,6,2015,Monsoon
2015-06-24,31.120833333333334,36.4,26.6,24,16.8,69.79166666666667,6,2015,Monsoon
2015-06-25,26.099999999999998,27.2,25.2,24,32.6,91.54166666666667,6,2015,Monsoon
2015-06-26,29.791666666666668,34.7,24.6,24,0.0,70.04166666666667,6,2015,Monsoon
2015-06-27,31.495833333333334,35.9,27.6,24,0.0,66.16666666666667,6,2015,Monsoon
2015-06-28,32.333333333333336,37.2,28.1,24,0.4,64.16666666666667,6,2015,Monsoon
2015-06-29,30.441666666666666,33.8,27.0,24,0.0,67.375,6,2015,Monsoon
2015-06-30,28.791666666666668,32.9,25.8,24,0.4,68.08333333333333,6,2015,Monsoon
2015-07-01,30.03333333333333,34.8,25.6,24,0.7999999999999999,70.04166666666667,7,2015,Monsoon
2015-07-02,30.795833333333334,36.0,26.7,24,0.6,67.5,7,2015,Monsoon
2015-07-03,32.03333333333333,37.2,28.1,24,0.3,63.791666666666664,7,2015,Monsoon
2015-07-04,31.7375,35.8,27.1,24,0.6000000000000001,63.625,7,2015,Monsoon
2015-07-05,31.458333333333332,37.3,27.5,24,12.3,67.58333333333333,7,2015,Monsoon
2015-07-06,29.666666666666668,32.6,25.9,24,6.3,76.70833333333333,7,2015,Monsoon
2015-07-07,27.608333333333334,31.5,24.9,24,14.6,84.20833333333333,7,2015,Monsoon
2015-07-08,28.212500000000002,31.9,25.4,24,16.5,84.04166666666667,7,2015,Monsoon
2015-07-09,27.820833333333336,31.8,25.7,24,18.7,86.58333333333333,7,2015,Monsoon
2015-07-10,26.458333333333332,28.2,25.6,24,61.6,92.91666666666667,7,2015,Monsoon
2015-07-11,24.84583333333333,28.0,23.9,24,44.1,90.75,7,2015,Monsoon
2015-07-12,25.400000000000002,26.9,24.1,24,6.3999999999999995,88.875,7,2015,Monsoon
2015-07-13,27.90416666666667,32.0,24.0,24,1.6,79.83333333333333,7,2015,Monsoon
2015-07-14,29.425,32.9,26.2,24,0.8,77.20833333333333,7,2015,Monsoon
2015-07-15,30.837500000000002,34.8,27.4,24,0.0,69.66666666666667,7,2015,Monsoon
2015-07-16,30.3125,34.3,26.5,24,2.3000000000000003,69.29166666666667,7,2015,Monsoon
2015-07-17,28.054166666666664,31.3,26.2,24,35.2,86.25,7,2015,Monsoon
2015-07-18,28.929166666666664,32.7,26.4,24,5.3,83.29166666666667,7,2015,Monsoon
2015-07-19,28.645833333333332,32.3,26.3,24,12.5,84.20833333333333,7,2015,Monsoon
2015-07-20,27.491666666666664,30.8,25.5,24,17.4,87.66666666666667,7,2015,Monsoon
2015-07-21,28.758333333333336,32.1,26.0,24,3.4,81.20833333333333,7,2015,Monsoon
2015-07-22,28.9875,31.9,26.9,24,1.8,82.04166666666667,7,2015,Monsoon
2015-07-23,29.40833333333333,32.1,27.2,24,0.30000000000000004,75.91666666666667,7,2015,Monsoon
2015-07-24,28.791666666666668,31.5,26.8,24,5.6000000000000005,79.875,7,2015,Monsoon
2015-07-25,28.65416666666667,32.1,26.1,24,3.1999999999999997,80.83333333333333,7,2015,Monsoon
2015-07-26,28.145833333333332,31.0,26.4,24,1.6,77.33333333333333,7,2015,Monsoon
2015-07-27,27.558333333333334,30.7,24.3,24,0.0,75.33333333333333,7,2015,Monsoon
2015-07-28,27.675,31.1,24.7,24,0.2,74.95833333333333,7,2015,Monsoon
2015-07-29,27.349999999999998,29.6,24.9,24,0.0,73.875,7,2015,Monsoon
2015-07-30,27.558333333333334,30.2,25.2,24,2.1,79.125,7,2015,Monsoon
2015-07-31,27.770833333333332,30.4,25.7,24,0.5,76.375,7,2015,Monsoon
2015-08-01,26.825,29.4,25.4,24,5.5,84.16666666666667,8,2015,Monsoon
2015-08-02,27.6375,31.2,25.5,24,2.3,82.79166666666667,8,2015,Monsoon
2015-08-03,28.741666666666664,33.0,25.7,24,0.7000000000000001,81.41666666666667,8,2015,Monsoon
2015-08-04,29.116666666666664,33.0,25.7,24,1.3,79.5,8,2015,Monsoon
2015-08-05,28.504166666666666,32.3,25.7,24,7.2,86.5,8,2015,Monsoon
2015-08-06,28.016666666666666,32.0,26.1,24,10.799999999999999,87.41666666666667,8,2015,Monsoon
2015-08-07,27.650000000000002,32.2,25.9,24,8.4,88.75,8,2015,Monsoon
2015-08-08,25.6875,27.5,24.7,24,29.1,94.125,8,2015,Monsoon
2015-08-09,25.933333333333334,28.4,24.4,24,53.0,93.41666666666667,8,2015,Monsoon
2015-08-10,27.491666666666664,31.2,25.5,24,6.8,88.125,8,2015,Monsoon
2015-08-11,27.204166666666666,29.4,25.6,24,11.1,91.375,8,2015,Monsoon
2015-08-12,28.3,31.7,25.8,24,0.5,83.08333333333333,8,2015,Monsoon
2015-08-13,29.104166666666668,33.1,26.2,24,0.5,82.58333333333333,8,2015,Monsoon
2015-08-14,28.675,32.0,26.0,24,6.4,85.04166666666667,8,2015,Monsoon
2015-08-15,27.900000000000002,30.4,26.3,24,11.1,88.25,8,2015,Monsoon
2015-08-16,27.291666666666668,29.9,25.4,24,6.499999999999999,88.5,8,2015,Monsoon
2015-08-17,28.691666666666666,32.7,25.1,24,0.30000000000000004,83.33333333333333,8,2015,Monsoon
2015-08-18,28.875,33.6,26.0,24,3.2,84.375,8,2015,Monsoon
2015-08-19,28.9875,33.0,25.8,24,1.8,78.45833333333333,8,2015,Monsoon
2015-08-20,29.15833333333333,32.0,26.7,24,0.0,71.0,8,2015,Monsoon
2015-08-21,28.537499999999998,31.8,25.7,24,0.3,72.83333333333333,8,2015,Monsoon
2015-08-22,27.90416666666667,31.3,25.2,24,2.6,76.04166666666667,8,2015,Monsoon
2015-08-23,28.2,32.5,24.5,24,5.1,81.54166666666667,8,2015,Monsoon
2015-08-24,28.6375,32.9,25.4,24,0.4,75.95833333333333,8,2015,Monsoon
2015-08-25,29.52916666666667,33.7,26.4,24,0.0,70.875,8,2015,Monsoon
2015-08-26,30.02916666666667,33.9,26.6,24,0.0,72.20833333333333,8,2015,Monsoon
2015-08-27,29.575,33.3,26.3,24,1.6,79.29166666666667,8,2015,Monsoon
2015-08-28,29.2375,33.4,25.1,24,0.7000000000000001,81.95833333333333,8,2015,Monsoon
2015-08-29,30.054166666666664,33.9,26.5,24,0.0,78.04166666666667,8,2015,Monsoon
2015-08-30,30.054166666666664,34.3,26.1,24,0.2,75.04166666666667,8,2015,Monsoon
2015-08-31,30.041666666666668,34.3,26.4,24,0.0,68.33333333333333,8,2015,Monsoon
2015-09-01,29.441666666666666,34.5,25.6,24,0.0,63.416666666666664,9,2015,Monsoon
2015-09-02,29.008333333333336,33.8,25.5,24,0.0,58.708333333333336,9,2015,Monsoon
2015-09-03,29.045833333333334,34.4,25.2,24,0.0,56.958333333333336,9,2015,Monsoon
2015-09-04,29.675,34.8,24.0,24,0.0,60.958333333333336,9,2015,Monsoon
2015-09-05,28.766666666666666,34.8,23.2,24,0.0,59.541666666666664,9,2015,Monsoon
2015-09-06,28.691666666666666,34.8,23.3,24,0.0,57.541666666666664,9,2015,Monsoon
2015-09-07,29.041666666666668,34.7,24.2,24,0.0,55.25,9,2015,Monsoon
2015-09-08,29.166666666666668,35.1,23.0,24,0.0,57.791666666666664,9,2015,Monsoon
2015-09-09,29.416666666666668,35.4,23.8,24,0.0,56.375,9,2015,Monsoon
2015-09-10,29.0625,35.9,22.1,24,0.0,59.458333333333336,9,2015,Monsoon
2015-09-11,28.920833333333334,35.4,21.9,24,0.0,61.208333333333336,9,2015,Monsoon
2015-09-12,28.916666666666668,34.9,22.6,24,0.3,69.04166666666667,9,2015,Monsoon
2015-09-13,29.895833333333332,35.4,25.1,24,0.0,68.79166666666667,9,2015,Monsoon
2015-09-14,30.46666666666667,36.3,24.1,24,0.0,61.958333333333336,9,2015,Monsoon
2015-09-15,30.179166666666664,35.5,24.5,24,0.0,62.708333333333336,9,2015,Monsoon
2015-09-16,30.1875,35.0,25.7,24,0.0,66.125,9,2015,Monsoon
2015-09-17,29.650000000000002,34.4,24.7,24,0.4,71.66666666666667,9,2015,Monsoon
2015-09-18,29.233333333333334,33.4,26.7,24,1.6,72.29166666666667,9,2015,Monsoon
2015-09-19,27.974999999999998,32.5,24.6,24,24.3,84.45833333333333,9,2015,Monsoon
2015-09-20,28.770833333333332,33.7,26.1,24,5.0,83.20833333333333,9,2015,Monsoon
2015-09-21,28.066666666666666,32.0,25.3,24,9.5,84.54166666666667,9,2015,Monsoon
2015-09-22,28.46666666666667,32.1,25.2,24,2.0,78.83333333333333,9,2015,Monsoon
2015-09-23,27.016666666666666,30.5,24.0,24,0.3,74.91666666666667,9,2015,Monsoon
2015-09-24,26.858333333333334,31.2,23.9,24,0.0,66.79166666666667,9,2015,Monsoon
2015-09-25,26.483333333333334,31.3,22.4,24,0.0,66.875,9,2015,Monsoon
2015-09-26,27.020833333333332,32.5,22.3,24,0.0,66.125,9,2015,Monsoon
2015-09-27,27.8,33.2,22.4,24,0.0,64.375,9,2015,Monsoon
2015-09-28,26.754166666666666,32.5,21.5,24,0.0,65.625,9,2015,Monsoon
2015-09-29,26.4375,33.0,19.9,24,0.0,63.291666666666664,9,2015,Monsoon
2015-09-30,26.458333333333332,33.2,20.4,24,0.0,56.875,9,2015,Monsoon
2015-10-01,26.175,33.2,19.6,24,0.0,60.458333333333336,10,2015,Post-monsoon
2015-10-02,26.433333333333334,34.1,18.4,24,0.0,57.208333333333336,10,2015,Post-monsoon
2015-10-03,27.370833333333334,35.0,19.7,24,0.0,57.291666666666664,10,2015,Post-monsoon
2015-10-04,27.954166666666666,35.5,20.2,24,0.0,56.916666666666664,10,2015,Post-monsoon
2015-10-05,28.258333333333336,35.3,20.5,24,0.0,54.833333333333336,10,2015,Post-monsoon
2015-10-06,28.2625,34.9,20.6,24,0.0,53.166666666666664,10,2015,Post-monsoon
2015-10-07,28.245833333333334,34.5,22.1,24,0.0,56.041666666666664,10,2015,Post-monsoon
2015-10-08,28.34583333333333,34.9,22.3,24,0.0,54.208333333333336,10,2015,Post-monsoon
2015-10-09,28.308333333333334,35.6,21.0,24,0.0,49.833333333333336,10,2015,Post-monsoon
2015-10-10,28.391666666666666,36.3,21.3,24,0.0,40.208333333333336,10,2015,Post-monsoon
2015-10-11,28.175,35.5,22.1,24,0.0,46.0,10,2015,Post-monsoon
2015-10-12,27.754166666666666,34.0,21.2,24,0.0,52.25,10,2015,Post-monsoon
2015-10-13,27.425,32.7,23.6,24,0.4,69.0,10,2015,Post-monsoon
2015-10-14,26.491666666666664,32.9,22.3,24,7.3,73.75,10,2015,Post-monsoon
2015-10-15,26.554166666666664,32.1,21.3,24,0.0,70.33333333333333,10,2015,Post-monsoon
2015-10-16,27.016666666666666,32.9,21.8,24,0.0,67.66666666666667,10,2015,Post-monsoon
2015-10-17,27.354166666666668,33.4,21.5,24,0.0,65.54166666666667,10,2015,Post-monsoon
2015-10-18,27.8625,33.1,22.4,24,0.0,62.833333333333336,10,2015,Post-monsoon
2015-10-19,27.6375,34.1,21.9,24,2.0,63.958333333333336,10,2015,Post-monsoon
2015-10-20,27.40416666666667,34.0,21.3,24,0.3,55.0,10,2015,Post-monsoon
2015-10-21,26.141666666666666,32.6,20.3,24,0.0,52.958333333333336,10,2015,Post-monsoon
2015-10-22,24.854166666666668,31.8,18.3,24,0.0,47.916666666666664,10,2015,Post-monsoon
2015-10-23,24.195833333333336,31.6,17.0,24,0.0,49.375,10,2015,Post-monsoon
2015-10-24,24.983333333333334,31.5,18.8,24,0.0,51.291666666666664,10,2015,Post-monsoon
2015-10-25,25.59583333333333,32.0,19.9,24,0.0,52.375,10,2015,Post-monsoon
2015-10-26,24.929166666666664,30.8,19.4,24,1.5,56.791666666666664,10,2015,Post-monsoon
2015-10-27,23.991666666666664,29.9,18.2,24,0.0,54.458333333333336,10,2015,Post-monsoon
2015-10-28,20.445833333333333,27.4,17.0,24,5.3,71.91666666666667,10,2015,Post-monsoon
2015-10-29,20.9375,26.5,14.9,24,0.0,64.79166666666667,10,2015,Post-monsoon
2015-10-30,21.366666666666664,27.6,15.5,24,0.0,70.79166666666667,10,2015,Post-monsoon
2015-10-31,22.208333333333332,28.2,16.2,24,0.0,66.0,10,2015,Post-monsoon
2015-11-01,23.525000000000002,29.2,18.1,24,0.0,63.75,11,2015,Post-monsoon
2015-11-02,23.47083333333333,29.2,17.0,24,0.0,65.33333333333333,11,2015,Post-monsoon
2015-11-03,23.2,28.4,17.9,24,0.0,66.41666666666667,11,2015,Post-monsoon
2015-11-04,23.337500000000002,28.8,17.6,24,0.0,64.83333333333333,11,2015,Post-monsoon
2015-11-05,22.962500000000002,27.7,19.6,24,0.4,67.20833333333333,11,2015,Post-monsoon
2015-11-06,23.066666666666666,27.7,19.3,24,0.0,68.33333333333333,11,2015,Post-monsoon
2015-11-07,22.370833333333334,27.9,17.2,24,0.0,72.5,11,2015,Post-monsoon
2015-11-08,22.84583333333333,28.4,18.3,24,0.0,72.875,11,2015,Post-monsoon
2015-11-09,22.991666666666664,28.5,17.6,24,0.0,69.20833333333333,11,2015,Post-monsoon
2015-11-10,22.6125,28.9,17.6,24,0.3,66.45833333333333,11,2015,Post-monsoon
2015-11-11,22.09583333333333,28.5,17.0,24,0.0,53.791666666666664,11,2015,Post-monsoon
2015-11-12,22.099999999999998,28.7,16.9,24,0.0,51.916666666666664,11,2015,Post-monsoon
2015-11-13,22.579166666666666,29.6,16.4,24,0.0,58.666666666666664,11,2015,Post-monsoon
2015-11-14,23.195833333333336,29.7,17.9,24,0.0,57.833333333333336,11,2015,Post-monsoon
2015-11-15,22.995833333333334,29.5,16.1,24,0.0,56.208333333333336,11,2015,Post-monsoon
2015-11-16,22.891666666666666,28.7,18.2,24,1.0,53.291666666666664,11,2015,Post-monsoon
2015-11-17,20.283333333333335,27.5,14.6,24,0.0,44.458333333333336,11,2015,Post-monsoon
2015-11-18,18.908333333333335,26.9,11.3,24,0.0,46.75,11,2015,Post-monsoon
2015-11-19,19.537499999999998,26.7,12.1,24,0.0,53.625,11,2015,Post-monsoon
2015-11-20,19.2625,26.6,12.2,24,0.0,62.375,11,2015,Post-monsoon
2015-11-21,19.458333333333332,26.5,12.2,24,0.0,60.083333333333336,11,2015,Post-monsoon
2015-11-22,19.099999999999998,26.5,12.2,24,0.0,62.25,11,2015,Post-monsoon
2015-11-23,18.758333333333333,26.6,11.4,24,0.0,61.916666666666664,11,2015,Post-monsoon
2015-11-24,19.287499999999998,27.3,12.5,24,0.0,56.333333333333336,11,2015,Post-monsoon
2015-11-25,19.558333333333334,27.6,14.1,24,0.0,50.541666666666664,11,2015,Post-monsoon
2015-11-26,19.837500000000002,27.1,12.6,24,0.0,50.25,11,2015,Post-monsoon
2015-11-27,19.195833333333333,24.6,13.7,24,0.0,69.58333333333333,11,2015,Post-monsoon
2015-11-28,19.866666666666667,24.8,16.4,24,0.2,68.66666666666667,11,2015,Post-monsoon
2015-11-29,19.5125,26.1,13.5,24,0.0,67.66666666666667,11,2015,Post-monsoon
2015-11-30,20.829166666666666,27.0,16.1,24,0.0,71.66666666666667,11,2015,Post-monsoon
2015-12-01,20.6375,26.8,15.4,24,0.0,68.875,12,2015,Winter
2015-12-02,19.579166666666666,25.1,15.7,24,0.0,63.458333333333336,12,2015,Winter
2015-12-03,18.099999999999998,24.6,12.4,24,0.0,65.375,12,2015,Winter
2015-12-04,18.462500000000002,25.5,13.1,24,0.0,62.958333333333336,12,2015,Winter
2015-12-05,17.825,25.2,11.0,24,0.0,67.0,12,2015,Winter
2015-12-06,18.266666666666666,25.1,12.3,24,0.0,67.45833333333333,12,2015,Winter
2015-12-07,18.404166666666665,24.7,12.0,24,0.0,70.875,12,2015,Winter
2015-12-08,18.591666666666665,25.3,13.9,24,0.0,69.625,12,2015,Winter
2015-12-09,18.175,23.9,12.4,24,0.0,72.58333333333333,12,2015,Winter
2015-12-10,19.212500000000002,25.4,14.2,24,0.2,73.16666666666667,12,2015,Winter
2015-12-11,17.683333333333334,23.1,13.2,24,0.0,65.20833333333333,12,2015,Winter
2015-12-12,14.641666666666667,19.8,10.0,24,0.0,65.83333333333333,12,2015,Winter
2015-12-13,14.208333333333334,19.8,9.2,24,0.0,62.791666666666664,12,2015,Winter
2015-12-14,13.620833333333332,20.2,8.4,24,0.0,53.416666666666664,12,2015,Winter
2015-12-15,13.549999999999999,21.0,8.1,24,0.0,52.0,12,2015,Winter
2015-12-16,12.845833333333333,20.2,5.4,24,0.0,57.083333333333336,12,2015,Winter
2015-12-17,13.1875,20.0,6.3,24,0.0,62.875,12,2015,Winter
2015-12-18,13.25,20.5,7.3,24,0.0,61.958333333333336,12,2015,Winter
2015-12-19,13.558333333333332,20.5,7.5,24,0.0,59.916666666666664,12,2015,Winter
2015-12-20,13.15,20.0,7.4,24,0.0,62.083333333333336,12,2015,Winter
2015-12-21,13.120833333333335,19.6,6.3,24,0.0,63.125,12,2015,Winter
2015-12-22,13.387500000000001,19.8,7.3,24,0.0,67.45833333333333,12,2015,Winter
2015-12-23,12.875,19.5,6.2,24,0.0,67.45833333333333,12,2015,Winter
2015-12-24,12.820833333333333,19.0,8.1,24,0.0,59.041666666666664,12,2015,Winter
2015-12-25,12.029166666666667,19.3,6.1,24,0.0,52.958333333333336,12,2015,Winter
2015-12-26,13.674999999999999,21.1,7.8,24,0.0,49.25,12,2015,Winter
2015-12-27,15.387500000000001,22.2,9.3,24,0.0,54.708333333333336,12,2015,Winter
2015-12-28,17.091666666666665,23.7,12.2,24,0.0,53.916666666666664,12,2015,Winter
2015-12-29,16.966666666666665,23.4,12.2,24,0.0,53.958333333333336,12,2015,Winter
2015-12-30,16.166666666666668,23.9,10.0,24,0.0,61.583333333333336,12,2015,Winter
2015-12-31,15.262500000000001,23.1,8.7,24,0.0,66.125,12,2015,Winter
2016-01-01,14.870833333333335,22.3,9.3,24,0.0,68.58333333333333,1,2016,Winter
2016-01-02,14.362499999999999,22.0,7.3,24,0.0,65.70833333333333,1,2016,Winter
2016-01-03,14.891666666666666,22.6,8.7,24,0.0,62.666666666666664,1,2016,Winter
2016-01-04,16.008333333333333,22.9,8.4,24,0.0,65.54166666666667,1,2016,Winter
2016-01-05,18.004166666666666,24.5,12.5,24,0.0,68.875,1,2016,Winter
2016-01-06,18.183333333333334,24.2,13.0,24,0.5,74.54166666666667,1,2016,Winter
2016-01-07,17.791666666666668,24.1,11.8,24,0.0,75.58333333333333,1,2016,Winter
2016-01-08,17.070833333333333,23.1,12.2,24,0.0,74.5,1,2016,Winter
2016-01-09,15.629166666666668,21.8,10.7,24,0.0,63.416666666666664,1,2016,Winter
2016-01-10,15.595833333333333,22.5,9.1,24,0.0,67.91666666666667,1,2016,Winter
2016-01-11,16.099999999999998,23.0,9.9,24,0.0,72.04166666666667,1,2016,Winter
2016-01-12,16.466666666666665,23.9,10.2,24,0.0,71.29166666666667,1,2016,Winter
2016-01-13,15.987499999999999,21.8,10.9,24,0.0,75.75,1,2016,Winter
2016-01-14,14.316666666666668,19.3,9.6,24,0.0,77.08333333333333,1,2016,Winter
2016-01-15,13.220833333333333,18.8,8.5,24,0.0,74.95833333333333,1,2016,Winter
2016-01-16,13.045833333333334,18.7,8.8,24,0.0,74.58333333333333,1,2016,Winter
2016-01-17,12.766666666666666,18.4,7.6,24,0.0,76.79166666666667,1,2016,Winter
2016-01-18,12.6,18.5,7.1,24,0.0,77.45833333333333,1,2016,Winter
2016-01-19,12.554166666666667,18.6,7.1,24,0.0,75.375,1,2016,Winter
2016-01-20,12.108333333333334,17.5,7.2,24,0.0,72.625,1,2016,Winter
2016-01-21,11.508333333333333,17.8,6.0,24,0.0,74.79166666666667,1,2016,Winter
2016-01-22,11.387500000000001,18.2,4.8,24,0.0,76.41666666666667,1,2016,Winter
2016-01-23,12.283333333333333,19.4,5.9,24,0.0,76.91666666666667,1,2016,Winter
2016-01-24,12.045833333333334,18.7,6.5,24,0.0,78.41666666666667,1,2016,Winter
2016-01-25,10.633333333333333,17.1,5.0,24,0.0,80.125,1,2016,Winter
2016-01-26,12.920833333333334,19.6,7.2,24,0.0,75.16666666666667,1,2016,Winter
2016-01-27,15.629166666666668,22.2,10.3,24,0.0,74.20833333333333,1,2016,Winter
2016-01-28,15.700000000000001,22.6,9.4,24,0.0,71.79166666666667,1,2016,Winter
2016-01-29,16.891666666666666,23.7,11.0,24,0.3,72.04166666666667,1,2016,Winter
2016-01-30,19.179166666666667,25.3,13.5,24,0.1,72.54166666666667,1,2016,Winter
2016-01-31,16.962500000000002,21.3,12.5,24,0.0,78.45833333333333,1,2016,Winter
2016-02-01,14.795833333333334,21.7,9.1,24,0.0,65.75,2,2016,Winter
2016-02-02,13.8375,20.8,6.8,24,0.0,59.5,2,2016,Winter
2016-02-03,14.179166666666667,21.4,7.9,24,0.0,54.291666666666664,2,2016,Winter
2016-02-04,14.520833333333334,22.1,7.7,24,0.0,52.666666666666664,2,2016,Winter
2016-02-05,14.433333333333332,22.6,6.3,24,0.0,58.875,2,2016,Winter
2016-02-06,15.779166666666667,22.9,7.7,24,0.0,58.708333333333336,2,2016,Winter
2016-02-07,15.070833333333333,19.3,11.8,24,6.4,74.83333333333333,2,2016,Winter
2016-02-08,14.587499999999999,21.4,7.8,24,0.0,74.83333333333333,2,2016,Winter
2016-02-09,15.554166666666667,22.6,9.0,24,0.0,71.16666666666667,2,2016,Winter
2016-02-10,16.029166666666665,23.1,9.0,24,0.0,67.33333333333333,2,2016,Winter
2016-02-11,17.383333333333333,24.5,12.0,24,0.0,55.041666666666664,2,2016,Winter
2016-02-12,16.208333333333332,23.9,8.8,24,0.0,63.916666666666664,2,2016,Winter
2016-02-13,15.762500000000001,21.3,11.6,24,1.1,63.666666666666664,2,2016,Winter
2016-02-14,15.520833333333334,23.2,8.8,24,0.0,66.375,2,2016,Winter
2016-02-15,15.366666666666667,22.0,8.8,24,0.0,60.791666666666664,2,2016,Winter
2016-02-16,15.383333333333333,22.9,8.0,24,0.0,56.541666666666664,2,2016,Winter
2016-02-17,17.579166666666666,25.3,10.3,24,0.3,54.791666666666664,2,2016,Winter
2016-02-18,20.233333333333334,26.6,14.6,24,0.8,61.583333333333336,2,2016,Winter
2016-02-19,22.599999999999998,28.7,16.9,24,0.0,65.5,2,2016,Winter
2016-02-20,21.733333333333334,26.1,17.9,24,7.4,74.375,2,2016,Winter
2016-02-21,19.054166666666667,25.2,14.4,24,0.0,65.375,2,2016,Winter
2016-02-22,18.604166666666668,26.0,12.7,24,0.0,53.083333333333336,2,2016,Winter
2016-02-23,18.816666666666666,26.8,11.9,24,0.0,55.458333333333336,2,2016,Winter
2016-02-24,18.504166666666666,26.7,11.0,24,0.0,57.916666666666664,2,2016,Winter
2016-02-25,19.470833333333335,27.4,11.2,24,0.0,59.333333333333336,2,2016,Winter
2016-02-26,20.4875,27.4,13.0,24,0.0,59.125,2,2016,Winter
2016-02-27,20.545833333333334,27.3,12.3,24,0.0,59.666666666666664,2,2016,Winter
2016-02-28,21.3,28.0,14.1,24,0.0,61.75,2,2016,Winter
2016-02-29,21.870833333333334,28.0,14.9,24,0.0,61.666666666666664,2,2016,Winter
2016-03-01,22.40833333333333,28.6,15.4,24,0.0,62.791666666666664,3,2016,Summer
2016-03-02,23.15833333333333,30.4,15.7,24,0.0,61.875,3,2016,Summer
2016-03-03,23.383333333333336,31.3,15.6,24,0.0,59.333333333333336,3,2016,Summer
2016-03-04,23.55,31.7,15.7,24,0.0,51.5,3,2016,Summer
2016-03-05,22.258333333333336,29.7,16.9,24,11.0,60.083333333333336,3,2016,Summer
2016-03-06,19.9875,25.7,15.8,24,2.1,76.20833333333333,3,2016,Summer
2016-03-07,21.070833333333333,27.4,14.8,24,0.0,70.375,3,2016,Summer
2016-03-08,21.479166666666668,27.4,16.0,24,0.0,67.16666666666667,3,2016,Summer
2016-03-09,21.2625,27.8,14.5,24,0.0,63.583333333333336,3,2016,Summer
2016-03-10,22.245833333333334,29.5,14.6,24,0.0,63.125,3,2016,Summer
2016-03-11,23.125,30.7,17.7,24,2.3,65.33333333333333,3,2016,Summer
2016-03-12,21.141666666666666,27.6,17.5,24,9.700000000000001,76.41666666666667,3,2016,Summer
2016-03-13,21.099999999999998,27.2,16.3,24,1.7000000000000002,70.83333333333333,3,2016,Summer
2016-03-14,20.529166666666665,24.9,16.2,24,1.0,76.08333333333333,3,2016,Summer
2016-03-15,20.691666666666666,27.2,14.5,24,0.0,66.20833333333333,3,2016,Summer
2016-03-16,20.533333333333335,27.4,13.7,24,0.0,56.958333333333336,3,2016,Summer
2016-03-17,22.616666666666664,29.8,15.7,24,0.0,56.833333333333336,3,2016,Summer
2016-03-18,23.691666666666666,29.4,18.5,24,0.0,59.166666666666664,3,2016,Summer
2016-03-19,23.833333333333332,30.5,17.5,24,0.30000000000000004,60.375,3,2016,Summer
2016-03-20,24.599999999999998,31.3,17.8,24,0.0,55.458333333333336,3,2016,Summer
2016-03-21,23.745833333333334,30.5,17.2,24,0.0,45.416666666666664,3,2016,Summer
2016-03-22,22.258333333333336,29.7,15.8,24,0.0,36.458333333333336,3,2016,Summer
2016-03-23,23.354166666666668,31.9,15.8,24,0.0,39.416666666666664,3,2016,Summer
2016-03-24,24.925,33.4,16.4,24,0.0,46.375,3,2016,Summer
2016-03-25,26.504166666666666,34.7,17.0,24,0.0,49.333333333333336,3,2016,Summer
2016-03-26,24.958333333333332,32.2,18.4,24,0.0,53.041666666666664,3,2016,Summer
2016-03-27,24.40416666666667,31.4,17.9,24,0.0,45.791666666666664,3,2016,Summer
2016-03-28,24.175,31.6,16.0,24,0.0,42.333333333333336,3,2016,Summer
2016-03-29,25.041666666666668,31.9,17.7,24,0.0,42.375,3,2016,Summer
2016-03-30,26.2625,34.2,18.0,24,0.0,45.416666666666664,3,2016,Summer
2016-03-31,28.1875,36.1,20.0,24,0.0,39.666666666666664,3,2016,Summer
2016-04-01,29.008333333333336,36.4,21.6,24,0.0,39.791666666666664,4,2016,Summer
2016-04-02,29.708333333333332,37.5,21.0,24,0.0,41.875,4,2016,Summer
2016-04-03,31.179166666666664,38.5,24.1,24,0.4,43.0,4,2016,Summer
2016-04-04,29.837500000000002,36.9,23.1,24,0.3,34.708333333333336,4,2016,Summer
2016-04-05,28.65833333333333,35.7,21.2,24,0.0,37.791666666666664,4,2016,Summer
2016-04-06,28.208333333333332,34.9,22.2,24,0.0,30.541666666666668,4,2016,Summer
2016-04-07,26.933333333333334,34.6,19.7,24,0.0,37.166666666666664,4,2016,Summer
2016-04-08,26.8625,34.6,17.9,24,0.0,38.458333333333336,4,2016,Summer
2016-04-09,28.620833333333334,36.1,19.6,24,0.0,27.375,4,2016,Summer
2016-04-10,29.254166666666666,36.1,23.5,24,0.1,29.708333333333332,4,2016,Summer
2016-04-11,28.083333333333332,34.6,21.0,24,0.0,33.958333333333336,4,2016,Summer
2016-04-12,27.77916666666667,34.4,20.9,24,0.0,33.875,4,2016,Summer
2016-04-13,29.566666666666666,36.7,22.4,24,0.0,30.25,4,2016,Summer
2016-04-14,30.745833333333334,38.5,22.3,24,0.0,29.75,4,2016,Summer
2016-04-15,31.641666666666666,39.7,22.1,24,0.0,31.666666666666668,4,2016,Summer
2016-04-16,32.4625,40.8,24.0,24,0.0,30.583333333333332,4,2016,Summer
2016-04-17,32.862500000000004,39.5,26.2,24,0.0,26.333333333333332,4,2016,Summer
2016-04-18,32.31666666666667,38.4,25.9,24,0.0,31.583333333333332,4,2016,Summer
2016-04-19,31.258333333333336,37.8,25.3,24,0.0,37.041666666666664,4,2016,Summer
2016-04-20,31.391666666666666,38.7,23.3,24,0.0,26.041666666666668,4,2016,Summer
2016-04-21,31.741666666666664,38.8,24.6,24,0.0,23.041666666666668,4,2016,Summer
2016-04-22,31.579166666666666,38.5,24.1,24,0.0,24.958333333333332,4,2016,Summer
2016-04-23,29.36666666666667,36.6,22.0,24,0.0,25.166666666666668,4,2016,Summer
2016-04-24,28.77916666666667,37.0,19.1,24,0.0,20.791666666666668,4,2016,Summer
2016-04-25,29.758333333333336,37.9,20.5,24,0.0,19.125,4,2016,Summer
2016-04-26,30.491666666666664,38.4,21.0,24,0.2,22.875,4,2016,Summer
2016-04-27,30.941666666666666,39.5,21.9,24,0.0,21.916666666666668,4,2016,Summer
2016-04-28,31.179166666666664,39.4,21.5,24,0.0,19.125,4,2016,Summer
2016-04-29,31.09583333333333,39.4,21.9,24,0.1,19.291666666666668,4,2016,Summer
2016-04-30,31.058333333333334,39.8,20.5,24,0.0,21.416666666666668,4,2016,Summer
2016-05-01,32.61666666666667,41.2,22.8,24,0.0,20.375,5,2016,Summer
2016-05-02,34.262499999999996,42.4,24.6,24,0.0,19.333333333333332,5,2016,Summer
2016-05-03,32.09166666666667,38.3,27.2,24,2.8000000000000003,32.0,5,2016,Summer
2016-05-04,30.766666666666666,38.7,24.7,24,0.4,48.0,5,2016,Summer
2016-05-05,29.037499999999998,34.3,24.3,24,1.0,51.0,5,2016,Summer
2016-05-06,29.09583333333333,34.1,23.5,24,0.0,54.208333333333336,5,2016,Summer
2016-05-07,30.754166666666666,36.0,24.4,24,0.0,41.041666666666664,5,2016,Summer
2016-05-08,30.958333333333332,37.2,25.5,24,0.0,44.333333333333336,5,2016,Summer
2016-05-09,32.083333333333336,38.7,26.1,24,0.0,41.416666666666664,5,2016,Summer
2016-05-10,32.137499999999996,37.9,26.6,24,0.8,46.0,5,2016,Summer
2016-05-11,31.662499999999998,37.0,26.5,24,0.1,50.125,5,2016,Summer
2016-05-12,32.4625,38.7,25.4,24,0.0,48.208333333333336,5,2016,Summer
2016-05-13,34.4375,40.9,27.7,24,0.0,30.291666666666668,5,2016,Summer
2016-05-14,34.7875,41.1,27.3,24,0.0,30.083333333333332,5,2016,Summer
2016-05-15,34.791666666666664,42.0,26.3,24,0.0,28.583333333333332,5,2016,Summer
2016-05-16,34.9375,42.5,26.0,24,0.0,24.708333333333332,5,2016,Summer
2016-05-17,34.88333333333333,42.6,25.8,24,0.0,22.375,5,2016,Summer
2016-05-18,35.18333333333333,42.9,25.4,24,0.0,23.125,5,2016,Summer
2016-05-19,34.65,41.6,27.7,24,0.3,35.333333333333336,5,2016,Summer
2016-05-20,34.62916666666667,40.2,29.2,24,0.0,41.791666666666664,5,2016,Summer
2016-05-21,33.875,41.2,27.2,24,1.4,52.833333333333336,5,2016,Summer
2016-05-22,34.6625,42.3,28.1,24,3.6,46.791666666666664,5,2016,Summer
2016-05-23,33.541666666666664,40.8,26.2,24,3.5,51.75,5,2016,Summer
2016-05-24,31.379166666666666,37.6,26.3,24,1.8000000000000003,59.583333333333336,5,2016,Summer
2016-05-25,31.525000000000002,39.2,24.9,24,1.0,52.958333333333336,5,2016,Summer
2016-05-26,32.75416666666667,39.6,25.2,24,0.0,50.25,5,2016,Summer
2016-05-27,34.704166666666666,40.9,28.1,24,0.6,38.166666666666664,5,2016,Summer
2016-05-28,33.670833333333334,40.3,28.4,24,2.6,38.541666666666664,5,2016,Summer
2016-05-29,31.25,36.2,26.8,24,4.3,53.458333333333336,5,2016,Summer
2016-05-30,28.6875,32.9,23.9,24,4.9,68.45833333333333,5,2016,Summer
2016-05-31,31.608333333333334,38.0,25.0,24,0.0,56.791666666666664,5,2016,Summer
2016-06-01,33.729166666666664,40.2,26.7,24,0.0,48.791666666666664,6,2016,Monsoon
2016-06-02,34.875,41.0,28.1,24,0.0,36.416666666666664,6,2016,Monsoon
2016-06-03,34.40416666666667,41.6,26.9,24,0.1,39.5,6,2016,Monsoon
2016-06-04,35.27916666666667,42.3,27.3,24,0.0,42.875,6,2016,Monsoon
2016-06-05,34.3125,40.7,29.0,24,2.1,54.625,6,2016,Monsoon
2016-06-06,34.13333333333333,39.9,29.3,24,2.0,52.666666666666664,6,2016,Monsoon
2016-06-07,34.0875,39.5,29.1,24,0.4,52.25,6,2016,Monsoon
2016-06-08,33.895833333333336,40.2,28.8,24,0.4,51.708333333333336,6,2016,Monsoon
2016-06-09,34.170833333333334,40.1,28.7,24,0.7,51.458333333333336,6,2016,Monsoon
2016-06-10,34.34166666666667,41.2,29.2,24,1.7000000000000002,50.541666666666664,6,2016,Monsoon
2016-06-11,34.03333333333333,39.1,28.8,24,0.2,51.041666666666664,6,2016,Monsoon
2016-06-12,33.25416666666667,38.8,27.1,24,1.2,53.833333333333336,6,2016,Monsoon
2016-06-13,34.2875,40.1,29.2,24,1.0,47.416666666666664,6,2016,Monsoon
2016-06-14,32.137499999999996,37.5,27.0,24,2.1,61.208333333333336,6,2016,Monsoon
2016-06-15,31.525000000000002,36.4,28.4,24,3.0999999999999996,66.375,6,2016,Monsoon
2016-06-16,32.354166666666664,36.7,28.0,24,0.0,61.333333333333336,6,2016,Monsoon
2016-06-17,32.55833333333333,37.4,27.1,24,0.2,61.875,6,2016,Monsoon
2016-06-18,31.545833333333334,36.6,26.3,24,8.3,66.16666666666667,6,2016,Monsoon
2016-06-19,32.37916666666667,36.3,28.8,24,0.0,63.625,6,2016,Monsoon
2016-06-20,32.854166666666664,36.8,29.1,24,0.0,62.5,6,2016,Monsoon
2016-06-21,31.104166666666668,36.6,27.8,24,0.7,70.29166666666667,6,2016,Monsoon
2016-06-22,30.90416666666667,35.2,26.5,24,3.5,68.91666666666667,6,2016,Monsoon
2016-06-23,32.858333333333334,37.8,27.8,24,0.1,62.25,6,2016,Monsoon
2016-06-24,33.833333333333336,39.0,28.6,24,0.7,58.708333333333336,6,2016,Monsoon
2016-06-25,34.333333333333336,39.0,30.0,24,0.0,58.083333333333336,6,2016,Monsoon
2016-06-26,32.395833333333336,36.6,27.4,24,4.5,65.33333333333333,6,2016,Monsoon
2016-06-27,32.02916666666667,37.1,27.0,24,4.8,67.29166666666667,6,2016,Monsoon
2016-06-28,29.879166666666666,34.0,26.2,24,13.9,78.79166666666667,6,2016,Monsoon
2016-06-29,31.741666666666664,35.9,26.8,24,18.7,71.45833333333333,6,2016,Monsoon
2016-06-30,32.84583333333333,37.7,27.6,24,1.8000000000000003,68.0,6,2016,Monsoon
2016-07-01,31.666666666666668,36.0,27.1,24,34.0,74.16666666666667,7,2016,Monsoon
2016-07-02,27.633333333333336,30.5,25.9,24,69.7,86.45833333333333,7,2016,Monsoon
2016-07-03,26.708333333333332,29.8,25.3,24,22.2,91.0,7,2016,Monsoon
2016-07-04,28.766666666666666,32.7,25.3,24,0.3,81.66666666666667,7,2016,Monsoon
2016-07-05,30.9375,34.8,26.9,24,0.1,75.54166666666667,7,2016,Monsoon
2016-07-06,30.083333333333332,33.6,27.2,24,2.7,78.25,7,2016,Monsoon
2016-07-07,30.375,33.6,26.7,24,1.2,76.41666666666667,7,2016,Monsoon
2016-07-08,30.879166666666666,34.5,27.3,24,2.5,75.91666666666667,7,2016,Monsoon
2016-07-09,30.566666666666666,34.4,27.4,24,0.30000000000000004,75.875,7,2016,Monsoon
2016-07-10,31.087500000000002,34.4,27.5,24,0.1,75.25,7,2016,Monsoon
2016-07-11,29.441666666666666,33.0,26.8,24,2.5,80.79166666666667,7,2016,Monsoon
2016-07-12,29.025000000000002,32.2,26.1,24,14.6,82.54166666666667,7,2016,Monsoon
2016-07-13,29.504166666666666,33.0,26.8,24,2.8,80.25,7,2016,Monsoon
2016-07-14,28.962500000000002,32.6,26.9,24,19.4,86.16666666666667,7,2016,Monsoon
2016-07-15,27.9875,31.4,25.7,24,42.199999999999996,89.5,7,2016,Monsoon
2016-07-16,26.52916666666667,27.4,25.9,24,46.8,93.875,7,2016,Monsoon
2016-07-17,26.037499999999998,26.9,25.4,24,39.3,93.54166666666667,7,2016,Monsoon
2016-07-18,28.2375,32.9,25.0,24,5.8,84.375,7,2016,Monsoon
2016-07-19,29.59166666666667,34.0,25.8,24,2.3,77.83333333333333,7,2016,Monsoon
2016-07-20,30.733333333333334,34.9,27.3,24,0.0,70.41666666666667,7,2016,Monsoon
2016-07-21,31.1875,35.4,28.3,24,0.1,68.83333333333333,7,2016,Monsoon
2016-07-22,30.916666666666668,34.7,27.0,24,0.30000000000000004,72.0,7,2016,Monsoon
2016-07-23,28.866666666666664,32.1,26.9,24,6.7,80.79166666666667,7,2016,Monsoon
2016-07-24,28.929166666666664,32.6,25.7,24,1.7999999999999998,81.875,7,2016,Monsoon
2016-07-25,29.21666666666667,33.2,25.7,24,7.4,83.91666666666667,7,2016,Monsoon
2016-07-26,28.145833333333332,31.4,25.9,24,1.9,86.125,7,2016,Monsoon
2016-07-27,27.233333333333334,29.4,25.7,24,7.7,86.20833333333333,7,2016,Monsoon
2016-07-28,26.604166666666668,29.9,24.8,24,23.2,89.29166666666667,7,2016,Monsoon
2016-07-29,25.854166666666668,27.1,24.7,24,14.299999999999999,93.66666666666667,7,2016,Monsoon
2016-07-30,26.59583333333333,29.6,24.8,24,8.799999999999999,89.04166666666667,7,2016,Monsoon
2016-07-31,26.745833333333334,28.9,24.8,24,9.0,89.33333333333333,7,2016,Monsoon
2016-08-01,26.954166666666666,29.2,25.1,24,6.3,88.41666666666667,8,2016,Monsoon
2016-08-02,27.516666666666666,31.8,24.7,24,4.2,85.33333333333333,8,2016,Monsoon
2016-08-03,29.1875,32.9,25.7,24,0.0,78.95833333333333,8,2016,Monsoon
2016-08-04,29.666666666666668,33.6,27.2,24,3.3,78.66666666666667,8,2016,Monsoon
2016-08-05,30.129166666666666,33.7,27.3,24,0.8,79.95833333333333,8,2016,Monsoon
2016-08-06,28.537499999999998,31.1,27.0,24,1.3,84.79166666666667,8,2016,Monsoon
2016-08-07,28.858333333333334,33.1,25.9,24,1.1,79.5,8,2016,Monsoon
2016-08-08,29.05,32.6,26.9,24,3.7,81.08333333333333,8,2016,Monsoon
2016-08-09,27.883333333333336,30.6,26.0,24,5.4,84.66666666666667,8,2016,Monsoon
2016-08-10,27.2,30.5,25.7,24,13.0,88.25,8,2016,Monsoon
2016-08-11,26.7,29.8,25.3,24,9.4,90.08333333333333,8,2016,Monsoon
2016-08-12,27.28333333333333,30.8,25.0,24,9.3,87.41666666666667,8,2016,Monsoon
2016-08-13,27.912499999999998,31.8,25.3,24,5.9,87.58333333333333,8,2016,Monsoon
2016-08-14,27.787499999999998,30.9,25.3,24,12.6,88.375,8,2016,Monsoon
2016-08-15,29.02916666666667,33.3,25.8,24,2.3000000000000003,79.41666666666667,8,2016,Monsoon
2016-08-16,29.425,33.5,25.8,24,0.4,72.41666666666667,8,2016,Monsoon
2016-08-17,28.145833333333332,30.1,26.2,24,0.0,76.08333333333333,8,2016,Monsoon
2016-08-18,27.795833333333334,30.1,25.9,24,4.0,86.41666666666667,8,2016,Monsoon
2016-08-19,28.962500000000002,32.3,25.9,24,2.0,82.25,8,2016,Monsoon
2016-08-20,28.650000000000002,31.6,26.4,24,4.9,81.0,8,2016,Monsoon
2016-08-21,28.037499999999998,30.9,25.5,24,0.1,77.875,8,2016,Monsoon
2016-08-22,27.991666666666664,31.7,24.3,24,0.0,78.33333333333333,8,2016,Monsoon
2016-08-23,28.441666666666666,31.2,25.8,24,2.6,82.125,8,2016,Monsoon
2016-08-24,27.366666666666664,29.8,26.1,24,15.3,84.20833333333333,8,2016,Monsoon
2016-08-25,28.40416666666667,32.3,25.5,24,1.0,84.41666666666667,8,2016,Monsoon
2016-08-26,28.9375,32.9,26.0,24,0.8,82.375,8,2016,Monsoon
2016-08-27,28.349999999999998,32.4,25.1,24,8.5,85.95833333333333,8,2016,Monsoon
2016-08-28,29.016666666666666,32.9,26.3,24,5.4,83.45833333333333,8,2016,Monsoon
2016-08-29,27.337500000000002,31.3,25.6,24,14.9,89.29166666666667,8,2016,Monsoon
2016-08-30,27.0125,31.2,24.5,24,27.0,88.66666666666667,8,2016,Monsoon
2016-08-31,26.691666666666666,29.8,24.8,24,14.799999999999999,90.16666666666667,8,2016,Monsoon
2016-09-01,26.95,30.9,24.4,24,5.7,87.41666666666667,9,2016,Monsoon
2016-09-02,28.15416666666667,31.8,25.0,24,0.1,80.04166666666667,9,2016,Monsoon
2016-09-03,28.166666666666668,31.3,25.4,24,0.2,74.29166666666667,9,2016,Monsoon
2016-09-04,28.133333333333336,32.0,24.6,24,0.0,73.5,9,2016,Monsoon
2016-09-05,27.920833333333334,31.8,24.3,24,0.0,71.75,9,2016,Monsoon
2016-09-06,28.245833333333334,31.8,25.1,24,0.0,69.54166666666667,9,2016,Monsoon
2016-09-07,28.304166666666664,32.3,24.7,24,0.0,68.16666666666667,9,2016,Monsoon
2016-09-08,28.458333333333332,32.3,25.1,24,0.0,68.08333333333333,9,2016,Monsoon
2016-09-09,28.775000000000002,33.1,25.0,24,0.0,67.66666666666667,9,2016,Monsoon
2016-09-10,29.0625,33.3,25.4,24,0.0,64.41666666666667,9,2016,Monsoon
2016-09-11,29.008333333333336,33.1,25.3,24,0.0,63.666666666666664,9,2016,Monsoon
2016-09-12,28.958333333333332,32.7,25.5,24,0.0,63.791666666666664,9,2016,Monsoon
2016-09-13,29.15833333333333,33.2,24.9,24,0.0,68.66666666666667,9,2016,Monsoon
2016-09-14,28.045833333333334,32.1,24.1,24,0.0,77.33333333333333,9,2016,Monsoon
2016-09-15,28.8125,33.4,25.0,24,0.0,74.04166666666667,9,2016,Monsoon
2016-09-16,29.1125,33.7,24.6,24,0.0,71.41666666666667,9,2016,Monsoon
2016-09-17,28.804166666666664,32.9,24.1,24,0.0,71.875,9,2016,Monsoon
2016-09-18,28.849999999999998,33.2,24.4,24,0.0,74.70833333333333,9,2016,Monsoon
2016-09-19,29.15416666666667,33.4,24.5,24,0.0,72.625,9,2016,Monsoon
2016-09-20,30.108333333333334,34.8,25.4,24,0.0,65.41666666666667,9,2016,Monsoon
2016-09-21,29.745833333333334,34.7,26.1,24,0.1,71.54166666666667,9,2016,Monsoon
2016-09-22,27.05,30.3,24.1,24,1.4,82.79166666666667,9,2016,Monsoon
2016-09-23,27.4875,32.0,23.0,24,0.0,77.0,9,2016,Monsoon
2016-09-24,28.15416666666667,32.0,24.5,24,1.2000000000000002,76.79166666666667,9,2016,Monsoon
2016-09-25,27.71666666666667,31.8,23.7,24,0.0,75.29166666666667,9,2016,Monsoon
2016-09-26,28.212500000000002,32.7,24.2,24,0.1,74.58333333333333,9,2016,Monsoon
2016-09-27,28.579166666666666,33.0,24.3,24,0.0,73.54166666666667,9,2016,Monsoon
2016-09-28,29.204166666666666,33.9,24.3,24,0.0,68.95833333333333,9,2016,Monsoon
2016-09-29,29.15833333333333,33.5,24.9,24,0.0,72.41666666666667,9,2016,Monsoon
2016-09-30,29.270833333333332,33.8,24.6,24,0.0,70.375,9,2016,Monsoon
2016-10-01,29.8875,34.0,25.8,24,0.3,69.70833333333333,10,2016,Post-monsoon
2016-10-02,29.8125,33.9,26.3,24,0.30000000000000004,72.66666666666667,10,2016,Post-monsoon
2016-10-03,29.2,33.0,25.4,24,6.3,77.5,10,2016,Post-monsoon
2016-10-04,29.166666666666668,33.0,25.9,24,0.3,76.625,10,2016,Post-monsoon
2016-10-05,27.916666666666668,31.6,24.8,24,4.5,80.41666666666667,10,2016,Post-monsoon
2016-10-06,28.22083333333333,31.9,24.1,24,0.2,76.70833333333333,10,2016,Post-monsoon
2016-10-07,28.52916666666667,33.7,24.1,24,0.1,71.95833333333333,10,2016,Post-monsoon
2016-10-08,28.3625,34.1,23.0,24,0.0,64.54166666666667,10,2016,Post-monsoon
2016-10-09,28.241666666666664,34.3,22.4,24,0.0,61.041666666666664,10,2016,Post-monsoon
2016-10-10,27.55,33.0,23.2,24,0.0,54.708333333333336,10,2016,Post-monsoon
2016-10-11,26.6125,33.7,19.3,24,0.0,50.875,10,2016,Post-monsoon
2016-10-12,26.691666666666666,33.9,19.2,24,0.0,47.75,10,2016,Post-monsoon
2016-10-13,26.245833333333334,34.2,18.2,24,0.0,45.833333333333336,10,2016,Post-monsoon
2016-10-14,25.566666666666666,33.6,17.3,24,0.0,46.0,10,2016,Post-monsoon
2016-10-15,25.608333333333334,33.2,17.7,24,0.0,50.0,10,2016,Post-monsoon
2016-10-16,25.8875,33.2,18.2,24,0.0,49.333333333333336,10,2016,Post-monsoon
2016-10-17,25.833333333333332,33.2,18.6,24,0.0,50.875,10,2016,Post-monsoon
2016-10-18,24.962500000000002,32.8,17.1,24,0.0,50.375,10,2016,Post-monsoon
2016-10-19,25.133333333333336,33.2,17.1,24,0.0,51.458333333333336,10,2016,Post-monsoon
2016-10-20,25.520833333333332,33.8,18.5,24,0.0,41.5,10,2016,Post-monsoon
2016-10-21,25.829166666666666,33.5,19.2,24,0.0,42.875,10,2016,Post-monsoon
2016-10-22,25.883333333333336,33.8,19.5,24,0.0,45.625,10,2016,Post-monsoon
2016-10-23,25.316666666666666,32.8,18.6,24,0.0,48.666666666666664,10,2016,Post-monsoon
2016-10-24,25.21666666666667,32.7,18.2,24,0.0,48.916666666666664,10,2016,Post-monsoon
2016-10-25,25.254166666666666,32.9,19.2,24,0.0,49.5,10,2016,Post-monsoon
2016-10-26,24.979166666666668,32.7,17.4,24,0.0,54.625,10,2016,Post-monsoon
2016-10-27,24.108333333333334,31.9,16.6,24,0.0,51.958333333333336,10,2016,Post-monsoon
2016-10-28,23.629166666666666,30.9,16.4,24,0.0,48.75,10,2016,Post-monsoon
2016-10-29,23.858333333333334,30.9,17.5,24,0.0,50.041666666666664,10,2016,Post-monsoon
2016-10-30,23.258333333333336,30.1,16.4,24,0.0,61.791666666666664,10,2016,Post-monsoon
2016-10-31,23.587500000000002,29.6,18.6,24,0.0,62.416666666666664,10,2016,Post-monsoon
2016-11-01,22.59583333333333,29.3,15.4,24,0.0,64.16666666666667,11,2016,Post-monsoon
2016-11-02,23.22083333333333,29.6,17.3,24,0.0,62.958333333333336,11,2016,Post-monsoon
2016-11-03,23.008333333333336,29.6,15.6,24,0.0,63.083333333333336,11,2016,Post-monsoon
2016-11-04,22.59583333333333,29.6,15.3,24,0.0,63.125,11,2016,Post-monsoon
2016-11-05,22.479166666666668,29.4,15.7,24,0.0,61.708333333333336,11,2016,Post-monsoon
2016-11-06,22.1125,29.3,14.6,24,0.0,60.0,11,2016,Post-monsoon
2016-11-07,21.991666666666664,29.4,15.2,24,0.0,57.083333333333336,11,2016,Post-monsoon
2016-11-08,22.21666666666667,29.3,16.9,24,0.0,50.0,11,2016,Post-monsoon
2016-11-09,21.520833333333332,29.5,14.8,24,0.0,51.708333333333336,11,2016,Post-monsoon
2016-11-10,20.724999999999998,29.0,12.9,24,0.0,59.458333333333336,11,2016,Post-monsoon
2016-11-11,20.766666666666666,28.7,13.5,24,0.0,64.58333333333333,11,2016,Post-monsoon
2016-11-12,21.541666666666668,29.2,14.6,24,0.0,59.875,11,2016,Post-monsoon
2016-11-13,21.962500000000002,28.3,16.0,24,0.0,58.083333333333336,11,2016,Post-monsoon
2016-11-14,21.670833333333334,27.6,16.5,24,0.0,61.25,11,2016,Post-monsoon
2016-11-15,21.179166666666667,27.1,16.6,24,0.0,51.791666666666664,11,2016,Post-monsoon
2016-11-16,19.8625,27.0,13.6,24,0.0,52.75,11,2016,Post-monsoon
2016-11-17,19.8,27.4,13.7,24,0.0,51.333333333333336,11,2016,Post-monsoon
2016-11-18,19.854166666666668,27.0,14.0,24,0.0,55.916666666666664,11,2016,Post-monsoon
2016-11-19,19.345833333333335,26.6,12.6,24,0.0,58.625,11,2016,Post-monsoon
2016-11-20,19.525000000000002,27.4,12.9,24,0.0,62.666666666666664,11,2016,Post-monsoon
2016-11-21,20.066666666666666,28.4,12.6,24,0.0,60.833333333333336,11,2016,Post-monsoon
2016-11-22,20.258333333333333,28.6,12.7,24,0.0,54.375,11,2016,Post-monsoon
2016-11-23,20.441666666666666,27.9,14.4,24,0.0,58.916666666666664,11,2016,Post-monsoon
2016-11-24,19.716666666666665,27.7,12.5,24,0.0,57.166666666666664,11,2016,Post-monsoon
2016-11-25,21.025000000000002,28.6,14.9,24,0.0,43.916666666666664,11,2016,Post-monsoon
2016-11-26,21.72083333333333,29.3,16.6,24,0.0,39.208333333333336,11,2016,Post-monsoon
2016-11-27,21.212500000000002,29.1,15.3,24,0.0,42.5,11,2016,Post-monsoon
2016-11-28,20.650000000000002,27.9,15.6,24,0.0,41.291666666666664,11,2016,Post-monsoon
2016-11-29,18.375,26.1,10.9,24,0.0,56.083333333333336,11,2016,Post-monsoon
2016-11-30,18.795833333333334,26.1,11.9,24,0.0,71.91666666666667,11,2016,Post-monsoon
2016-12-01,19.645833333333332,25.7,13.7,24,0.0,75.83333333333333,12,2016,Winter
2016-12-02,18.925,25.1,13.2,24,0.0,72.33333333333333,12,2016,Winter
2016-12-03,17.879166666666666,25.3,11.0,24,0.0,62.791666666666664,12,2016,Winter
2016-12-04,17.429166666666667,25.0,10.1,24,0.0,60.75,12,2016,Winter
2016-12-05,17.75,25.2,10.8,24,0.0,64.29166666666667,12,2016,Winter
2016-12-06,17.929166666666667,24.9,11.4,24,0.0,68.75,12,2016,Winter
2016-12-07,18.0375,24.4,10.8,24,0.0,72.375,12,2016,Winter
2016-12-08,17.420833333333334,24.1,10.9,24,0.0,74.75,12,2016,Winter
2016-12-09,17.945833333333333,25.0,11.1,24,0.0,71.95833333333333,12,2016,Winter
2016-12-10,18.495833333333334,25.6,11.7,24,0.0,73.66666666666667,12,2016,Winter
2016-12-11,19.120833333333334,25.6,12.6,24,0.0,70.66666666666667,12,2016,Winter
2016-12-12,18.466666666666665,25.2,11.9,24,0.0,68.58333333333333,12,2016,Winter
2016-12-13,17.9875,24.2,12.2,24,0.0,72.16666666666667,12,2016,Winter
2016-12-14,17.150000000000002,23.6,12.2,24,0.0,69.91666666666667,12,2016,Winter
2016-12-15,16.095833333333335,23.2,10.5,24,0.0,61.916666666666664,12,2016,Winter
2016-12-16,15.049999999999999,22.3,8.1,24,0.0,65.25,12,2016,Winter
2016-12-17,14.958333333333334,22.1,8.7,24,0.0,67.04166666666667,12,2016,Winter
2016-12-18,14.729166666666666,21.9,8.6,24,0.0,64.41666666666667,12,2016,Winter
2016-12-19,14.987499999999999,23.0,8.2,24,0.0,63.791666666666664,12,2016,Winter
2016-12-20,16.970833333333335,24.2,11.8,24,0.0,57.5,12,2016,Winter
2016-12-21,17.066666666666666,24.7,11.3,24,0.0,52.458333333333336,12,2016,Winter
2016-12-22,16.170833333333334,23.1,9.4,24,0.0,60.833333333333336,12,2016,Winter
2016-12-23,16.558333333333334,23.6,10.3,24,0.0,67.95833333333333,12,2016,Winter
2016-12-24,15.966666666666667,23.7,9.2,24,0.0,72.91666666666667,12,2016,Winter
2016-12-25,15.975,21.3,11.5,24,0.0,78.20833333333333,12,2016,Winter
2016-12-26,15.829166666666666,22.4,11.1,24,0.0,73.45833333333333,12,2016,Winter
2016-12-27,15.35,22.7,9.1,24,0.0,63.875,12,2016,Winter
2016-12-28,15.454166666666666,23.1,8.0,24,0.0,69.0,12,2016,Winter
2016-12-29,15.529166666666667,22.8,9.1,24,0.0,76.04166666666667,12,2016,Winter
2016-12-30,15.866666666666667,22.0,11.0,24,0.0,80.0,12,2016,Winter
2016-12-31,15.470833333333333,21.4,10.4,24,0.0,79.45833333333333,12,2016,Winter
2017-01-01,15.804166666666667,22.0,11.1,24,0.0,79.25,1,2017,Winter
2017-01-02,15.466666666666667,21.6,10.5,24,0.1,82.66666666666667,1,2017,Winter
2017-01-03,15.654166666666667,22.4,9.4,24,0.0,76.875,1,2017,Winter
2017-01-04,15.791666666666666,23.0,9.1,24,0.0,78.95833333333333,1,2017,Winter
2017-01-05,16.620833333333334,23.1,10.7,24,0.0,78.54166666666667,1,2017,Winter
2017-01-06,16.691666666666666,23.1,12.0,24,0.8,77.5,1,2017,Winter
2017-01-07,14.695833333333333,19.1,11.1,24,6.7,86.04166666666667,1,2017,Winter
2017-01-08,13.266666666666666,18.1,10.5,24,0.0,82.79166666666667,1,2017,Winter
2017-01-09,12.387500000000001,19.0,6.9,24,0.0,74.75,1,2017,Winter
2017-01-10,10.504166666666666,16.7,5.6,24,0.0,61.708333333333336,1,2017,Winter
2017-01-11,9.1,16.0,3.9,24,0.0,60.75,1,2017,Winter
2017-01-12,9.575000000000001,16.8,3.4,24,0.0,68.70833333333333,1,2017,Winter
2017-01-13,9.791666666666666,17.6,4.1,24,0.0,69.95833333333333,1,2017,Winter
2017-01-14,10.691666666666668,18.1,3.7,24,0.0,69.16666666666667,1,2017,Winter
2017-01-15,13.545833333333334,20.2,7.9,24,0.2,65.375,1,2017,Winter
2017-01-16,13.8375,19.1,9.8,24,0.1,66.29166666666667,1,2017,Winter
2017-01-17,10.195833333333333,16.2,5.5,24,0.0,78.125,1,2017,Winter
2017-01-18,11.033333333333333,18.7,4.9,24,0.0,75.16666666666667,1,2017,Winter
2017-01-19,12.616666666666667,20.6,6.8,24,0.0,68.5,1,2017,Winter
2017-01-20,11.466666666666667,18.8,5.9,24,0.0,71.95833333333333,1,2017,Winter
2017-01-21,12.866666666666667,19.5,6.9,24,0.1,70.25,1,2017,Winter
2017-01-22,15.095833333333333,22.5,9.3,24,0.0,76.79166666666667,1,2017,Winter
2017-01-23,15.575000000000001,23.0,9.6,24,0.0,74.41666666666667,1,2017,Winter
2017-01-24,16.054166666666667,24.4,9.0,24,0.0,73.83333333333333,1,2017,Winter
2017-01-25,18.308333333333334,24.9,13.2,24,8.2,77.08333333333333,1,2017,Winter
2017-01-26,16.275000000000002,19.5,13.8,24,28.1,90.25,1,2017,Winter
2017-01-27,14.65,18.0,12.2,24,0.4,82.25,1,2017,Winter
2017-01-28,13.941666666666668,19.6,9.2,24,0.0,83.45833333333333,1,2017,Winter
2017-01-29,14.520833333333334,21.0,10.9,24,0.0,83.70833333333333,1,2017,Winter
2017-01-30,14.541666666666666,20.8,8.8,24,0.0,85.08333333333333,1,2017,Winter
2017-01-31,14.754166666666668,21.2,9.6,24,0.0,86.08333333333333,1,2017,Winter
2017-02-01,14.558333333333332,20.6,9.3,24,0.0,82.25,2,2017,Winter
2017-02-02,13.845833333333333,21.1,8.4,24,0.0,82.125,2,2017,Winter
2017-02-03,13.9625,21.9,7.8,24,0.0,83.91666666666667,2,2017,Winter
2017-02-04,16.883333333333333,22.8,11.6,24,0.0,77.83333333333333,2,2017,Winter
2017-02-05,17.904166666666665,22.0,14.6,24,3.0,78.58333333333333,2,2017,Winter
2017-02-06,15.504166666666668,21.6,11.1,24,0.1,79.33333333333333,2,2017,Winter
2017-02-07,13.895833333333334,19.8,9.4,24,0.0,76.08333333333333,2,2017,Winter
2017-02-08,14.304166666666667,21.2,8.2,24,0.0,75.625,2,2017,Winter
2017-02-09,14.295833333333334,20.5,9.1,24,0.0,74.0,2,2017,Winter
2017-02-10,14.083333333333334,21.0,9.5,24,0.0,71.20833333333333,2,2017,Winter
2017-02-11,13.308333333333332,21.4,7.2,24,0.0,74.16666666666667,2,2017,Winter
2017-02-12,14.4125,22.0,8.1,24,0.0,74.45833333333333,2,2017,Winter
2017-02-13,15.3375,23.0,9.7,24,0.0,70.54166666666667,2,2017,Winter
2017-02-14,15.783333333333333,23.9,9.7,24,0.0,69.58333333333333,2,2017,Winter
2017-02-15,16.979166666666668,25.0,9.9,24,0.0,70.54166666666667,2,2017,Winter
2017-02-16,19.433333333333334,27.0,12.1,24,0.0,64.625,2,2017,Winter
2017-02-17,20.083333333333332,27.1,14.9,24,0.0,63.875,2,2017,Winter
2017-02-18,20.579166666666666,28.5,14.2,24,0.0,65.70833333333333,2,2017,Winter
2017-02-19,21.508333333333336,28.5,15.1,24,0.0,62.416666666666664,2,2017,Winter
2017-02-20,22.3625,29.4,16.4,24,0.0,63.083333333333336,2,2017,Winter
2017-02-21,19.395833333333332,25.4,14.7,24,0.0,63.791666666666664,2,2017,Winter
2017-02-22,18.883333333333333,25.5,12.9,24,0.0,57.125,2,2017,Winter
2017-02-23,17.8625,24.6,11.4,24,0.0,44.291666666666664,2,2017,Winter
2017-02-24,18.254166666666666,25.1,12.4,24,0.0,37.458333333333336,2,2017,Winter
2017-02-25,19.245833333333334,26.8,13.1,24,0.0,38.875,2,2017,Winter
2017-02-26,18.8,26.4,12.9,24,0.0,45.541666666666664,2,2017,Winter
2017-02-27,19.404166666666665,27.4,12.2,24,0.0,48.208333333333336,2,2017,Winter
2017-02-28,21.96666666666667,29.2,15.3,24,0.0,46.583333333333336,2,2017,Winter
2017-03-01,22.22083333333333,28.0,18.4,24,2.9,55.958333333333336,3,2017,Summer
2017-03-02,20.3,27.5,14.5,24,1.2999999999999998,61.708333333333336,3,2017,Summer
2017-03-03,19.666666666666668,26.4,13.4,24,0.0,45.625,3,2017,Summer
2017-03-04,18.429166666666667,25.1,12.1,24,0.0,43.208333333333336,3,2017,Summer
2017-03-05,18.837500000000002,26.6,12.0,24,0.0,43.458333333333336,3,2017,Summer
2017-03-06,19.412499999999998,26.9,12.5,24,0.0,42.625,3,2017,Summer
2017-03-07,20.462500000000002,27.5,13.5,24,0.0,45.666666666666664,3,2017,Summer
2017-03-08,20.516666666666666,25.9,16.5,24,1.2,49.75,3,2017,Summer
2017-03-09,19.087500000000002,25.9,14.1,24,0.3,63.791666666666664,3,2017,Summer
2017-03-10,17.079166666666666,22.5,13.2,24,12.1,76.91666666666667,3,2017,Summer
2017-03-11,16.091666666666665,21.6,12.0,24,1.3,76.04166666666667,3,2017,Summer
2017-03-12,15.929166666666667,21.5,10.2,24,0.0,62.916666666666664,3,2017,Summer
2017-03-13,16.162499999999998,22.8,10.3,24,0.0,53.166666666666664,3,2017,Summer
2017-03-14,17.4875,24.5,9.7,24,0.0,52.833333333333336,3,2017,Summer
2017-03-15,18.912499999999998,26.9,11.2,24,0.0,53.875,3,2017,Summer
2017-03-16,20.245833333333334,27.1,13.6,24,0.0,52.0,3,2017,Summer
2017-03-17,19.837500000000002,26.4,13.8,24,0.0,55.916666666666664,3,2017,Summer
2017-03-18,20.495833333333334,27.9,13.6,24,0.0,50.458333333333336,3,2017,Summer
2017-03-19,21.47083333333333,29.4,15.9,24,1.3,55.0,3,2017,Summer
2017-03-20,21.816666666666666,29.5,15.1,24,0.0,55.541666666666664,3,2017,Summer
2017-03-21,23.483333333333334,32.0,16.0,24,0.0,48.291666666666664,3,2017,Summer
2017-03-22,25.508333333333336,33.8,18.0,24,0.0,47.541666666666664,3,2017,Summer
2017-03-23,25.8125,34.6,17.8,24,0.2,49.666666666666664,3,2017,Summer
2017-03-24,25.974999999999998,33.4,19.4,24,0.0,47.416666666666664,3,2017,Summer
2017-03-25,25.4375,32.7,17.5,24,0.0,40.541666666666664,3,2017,Summer
2017-03-26,26.695833333333336,34.0,19.7,24,0.0,38.541666666666664,3,2017,Summer
2017-03-27,28.40416666666667,36.0,21.6,24,0.0,39.791666666666664,3,2017,Summer
2017-03-28,28.941666666666666,36.8,21.2,24,0.0,42.791666666666664,3,2017,Summer
2017-03-29,29.729166666666668,37.3,22.6,24,0.0,39.166666666666664,3,2017,Summer
2017-03-30,29.816666666666666,37.2,22.8,24,0.0,35.708333333333336,3,2017,Summer
2017-03-31,30.020833333333332,37.3,22.9,24,0.0,39.416666666666664,3,2017,Summer
2017-04-01,29.7625,37.7,22.4,24,0.0,35.5,4,2017,Summer
2017-04-02,29.3875,37.0,22.2,24,0.0,29.0,4,2017,Summer
2017-04-03,29.087500000000002,37.5,21.2,24,0.0,31.125,4,2017,Summer
2017-04-04,29.025000000000002,36.5,21.1,24,0.0,31.625,4,2017,Summer
2017-04-05,28.333333333333332,34.6,23.2,24,1.1,41.291666666666664,4,2017,Summer
2017-04-06,28.7375,36.4,21.0,24,0.0,39.75,4,2017,Summer
2017-04-07,26.429166666666664,33.2,19.1,24,0.0,39.666666666666664,4,2017,Summer
2017-04-08,25.458333333333332,32.8,17.4,24,0.0,24.0,4,2017,Summer
2017-04-09,25.641666666666666,31.8,19.5,24,0.0,22.125,4,2017,Summer
2017-04-10,25.925,33.2,18.9,24,0.0,21.625,4,2017,Summer
2017-04-11,28.112499999999997,36.3,20.0,24,0.0,23.708333333333332,4,2017,Summer
2017-04-12,29.525000000000002,38.4,21.4,24,0.0,26.041666666666668,4,2017,Summer
2017-04-13,30.304166666666664,38.5,20.7,24,0.0,27.125,4,2017,Summer
2017-04-14,30.879166666666666,39.0,23.5,24,0.0,27.625,4,2017,Summer
2017-04-15,31.258333333333336,39.9,22.1,24,0.0,26.958333333333332,4,2017,Summer
2017-04-16,31.03333333333333,39.7,23.1,24,0.0,30.666666666666668,4,2017,Summer
2017-04-17,31.920833333333334,40.6,24.5,24,0.0,38.458333333333336,4,2017,Summer
2017-04-18,32.670833333333334,41.3,23.6,24,0.0,35.041666666666664,4,2017,Summer
2017-04-19,33.666666666666664,41.5,25.6,24,0.0,19.833333333333332,4,2017,Summer
2017-04-20,33.666666666666664,41.5,24.3,24,0.0,24.791666666666668,4,2017,Summer
2017-04-21,33.25416666666667,40.8,25.9,24,0.0,38.416666666666664,4,2017,Summer
2017-04-22,32.475,40.5,27.0,24,2.0,47.375,4,2017,Summer
2017-04-23,31.429166666666664,38.8,24.6,24,0.0,38.416666666666664,4,2017,Summer
2017-04-24,30.412499999999998,37.0,24.0,24,2.0999999999999996,30.791666666666668,4,2017,Summer
2017-04-25,30.508333333333336,37.1,23.4,24,0.0,24.166666666666668,4,2017,Summer
2017-04-26,29.9375,37.5,22.2,24,0.0,23.25,4,2017,Summer
2017-04-27,30.579166666666666,38.4,22.9,24,0.0,24.291666666666668,4,2017,Summer
2017-04-28,30.420833333333334,38.2,22.7,24,0.3,28.666666666666668,4,2017,Summer
2017-04-29,30.8,38.2,23.9,24,0.0,30.458333333333332,4,2017,Summer
2017-04-30,29.958333333333332,37.1,23.4,24,0.1,33.916666666666664,4,2017,Summer
2017-05-01,29.912499999999998,36.9,22.0,24,0.0,31.541666666666668,5,2017,Summer
2017-05-02,31.912499999999998,38.3,24.8,24,0.0,21.666666666666668,5,2017,Summer
2017-05-03,31.645833333333332,38.2,26.4,24,0.0,25.333333333333332,5,2017,Summer
2017-05-04,31.575,38.5,25.8,24,0.0,25.25,5,2017,Summer
2017-05-05,31.72083333333333,39.1,23.2,24,0.0,25.75,5,2017,Summer
2017-05-06,33.19166666666667,40.7,24.6,24,0.0,23.958333333333332,5,2017,Summer
2017-05-07,34.545833333333334,42.0,25.1,24,0.0,23.291666666666668,5,2017,Summer
2017-05-08,34.19583333333333,42.0,26.0,24,0.0,22.75,5,2017,Summer
2017-05-09,33.71666666666667,42.0,25.6,24,0.0,31.666666666666668,5,2017,Summer
2017-05-10,32.291666666666664,39.8,26.9,24,1.8,43.583333333333336,5,2017,Summer
2017-05-11,33.5875,39.9,27.0,24,0.0,38.125,5,2017,Summer
2017-05-12,33.07083333333333,40.3,26.4,24,1.4,36.916666666666664,5,2017,Summer
2017-05-13,33.5875,40.3,26.1,24,0.1,33.291666666666664,5,2017,Summer
2017-05-14,35.045833333333334,42.6,26.8,24,0.0,23.166666666666668,5,2017,Summer
2017-05-15,35.233333333333334,42.6,27.3,24,0.0,21.875,5,2017,Summer
2017-05-16,33.791666666666664,40.6,27.2,24,0.7,27.5,5,2017,Summer
2017-05-17,31.145833333333332,35.8,25.4,24,1.0,40.041666666666664,5,2017,Summer
2017-05-18,31.516666666666666,38.5,25.6,24,0.4,42.541666666666664,5,2017,Summer
2017-05-19,33.15,40.8,26.3,24,0.0,37.75,5,2017,Summer
2017-05-20,33.045833333333334,39.9,25.9,24,0.0,31.208333333333332,5,2017,Summer
2017-05-21,32.44166666666667,39.3,25.8,24,0.0,34.25,5,2017,Summer
2017-05-22,30.645833333333332,37.7,24.3,24,0.9,43.875,5,2017,Summer
2017-05-23,31.5,37.8,25.1,24,0.1,42.208333333333336,5,2017,Summer
2017-05-24,33.045833333333334,39.6,25.9,24,0.2,39.625,5,2017,Summer
2017-05-25,33.55416666666667,40.7,27.5,24,0.0,39.125,5,2017,Summer
2017-05-26,35.4,42.5,27.8,24,0.0,32.958333333333336,5,2017,Summer
2017-05-27,32.925000000000004,40.8,28.3,24,0.2,46.166666666666664,5,2017,Summer
2017-05-28,32.42916666666667,38.0,27.9,24,0.3,51.208333333333336,5,2017,Summer
2017-05-29,29.925,35.5,25.4,24,2.4,56.958333333333336,5,2017,Summer
2017-05-30,29.995833333333334,35.2,24.6,24,0.5,60.625,5,2017,Summer
2017-05-31,30.866666666666664,37.2,26.1,24,0.2,56.958333333333336,5,2017,Summer
2017-06-01,31.420833333333334,37.8,26.8,24,0.0,55.583333333333336,6,2017,Monsoon
2017-06-02,32.62916666666667,39.3,24.9,24,0.0,43.0,6,2017,Monsoon
2017-06-03,35.208333333333336,42.0,27.2,24,0.0,35.333333333333336,6,2017,Monsoon
2017-06-04,37.25833333333333,44.0,29.7,24,0.0,26.166666666666668,6,2017,Monsoon
2017-06-05,37.86666666666667,42.9,34.0,24,0.0,29.125,6,2017,Monsoon
2017-06-06,36.85,40.8,32.1,24,0.30000000000000004,36.333333333333336,6,2017,Monsoon
2017-06-07,31.724999999999998,36.5,26.9,24,0.6,56.916666666666664,6,2017,Monsoon
2017-06-08,31.416666666666668,35.7,27.0,24,3.8000000000000003,57.208333333333336,6,2017,Monsoon
2017-06-09,31.020833333333332,36.7,26.4,24,0.30000000000000004,55.125,6,2017,Monsoon
2017-06-10,32.233333333333334,38.8,26.0,24,0.6,50.458333333333336,6,2017,Monsoon
2017-06-11,32.11666666666667,38.0,25.8,24,0.2,45.791666666666664,6,2017,Monsoon
2017-06-12,32.80833333333333,38.9,25.6,24,0.0,42.25,6,2017,Monsoon
2017-06-13,33.74166666666667,40.9,27.0,24,0.1,36.666666666666664,6,2017,Monsoon
2017-06-14,34.38333333333333,41.0,27.1,24,0.4,34.833333333333336,6,2017,Monsoon
2017-06-15,32.891666666666666,39.1,27.4,24,2.2,48.291666666666664,6,2017,Monsoon
2017-06-16,30.958333333333332,36.6,24.1,24,0.4,49.041666666666664,6,2017,Monsoon
2017-06-17,30.495833333333334,37.0,24.7,24,7.0,61.416666666666664,6,2017,Monsoon
2017-06-18,30.816666666666666,36.5,25.2,24,3.1,65.875,6,2017,Monsoon
2017-06-19,31.391666666666666,35.5,26.9,24,5.5,64.54166666666667,6,2017,Monsoon
2017-06-20,29.7,34.8,25.0,24,10.2,69.625,6,2017,Monsoon
2017-06-21,28.662499999999998,33.0,24.0,24,2.4000000000000004,71.25,6,2017,Monsoon
2017-06-22,29.066666666666666,34.2,25.0,24,0.0,68.375,6,2017,Monsoon
2017-06-23,29.3125,33.1,25.4,24,5.5,70.625,6,2017,Monsoon
2017-06-24,31.55416666666667,35.8,26.1,24,0.0,60.5,6,2017,Monsoon
2017-06-25,33.05833333333333,36.8,29.2,24,0.2,58.458333333333336,6,2017,Monsoon
2017-06-26,33.49166666666667,37.0,29.0,24,2.3000000000000003,59.625,6,2017,Monsoon
2017-06-27,32.9,36.7,28.1,24,1.1,61.958333333333336,6,2017,Monsoon
2017-06-28,29.445833333333336,33.5,26.8,24,24.1,79.875,6,2017,Monsoon
2017-06-29,27.787499999999998,31.0,25.6,24,3.6,85.29166666666667,6,2017,Monsoon
2017-06-30,27.770833333333332,30.4,25.9,24,15.1,86.29166666666667,6,2017,Monsoon
2017-07-01,28.587500000000002,31.1,26.4,24,10.5,85.45833333333333,7,2017,Monsoon
2017-07-02,27.916666666666668,30.3,25.6,24,12.4,86.29166666666667,7,2017,Monsoon
2017-07-03,29.166666666666668,32.8,26.0,24,3.5,81.91666666666667,7,2017,Monsoon
2017-07-04,30.75,34.5,27.5,24,3.8,74.45833333333333,7,2017,Monsoon
2017-07-05,30.7625,34.5,27.5,24,0.4,71.25,7,2017,Monsoon
2017-07-06,30.066666666666666,34.3,27.0,24,1.0,71.83333333333333,7,2017,Monsoon
2017-07-07,29.879166666666666,34.5,25.7,24,1.7,75.29166666666667,7,2017,Monsoon
2017-07-08,31.020833333333332,34.5,26.6,24,0.1,71.70833333333333,7,2017,Monsoon
2017-07-09,32.22083333333333,36.4,28.2,24,0.0,63.625,7,2017,Monsoon
2017-07-10,32.05,36.3,29.0,24,0.4,59.5,7,2017,Monsoon
2017-07-11,30.3875,34.7,27.5,24,1.4000000000000001,69.125,7,2017,Monsoon
2017-07-12,28.224999999999998,30.8,26.0,24,1.1,78.33333333333333,7,2017,Monsoon
2017-07-13,29.2375,32.3,26.0,24,0.6000000000000001,72.20833333333333,7,2017,Monsoon
2017-07-14,29.7375,32.8,27.1,24,0.6,72.83333333333333,7,2017,Monsoon
2017-07-15,29.462500000000002,32.5,27.0,24,9.6,76.41666666666667,7,2017,Monsoon
2017-07-16,29.795833333333334,32.8,27.1,24,5.1000000000000005,79.08333333333333,7,2017,Monsoon
2017-07-17,29.741666666666664,33.2,27.5,24,5.800000000000001,80.45833333333333,7,2017,Monsoon
2017-07-18,30.233333333333334,33.8,27.0,24,4.3,78.91666666666667,7,2017,Monsoon
2017-07-19,31.46666666666667,35.2,27.6,24,2.0,72.66666666666667,7,2017,Monsoon
2017-07-20,29.429166666666664,32.2,25.5,24,14.0,77.66666666666667,7,2017,Monsoon
2017-07-21,29.72083333333333,32.7,27.8,24,5.7,76.25,7,2017,Monsoon
2017-07-22,28.420833333333334,31.2,26.6,24,1.8,79.45833333333333,7,2017,Monsoon
2017-07-23,28.025000000000002,32.2,25.5,24,5.3,81.54166666666667,7,2017,Monsoon
2017-07-24,27.558333333333334,30.5,25.0,24,6.300000000000001,84.375,7,2017,Monsoon
2017-07-25,27.724999999999998,31.2,25.2,24,5.6000000000000005,83.375,7,2017,Monsoon
2017-07-26,28.679166666666664,31.8,25.4,24,0.7000000000000001,79.91666666666667,7,2017,Monsoon
2017-07-27,29.429166666666664,32.8,26.2,24,1.9,75.29166666666667,7,2017,Monsoon
2017-07-28,29.1375,32.1,27.0,24,0.9,76.25,7,2017,Monsoon
2017-07-29,28.900000000000002,31.7,26.6,24,1.8,76.875,7,2017,Monsoon
2017-07-30,28.554166666666664,31.4,26.3,24,2.3,79.625,7,2017,Monsoon
2017-07-31,27.34583333333333,31.0,25.7,24,17.6,86.54166666666667,7,2017,Monsoon
2017-08-01,26.837500000000002,28.6,25.5,24,4.8,89.58333333333333,8,2017,Monsoon
2017-08-02,28.224999999999998,31.6,26.0,24,2.6,83.16666666666667,8,2017,Monsoon
2017-08-03,28.849999999999998,31.6,26.2,24,1.0,76.58333333333333,8,2017,Monsoon
2017-08-04,29.133333333333336,32.0,26.6,24,0.7000000000000001,73.79166666666667,8,2017,Monsoon
2017-08-05,29.795833333333334,33.4,27.0,24,3.8,72.125,8,2017,Monsoon
2017-08-06,29.46666666666667,32.5,27.5,24,1.3,78.54166666666667,8,2017,Monsoon
2017-08-07,28.3875,31.5,25.8,24,17.7,86.91666666666667,8,2017,Monsoon
2017-08-08,28.59166666666667,32.5,25.9,24,12.5,86.33333333333333,8,2017,Monsoon
2017-08-09,27.891666666666666,30.4,25.7,24,17.3,88.79166666666667,8,2017,Monsoon
2017-08-10,28.808333333333334,32.5,25.6,24,10.2,81.16666666666667,8,2017,Monsoon
2017-08-11,30.254166666666666,34.1,27.5,24,0.2,70.16666666666667,8,2017,Monsoon
2017-08-12,30.0125,33.2,27.5,24,0.3,68.875,8,2017,Monsoon
2017-08-13,29.758333333333336,33.1,26.8,24,0.5,70.91666666666667,8,2017,Monsoon
2017-08-14,29.683333333333334,33.2,26.5,24,0.2,68.83333333333333,8,2017,Monsoon
2017-08-15,29.758333333333336,32.8,27.0,24,0.6000000000000001,71.45833333333333,8,2017,Monsoon
2017-08-16,30.395833333333332,34.5,27.2,24,0.0,67.08333333333333,8,2017,Monsoon
2017-08-17,31.075,35.8,27.6,24,0.0,63.708333333333336,8,2017,Monsoon
2017-08-18,31.120833333333334,35.6,27.5,24,0.0,64.75,8,2017,Monsoon
2017-08-19,28.191666666666666,30.4,27.0,24,6.3,82.875,8,2017,Monsoon
2017-08-20,29.545833333333334,33.2,26.1,24,0.4,74.29166666666667,8,2017,Monsoon
2017-08-21,29.241666666666664,32.7,26.7,24,6.2,78.375,8,2017,Monsoon
2017-08-22,28.84166666666667,32.2,26.6,24,6.0,81.08333333333333,8,2017,Monsoon
2017-08-23,27.954166666666666,31.2,26.5,24,3.8000000000000003,86.375,8,2017,Monsoon
2017-08-24,28.65416666666667,32.2,25.5,24,1.7000000000000002,83.70833333333333,8,2017,Monsoon
2017-08-25,28.066666666666666,30.8,26.2,24,6.699999999999999,85.70833333333333,8,2017,Monsoon
2017-08-26,27.55,31.8,25.2,24,26.700000000000003,87.75,8,2017,Monsoon
2017-08-27,28.616666666666664,32.6,25.4,24,1.8,82.54166666666667,8,2017,Monsoon
2017-08-28,27.47083333333333,29.0,25.9,24,2.0,83.20833333333333,8,2017,Monsoon
2017-08-29,28.195833333333336,31.2,26.4,24,7.0,79.25,8,2017,Monsoon
2017-08-30,28.45,30.9,26.5,24,11.5,80.5,8,2017,Monsoon
2017-08-31,26.691666666666666,28.6,24.9,24,18.6,88.58333333333333,8,2017,Monsoon
2017-09-01,26.416666666666668,29.5,24.6,24,14.7,88.04166666666667,9,2017,Monsoon
2017-09-02,25.837500000000002,28.3,24.9,24,6.2,88.08333333333333,9,2017,Monsoon
2017-09-03,27.554166666666664,31.5,24.1,24,0.7,81.79166666666667,9,2017,Monsoon
2017-09-04,28.479166666666668,32.8,25.0,24,0.9,80.20833333333333,9,2017,Monsoon
2017-09-05,28.495833333333334,32.7,25.1,24,1.6,78.41666666666667,9,2017,Monsoon
2017-09-06,28.65833333333333,32.8,25.6,24,1.1,77.875,9,2017,Monsoon
2017-09-07,27.59166666666667,31.4,23.6,24,0.4,83.875,9,2017,Monsoon
2017-09-08,28.150000000000002,32.2,24.6,24,0.0,82.75,9,2017,Monsoon
2017-09-09,28.608333333333334,33.0,24.2,24,0.0,78.125,9,2017,Monsoon
2017-09-10,29.625,34.5,25.4,24,0.0,74.25,9,2017,Monsoon
2017-09-11,29.541666666666668,34.5,26.1,24,0.1,73.33333333333333,9,2017,Monsoon
2017-09-12,29.179166666666664,34.0,25.0,24,0.3,72.20833333333333,9,2017,Monsoon
2017-09-13,29.525000000000002,34.2,25.0,24,0.0,71.5,9,2017,Monsoon
2017-09-14,29.416666666666668,34.0,25.5,24,0.0,73.91666666666667,9,2017,Monsoon
2017-09-15,29.075,34.0,24.9,24,0.0,70.25,9,2017,Monsoon
2017-09-16,28.270833333333332,32.8,24.6,24,0.0,73.45833333333333,9,2017,Monsoon
2017-09-17,28.587500000000002,33.5,25.8,24,0.1,69.79166666666667,9,2017,Monsoon
2017-09-18,28.770833333333332,34.6,23.1,24,0.0,66.625,9,2017,Monsoon
2017-09-19,29.2625,33.8,24.6,24,0.0,74.625,9,2017,Monsoon
2017-09-20,29.316666666666666,35.3,24.1,24,0.0,69.79166666666667,9,2017,Monsoon
2017-09-21,29.287499999999998,34.2,25.0,24,0.0,70.41666666666667,9,2017,Monsoon
2017-09-22,25.95,28.0,23.6,24,11.4,82.70833333333333,9,2017,Monsoon
2017-09-23,24.141666666666666,25.7,22.6,24,20.5,92.41666666666667,9,2017,Monsoon
2017-09-24,25.3,31.0,20.8,24,0.0,83.25,9,2017,Monsoon
2017-09-25,27.245833333333334,32.8,22.2,24,0.0,78.20833333333333,9,2017,Monsoon
2017-09-26,27.866666666666664,33.1,23.0,24,0.0,74.0,9,2017,Monsoon
2017-09-27,27.870833333333334,33.9,23.0,24,0.0,69.16666666666667,9,2017,Monsoon
2017-09-28,27.875,33.8,23.6,24,0.0,70.66666666666667,9,2017,Monsoon
2017-09-29,28.516666666666666,33.5,23.6,24,0.0,69.83333333333333,9,2017,Monsoon
2017-09-30,27.854166666666668,34.4,22.6,24,0.0,70.29166666666667,9,2017,Monsoon
2017-10-01,27.287499999999998,35.1,21.0,24,0.0,68.16666666666667,10,2017,Post-monsoon
2017-10-02,27.6875,34.5,21.9,24,0.0,65.0,10,2017,Post-monsoon
2017-10-03,27.037499999999998,33.8,21.3,24,0.0,67.16666666666667,10,2017,Post-monsoon
2017-10-04,26.995833333333334,33.8,21.0,24,0.0,68.875,10,2017,Post-monsoon
2017-10-05,27.087500000000002,33.3,21.9,24,0.0,71.33333333333333,10,2017,Post-monsoon
2017-10-06,26.84583333333333,33.8,21.8,24,0.0,60.875,10,2017,Post-monsoon
2017-10-07,26.337500000000002,33.3,20.0,24,0.0,62.291666666666664,10,2017,Post-monsoon
2017-10-08,26.341666666666665,33.4,20.2,24,0.0,69.16666666666667,10,2017,Post-monsoon
2017-10-09,27.058333333333334,33.9,22.0,24,0.0,68.20833333333333,10,2017,Post-monsoon
2017-10-10,27.1125,33.5,21.7,24,0.0,66.45833333333333,10,2017,Post-monsoon
2017-10-11,27.479166666666668,33.7,22.5,24,0.0,63.541666666666664,10,2017,Post-monsoon
2017-10-12,27.229166666666668,33.3,21.1,24,0.0,61.541666666666664,10,2017,Post-monsoon
2017-10-13,27.191666666666666,34.0,21.0,24,0.0,55.333333333333336,10,2017,Post-monsoon
2017-10-14,26.65416666666667,34.3,19.8,24,0.0,58.291666666666664,10,2017,Post-monsoon
2017-10-15,26.954166666666666,34.3,19.1,24,0.0,58.583333333333336,10,2017,Post-monsoon
2017-10-16,26.583333333333332,34.4,20.5,24,0.0,58.958333333333336,10,2017,Post-monsoon
2017-10-17,25.099999999999998,33.0,18.2,24,0.0,58.625,10,2017,Post-monsoon
2017-10-18,25.05,32.8,18.0,24,0.0,65.83333333333333,10,2017,Post-monsoon
2017-10-19,26.075000000000003,33.5,19.1,24,0.0,68.58333333333333,10,2017,Post-monsoon
2017-10-20,26.891666666666666,34.0,20.7,24,0.0,61.75,10,2017,Post-monsoon
2017-10-21,25.766666666666666,34.0,18.7,24,0.0,59.416666666666664,10,2017,Post-monsoon
2017-10-22,25.84583333333333,34.7,18.5,24,0.0,57.125,10,2017,Post-monsoon
2017-10-23,25.570833333333336,32.8,18.3,24,0.0,58.875,10,2017,Post-monsoon
2017-10-24,24.59583333333333,32.8,18.2,24,0.0,52.083333333333336,10,2017,Post-monsoon
2017-10-25,23.808333333333334,31.7,16.5,24,0.0,52.916666666666664,10,2017,Post-monsoon
2017-10-26,23.96666666666667,31.8,16.4,24,0.0,55.875,10,2017,Post-monsoon
2017-10-27,23.991666666666664,30.6,17.6,24,0.2,63.5,10,2017,Post-monsoon
2017-10-28,24.037499999999998,30.7,17.9,24,0.0,65.625,10,2017,Post-monsoon
2017-10-29,23.625,30.4,17.6,24,0.0,63.166666666666664,10,2017,Post-monsoon
2017-10-30,22.691666666666666,29.6,16.9,24,0.0,67.5,10,2017,Post-monsoon
2017-10-31,23.325,29.8,16.7,24,0.0,67.54166666666667,10,2017,Post-monsoon
2017-11-01,24.204166666666666,30.7,19.0,24,0.0,64.08333333333333,11,2017,Post-monsoon
2017-11-02,23.662499999999998,30.0,18.3,24,0.0,71.08333333333333,11,2017,Post-monsoon
2017-11-03,23.02916666666667,29.0,17.8,24,0.0,72.20833333333333,11,2017,Post-monsoon
2017-11-04,22.625,29.1,17.1,24,0.0,74.58333333333333,11,2017,Post-monsoon
2017-11-05,22.979166666666668,28.9,18.0,24,0.0,72.16666666666667,11,2017,Post-monsoon
2017-11-06,22.8625,29.0,16.9,24,0.0,70.75,11,2017,Post-monsoon
2017-11-07,22.116666666666664,28.5,16.4,24,0.0,73.66666666666667,11,2017,Post-monsoon
2017-11-08,21.920833333333334,29.0,15.1,24,0.0,73.20833333333333,11,2017,Post-monsoon
2017-11-09,21.695833333333336,28.9,15.9,24,0.0,74.33333333333333,11,2017,Post-monsoon
2017-11-10,21.166666666666668,28.5,14.4,24,0.0,73.91666666666667,11,2017,Post-monsoon
2017-11-11,20.3875,27.5,14.1,24,0.0,74.66666666666667,11,2017,Post-monsoon
2017-11-12,20.358333333333334,27.2,13.9,24,0.0,73.16666666666667,11,2017,Post-monsoon
2017-11-13,20.341666666666665,27.5,14.1,24,0.0,73.95833333333333,11,2017,Post-monsoon
2017-11-14,21.133333333333333,27.5,16.0,24,0.0,66.70833333333333,11,2017,Post-monsoon
2017-11-15,20.716666666666665,26.0,16.5,24,0.0,65.54166666666667,11,2017,Post-monsoon
2017-11-16,19.775000000000002,25.1,15.6,24,0.1,67.70833333333333,11,2017,Post-monsoon
2017-11-17,19.625,25.2,15.0,24,0.0,71.54166666666667,11,2017,Post-monsoon
2017-11-18,20.091666666666665,25.4,16.1,24,0.1,67.33333333333333,11,2017,Post-monsoon
2017-11-19,18.741666666666667,24.4,15.1,24,0.0,52.75,11,2017,Post-monsoon
2017-11-20,16.60833333333333,22.9,11.2,24,0.0,51.625,11,2017,Post-monsoon
2017-11-21,16.120833333333334,23.5,10.7,24,0.0,53.25,11,2017,Post-monsoon
2017-11-22,16.258333333333333,24.2,9.9,24,0.0,53.791666666666664,11,2017,Post-monsoon
2017-11-23,16.283333333333335,24.0,10.7,24,0.0,49.833333333333336,11,2017,Post-monsoon
2017-11-24,16.412499999999998,25.0,9.1,24,0.0,50.541666666666664,11,2017,Post-monsoon
2017-11-25,16.516666666666666,25.0,10.6,24,0.0,55.583333333333336,11,2017,Post-monsoon
2017-11-26,16.391666666666666,24.9,9.0,24,0.0,63.958333333333336,11,2017,Post-monsoon
2017-11-27,16.766666666666666,25.1,10.7,24,0.0,59.541666666666664,11,2017,Post-monsoon
2017-11-28,16.670833333333334,25.6,9.2,24,0.0,64.33333333333333,11,2017,Post-monsoon
2017-11-29,17.316666666666666,25.5,10.6,24,0.0,66.95833333333333,11,2017,Post-monsoon
2017-11-30,16.654166666666665,25.2,9.9,24,0.0,69.5,11,2017,Post-monsoon
2017-12-01,16.429166666666667,23.9,8.2,24,0.0,63.583333333333336,12,2017,Winter
2017-12-02,16.095833333333335,23.6,9.1,24,0.0,60.75,12,2017,Winter
2017-12-03,15.683333333333332,22.8,9.6,24,0.0,63.541666666666664,12,2017,Winter
2017-12-04,15.591666666666667,22.6,8.9,24,0.0,66.95833333333333,12,2017,Winter
2017-12-05,16.775000000000002,22.5,13.4,24,0.0,62.666666666666664,12,2017,Winter
2017-12-06,17.3875,21.6,13.8,24,0.0,51.541666666666664,12,2017,Winter
2017-12-07,16.974999999999998,22.8,13.4,24,0.0,37.875,12,2017,Winter
2017-12-08,16.191666666666666,24.0,10.4,24,0.0,39.291666666666664,12,2017,Winter
2017-12-09,16.008333333333333,23.5,8.9,24,0.0,51.708333333333336,12,2017,Winter
2017-12-10,15.495833333333335,23.8,8.5,24,0.0,68.0,12,2017,Winter
2017-12-11,16.029166666666665,22.8,9.6,24,2.1999999999999997,72.95833333333333,12,2017,Winter
2017-12-12,16.354166666666668,20.5,12.8,24,4.5,83.91666666666667,12,2017,Winter
2017-12-13,13.825000000000001,19.7,10.7,24,0.0,83.75,12,2017,Winter
2017-12-14,13.279166666666667,20.4,9.2,24,0.0,72.0,12,2017,Winter
2017-12-15,12.733333333333334,20.1,7.5,24,0.0,71.70833333333333,12,2017,Winter
2017-12-16,12.370833333333332,19.6,7.1,24,0.0,63.958333333333336,12,2017,Winter
2017-12-17,13.5625,21.0,7.8,24,0.0,51.291666666666664,12,2017,Winter
2017-12-18,15.466666666666667,23.6,10.1,24,0.0,46.583333333333336,12,2017,Winter
2017-12-19,14.424999999999999,22.8,8.9,24,0.0,61.291666666666664,12,2017,Winter
2017-12-20,14.858333333333334,22.1,9.6,24,0.0,76.66666666666667,12,2017,Winter
2017-12-21,15.545833333333334,23.1,10.8,24,0.0,81.54166666666667,12,2017,Winter
2017-12-22,15.954166666666666,23.3,10.6,24,0.0,67.58333333333333,12,2017,Winter
2017-12-23,15.004166666666668,22.5,10.4,24,0.0,62.166666666666664,12,2017,Winter
2017-12-24,14.333333333333334,22.0,8.6,24,0.0,71.45833333333333,12,2017,Winter
2017-12-25,14.029166666666667,22.1,7.8,24,0.0,74.58333333333333,12,2017,Winter
2017-12-26,13.737499999999999,22.2,7.9,24,0.0,74.95833333333333,12,2017,Winter
2017-12-27,14.720833333333333,22.4,6.8,24,0.0,69.66666666666667,12,2017,Winter
2017-12-28,14.358333333333334,22.4,7.2,24,0.0,74.29166666666667,12,2017,Winter
2017-12-29,13.704166666666666,21.4,7.2,24,0.0,79.125,12,2017,Winter
2017-12-30,13.520833333333334,20.9,7.1,24,0.0,79.375,12,2017,Winter
2017-12-31,12.5625,19.8,6.2,24,0.0,77.625,12,2017,Winter
2018-01-01,12.229166666666666,19.8,6.1,24,0.0,72.04166666666667,1,2018,Winter
2018-01-02,12.420833333333334,19.9,5.8,24,0.0,75.875,1,2018,Winter
2018-01-03,11.424999999999999,19.8,5.4,24,0.0,78.75,1,2018,Winter
2018-01-04,11.045833333333333,19.9,4.3,24,0.0,77.29166666666667,1,2018,Winter
2018-01-05,11.708333333333334,19.9,6.1,24,0.0,78.04166666666667,1,2018,Winter
2018-01-06,11.15,19.4,4.2,24,0.0,79.125,1,2018,Winter
2018-01-07,11.475,18.9,5.5,24,0.0,71.54166666666667,1,2018,Winter
2018-01-08,11.8125,19.7,6.4,24,0.0,72.08333333333333,1,2018,Winter
2018-01-09,11.354166666666666,19.8,4.2,24,0.0,73.91666666666667,1,2018,Winter
2018-01-10,12.8375,20.8,6.6,24,0.0,70.41666666666667,1,2018,Winter
2018-01-11,13.420833333333334,21.0,7.7,24,0.0,66.29166666666667,1,2018,Winter
2018-01-12,14.525,22.0,8.4,24,0.0,62.625,1,2018,Winter
2018-01-13,12.8125,21.3,5.2,24,0.0,75.875,1,2018,Winter
2018-01-14,12.737499999999999,21.8,5.9,24,0.0,71.66666666666667,1,2018,Winter
2018-01-15,13.137500000000001,21.8,5.8,24,0.0,67.375,1,2018,Winter
2018-01-16,13.995833333333332,22.0,8.2,24,0.0,61.0,1,2018,Winter
2018-01-17,13.420833333333334,21.5,7.7,24,0.0,74.625,1,2018,Winter
2018-01-18,14.354166666666666,23.2,7.5,24,0.0,79.58333333333333,1,2018,Winter
2018-01-19,14.791666666666666,23.2,8.7,24,0.0,76.75,1,2018,Winter
2018-01-20,13.870833333333332,22.0,8.0,24,0.0,65.79166666666667,1,2018,Winter
2018-01-21,13.091666666666667,20.9,5.5,24,0.0,65.04166666666667,1,2018,Winter
2018-01-22,13.691666666666668,21.9,5.8,24,0.0,70.58333333333333,1,2018,Winter
2018-01-23,13.345833333333333,16.2,10.9,24,8.7,79.875,1,2018,Winter
2018-01-24,12.25,18.3,7.1,24,0.39999999999999997,84.08333333333333,1,2018,Winter
2018-01-25,12.695833333333333,19.4,8.4,24,0.0,81.25,1,2018,Winter
2018-01-26,12.008333333333333,19.6,6.3,24,0.0,82.75,1,2018,Winter
2018-01-27,11.604166666666666,19.7,6.1,24,0.0,79.54166666666667,1,2018,Winter
2018-01-28,12.0625,20.9,5.6,24,0.0,79.125,1,2018,Winter
2018-01-29,13.141666666666666,21.6,7.0,24,0.0,78.08333333333333,1,2018,Winter
2018-01-30,15.875,24.0,9.5,24,0.0,71.25,1,2018,Winter
2018-01-31,17.233333333333334,23.8,12.6,24,0.0,66.41666666666667,1,2018,Winter
2018-02-01,16.833333333333332,25.0,10.4,24,0.0,71.04166666666667,2,2018,Winter
2018-02-02,16.220833333333335,24.0,10.4,24,0.0,75.33333333333333,2,2018,Winter
2018-02-03,15.529166666666667,22.5,9.6,24,0.0,64.20833333333333,2,2018,Winter
2018-02-04,13.625,21.6,8.0,24,0.0,63.833333333333336,2,2018,Winter
2018-02-05,13.983333333333334,21.6,6.3,24,0.0,61.666666666666664,2,2018,Winter
2018-02-06,15.258333333333333,21.9,10.9,24,0.0,56.416666666666664,2,2018,Winter
2018-02-07,13.804166666666667,22.0,7.8,24,0.0,57.625,2,2018,Winter
2018-02-08,12.891666666666666,21.6,5.4,24,0.0,67.08333333333333,2,2018,Winter
2018-02-09,13.875,22.4,6.9,24,0.0,63.875,2,2018,Winter
2018-02-10,14.741666666666667,23.5,7.8,24,0.0,60.0,2,2018,Winter
2018-02-11,16.0125,23.2,9.2,24,2.6,58.125,2,2018,Winter
2018-02-12,15.841666666666667,22.1,12.9,24,7.1,79.79166666666667,2,2018,Winter
2018-02-13,15.208333333333334,21.0,9.7,24,0.0,80.625,2,2018,Winter
2018-02-14,15.070833333333333,21.2,9.6,24,0.0,69.0,2,2018,Winter
2018-02-15,16.391666666666666,22.7,11.6,24,0.0,67.95833333333333,2,2018,Winter
2018-02-16,17.120833333333334,24.1,11.0,24,0.0,69.91666666666667,2,2018,Winter
2018-02-17,17.283333333333335,24.5,11.8,24,0.0,71.58333333333333,2,2018,Winter
2018-02-18,16.625,24.5,10.6,24,0.0,65.29166666666667,2,2018,Winter
2018-02-19,15.883333333333333,24.5,8.6,24,0.0,68.33333333333333,2,2018,Winter
2018-02-20,18.075,26.2,10.7,24,0.0,69.5,2,2018,Winter
2018-02-21,20.404166666666665,28.2,14.4,24,0.0,66.29166666666667,2,2018,Winter
2018-02-22,20.233333333333334,28.7,12.7,24,0.0,72.75,2,2018,Winter
2018-02-23,21.016666666666666,28.4,15.0,24,0.0,73.16666666666667,2,2018,Winter
2018-02-24,20.8,28.0,16.9,24,0.9,73.58333333333333,2,2018,Winter
2018-02-25,20.45,27.0,15.2,24,0.39999999999999997,70.125,2,2018,Winter
2018-02-26,20.104166666666668,26.4,15.1,24,0.0,65.58333333333333,2,2018,Winter
2018-02-27,20.95,28.5,15.2,24,0.0,66.08333333333333,2,2018,Winter
2018-02-28,21.1875,28.6,14.6,24,0.0,69.0,2,2018,Winter
2018-03-01,20.816666666666666,28.9,14.6,24,0.0,69.04166666666667,3,2018,Summer
2018-03-02,22.070833333333336,30.0,15.1,24,0.0,64.375,3,2018,Summer
2018-03-03,21.808333333333334,30.2,15.4,24,0.0,65.79166666666667,3,2018,Summer
2018-03-04,20.854166666666668,27.4,16.0,24,1.5,63.708333333333336,3,2018,Summer
2018-03-05,19.7625,26.5,13.4,24,0.0,59.958333333333336,3,2018,Summer
2018-03-06,19.900000000000002,27.1,13.8,24,0.0,55.416666666666664,3,2018,Summer
2018-03-07,20.266666666666666,28.0,13.7,24,0.0,57.0,3,2018,Summer
2018-03-08,21.029166666666665,28.6,14.1,24,0.0,61.041666666666664,3,2018,Summer
2018-03-09,22.3,30.0,15.3,24,0.0,57.583333333333336,3,2018,Summer
2018-03-10,22.383333333333336,30.5,15.4,24,0.0,52.291666666666664,3,2018,Summer
2018-03-11,22.84166666666667,30.4,16.6,24,0.0,54.916666666666664,3,2018,Summer
2018-03-12,23.120833333333334,31.6,16.0,24,0.0,57.5,3,2018,Summer
2018-03-13,24.745833333333334,33.6,16.4,24,0.0,52.333333333333336,3,2018,Summer
2018-03-14,25.287499999999998,32.2,19.6,24,0.0,39.125,3,2018,Summer
2018-03-15,23.3,31.3,17.4,24,0.0,43.458333333333336,3,2018,Summer
2018-03-16,21.84583333333333,29.4,15.0,24,0.4,51.333333333333336,3,2018,Summer
2018-03-17,21.40833333333333,28.9,14.7,24,0.0,42.375,3,2018,Summer
2018-03-18,22.0625,30.4,15.2,24,0.0,44.833333333333336,3,2018,Summer
2018-03-19,23.320833333333336,32.5,14.0,24,0.0,43.375,3,2018,Summer
2018-03-20,23.570833333333336,32.5,15.6,24,0.0,52.916666666666664,3,2018,Summer
2018-03-21,22.858333333333334,29.6,17.5,24,2.9000000000000004,60.375,3,2018,Summer
2018-03-22,22.375,28.6,17.0,24,0.0,60.0,3,2018,Summer
2018-03-23,22.349999999999998,28.5,16.5,24,0.0,58.75,3,2018,Summer
2018-03-24,23.650000000000002,30.8,16.9,24,0.0,51.916666666666664,3,2018,Summer
2018-03-25,24.370833333333334,32.2,18.0,24,0.4,48.125,3,2018,Summer
2018-03-26,25.241666666666664,33.5,18.0,24,0.0,46.125,3,2018,Summer
2018-03-27,25.308333333333334,34.8,16.7,24,0.0,47.791666666666664,3,2018,Summer
2018-03-28,26.683333333333334,34.7,19.5,24,0.0,44.583333333333336,3,2018,Summer
2018-03-29,26.8875,35.2,18.5,24,0.0,35.791666666666664,3,2018,Summer
2018-03-30,25.7,33.5,18.6,24,0.0,40.458333333333336,3,2018,Summer
2018-03-31,25.400000000000002,33.3,17.4,24,0.0,48.375,3,2018,Summer
2018-04-01,26.3625,33.0,20.7,24,0.0,46.041666666666664,4,2018,Summer
2018-04-02,27.625,35.0,19.8,24,0.0,47.708333333333336,4,2018,Summer
2018-04-03,28.462500000000002,36.0,21.8,24,1.8,46.625,4,2018,Summer
2018-04-04,28.566666666666666,37.0,21.4,24,0.0,46.541666666666664,4,2018,Summer
2018-04-05,28.204166666666666,36.1,21.5,24,3.0,52.0,4,2018,Summer
2018-04-06,27.420833333333334,34.5,21.4,24,2.9000000000000004,54.875,4,2018,Summer
2018-04-07,26.458333333333332,33.6,20.6,24,1.7,57.166666666666664,4,2018,Summer
2018-04-08,26.97083333333333,33.6,21.5,24,1.1,55.333333333333336,4,2018,Summer
2018-04-09,25.625,33.0,21.4,24,2.7,62.333333333333336,4,2018,Summer
2018-04-10,26.920833333333334,33.5,21.2,24,3.6000000000000005,57.166666666666664,4,2018,Summer
2018-04-11,25.383333333333336,32.2,21.5,24,0.7000000000000001,63.5,4,2018,Summer
2018-04-12,25.420833333333334,32.2,20.1,24,0.2,62.25,4,2018,Summer
2018-04-13,25.9875,33.0,18.8,24,0.0,41.666666666666664,4,2018,Summer
2018-04-14,27.145833333333332,34.8,18.5,24,0.0,32.916666666666664,4,2018,Summer
2018-04-15,28.587500000000002,36.5,19.8,24,0.3,34.25,4,2018,Summer
2018-04-16,28.916666666666668,36.8,21.8,24,4.2,37.416666666666664,4,2018,Summer
2018-04-17,29.25,36.7,22.6,24,0.4,34.541666666666664,4,2018,Summer
2018-04-18,29.337500000000002,36.5,22.0,24,0.0,29.0,4,2018,Summer
2018-04-19,29.575,37.3,22.3,24,0.0,29.791666666666668,4,2018,Summer
2018-04-20,30.3875,38.8,21.4,24,0.0,27.0,4,2018,Summer
2018-04-21,26.724999999999998,34.0,19.2,24,0.0,36.416666666666664,4,2018,Summer
2018-04-22,27.34166666666667,34.2,20.7,24,0.0,25.458333333333332,4,2018,Summer
2018-04-23,28.03333333333333,35.5,20.6,24,0.0,24.416666666666668,4,2018,Summer
2018-04-24,29.15833333333333,37.8,19.8,24,0.0,24.0,4,2018,Summer
2018-04-25,30.974999999999998,40.1,21.0,24,0.0,23.333333333333332,4,2018,Summer
2018-04-26,31.941666666666666,40.4,22.8,24,0.0,21.0,4,2018,Summer
2018-04-27,30.833333333333332,39.2,25.6,24,3.3000000000000003,43.458333333333336,4,2018,Summer
2018-04-28,30.8125,38.5,25.4,24,3.3,45.416666666666664,4,2018,Summer
2018-04-29,30.808333333333334,39.0,23.0,24,1.7,43.916666666666664,4,2018,Summer
2018-04-30,31.116666666666664,39.4,24.0,24,1.8,42.083333333333336,4,2018,Summer
2018-05-01,30.325,37.8,24.5,24,6.6,52.291666666666664,5,2018,Summer
2018-05-02,29.662499999999998,36.8,23.7,24,6.300000000000001,54.875,5,2018,Summer
2018-05-03,28.616666666666664,34.5,22.8,24,0.0,58.625,5,2018,Summer
2018-05-04,29.02916666666667,34.6,24.5,24,0.0,56.083333333333336,5,2018,Summer
2018-05-05,30.037499999999998,36.9,23.7,24,0.0,49.375,5,2018,Summer
2018-05-06,30.208333333333332,38.0,23.5,24,1.4,41.333333333333336,5,2018,Summer
2018-05-07,29.7375,36.5,22.4,24,0.0,40.166666666666664,5,2018,Summer
2018-05-08,26.71666666666667,32.7,23.0,24,4.5,49.125,5,2018,Summer
2018-05-09,27.5125,34.8,20.6,24,0.2,45.625,5,2018,Summer
2018-05-10,29.34583333333333,37.3,21.1,24,0.0,40.458333333333336,5,2018,Summer
2018-05-11,31.495833333333334,39.5,23.0,24,0.0,40.958333333333336,5,2018,Summer
2018-05-12,31.162499999999998,40.2,25.2,24,1.5,48.291666666666664,5,2018,Summer
2018-05-13,29.191666666666666,36.8,24.1,24,4.8,60.125,5,2018,Summer
2018-05-14,29.108333333333334,36.0,21.9,24,1.1,55.75,5,2018,Summer
2018-05-15,30.224999999999998,36.8,24.4,24,0.2,54.375,5,2018,Summer
2018-05-16,30.804166666666664,38.0,23.9,24,0.4,47.5,5,2018,Summer
2018-05-17,31.379166666666666,39.2,24.0,24,0.0,33.583333333333336,5,2018,Summer
2018-05-18,31.358333333333334,38.3,24.8,24,0.0,36.458333333333336,5,2018,Summer
2018-05-19,31.25,38.4,23.4,24,0.0,43.083333333333336,5,2018,Summer
2018-05-20,32.079166666666666,39.5,24.1,24,0.0,29.541666666666668,5,2018,Summer
2018-05-21,32.93333333333333,40.5,24.8,24,0.0,19.791666666666668,5,2018,Summer
2018-05-22,34.291666666666664,42.3,27.3,24,0.0,22.625,5,2018,Summer
2018-05-23,33.729166666666664,41.6,26.5,24,0.0,27.625,5,2018,Summer
2018-05-24,33.525,41.0,26.0,24,0.0,26.583333333333332,5,2018,Summer
2018-05-25,33.34583333333333,41.7,23.9,24,0.0,27.75,5,2018,Summer
2018-05-26,34.016666666666666,42.5,25.0,24,0.0,20.166666666666668,5,2018,Summer
2018-05-27,34.387499999999996,42.4,25.3,24,0.0,20.666666666666668,5,2018,Summer
2018-05-28,34.458333333333336,41.9,27.0,24,0.0,29.0,5,2018,Summer
2018-05-29,33.829166666666666,41.5,26.6,24,0.0,33.125,5,2018,Summer
2018-05-30,32.40833333333333,40.3,27.1,24,0.7999999999999999,49.5,5,2018,Summer
2018-05-31,34.15,41.5,27.1,24,0.0,46.458333333333336,5,2018,Summer
2018-06-01,33.85,41.2,28.8,24,4.8,48.666666666666664,6,2018,Monsoon
2018-06-02,32.887499999999996,39.3,27.1,24,0.0,49.333333333333336,6,2018,Monsoon
2018-06-03,32.920833333333334,37.3,28.2,24,0.0,52.583333333333336,6,2018,Monsoon
2018-06-04,34.90416666666667,40.5,29.8,24,0.0,45.375,6,2018,Monsoon
2018-06-05,35.225,39.3,30.9,24,1.7,44.875,6,2018,Monsoon
2018-06-06,33.608333333333334,38.3,29.0,24,0.7,53.833333333333336,6,2018,Monsoon
2018-06-07,34.2875,39.5,28.4,24,0.0,52.708333333333336,6,2018,Monsoon
2018-06-08,35.00833333333333,40.2,31.0,24,0.0,51.708333333333336,6,2018,Monsoon
2018-06-09,31.65833333333333,37.8,27.4,24,15.7,69.08333333333333,6,2018,Monsoon
2018-06-10,31.566666666666666,36.7,26.5,24,1.5,67.75,6,2018,Monsoon
2018-06-11,34.041666666666664,39.6,27.8,24,0.0,51.833333333333336,6,2018,Monsoon
2018-06-12,35.425000000000004,41.8,28.1,24,0.0,40.041666666666664,6,2018,Monsoon
2018-06-13,36.291666666666664,40.6,31.1,24,0.0,37.791666666666664,6,2018,Monsoon
2018-06-14,35.9625,40.3,31.2,24,0.0,36.666666666666664,6,2018,Monsoon
2018-06-15,35.3375,39.0,32.2,24,0.0,36.291666666666664,6,2018,Monsoon
2018-06-16,34.975,39.0,31.5,24,0.0,41.625,6,2018,Monsoon
2018-06-17,31.34166666666667,34.7,27.5,24,0.4,59.875,6,2018,Monsoon
2018-06-18,30.84166666666667,35.9,26.6,24,0.7,56.791666666666664,6,2018,Monsoon
2018-06-19,32.625,38.6,26.2,24,0.0,51.375,6,2018,Monsoon
2018-06-20,34.891666666666666,39.8,28.9,24,0.0,45.5,6,2018,Monsoon
2018-06-21,35.32083333333333,40.7,29.8,24,0.0,42.208333333333336,6,2018,Monsoon
2018-06-22,36.30833333333333,41.7,30.6,24,0.0,39.416666666666664,6,2018,Monsoon
2018-06-23,35.87916666666667,40.6,30.5,24,0.0,39.166666666666664,6,2018,Monsoon
2018-06-24,35.425000000000004,40.5,30.3,24,0.0,39.541666666666664,6,2018,Monsoon
2018-06-25,36.291666666666664,40.9,31.0,24,0.0,35.791666666666664,6,2018,Monsoon
2018-06-26,32.9125,36.2,29.9,24,0.1,51.791666666666664,6,2018,Monsoon
2018-06-27,29.233333333333334,34.2,25.5,24,30.8,78.20833333333333,6,2018,Monsoon
2018-06-28,28.633333333333336,33.3,25.5,24,9.1,81.33333333333333,6,2018,Monsoon
2018-06-29,29.5,33.5,25.8,24,3.5,75.58333333333333,6,2018,Monsoon
2018-06-30,29.795833333333334,33.2,26.7,24,5.6,79.5,6,2018,Monsoon
2018-07-01,30.59166666666667,33.9,27.3,24,6.3,76.70833333333333,7,2018,Monsoon
2018-07-02,30.770833333333332,35.2,25.5,24,11.5,71.83333333333333,7,2018,Monsoon
2018-07-03,30.7,34.1,28.3,24,0.4,68.79166666666667,7,2018,Monsoon
2018-07-04,29.05,32.7,26.5,24,1.6,78.79166666666667,7,2018,Monsoon
2018-07-05,30.78333333333333,34.9,26.6,24,0.0,72.20833333333333,7,2018,Monsoon
2018-07-06,31.09583333333333,35.0,26.8,24,0.0,67.75,7,2018,Monsoon
2018-07-07,31.708333333333332,36.2,26.9,24,0.0,65.04166666666667,7,2018,Monsoon
2018-07-08,32.608333333333334,37.4,27.3,24,0.0,63.333333333333336,7,2018,Monsoon
2018-07-09,32.949999999999996,37.0,28.5,24,0.0,64.75,7,2018,Monsoon
2018-07-10,32.77916666666667,37.0,28.8,24,0.30000000000000004,67.25,7,2018,Monsoon
2018-07-11,31.75,36.2,28.4,24,4.5,72.125,7,2018,Monsoon
2018-07-12,29.566666666666666,33.5,26.1,24,25.5,80.20833333333333,7,2018,Monsoon
2018-07-13,29.133333333333336,32.2,26.5,24,6.6,81.54166666666667,7,2018,Monsoon
2018-07-14,28.454166666666666,31.8,25.6,24,6.4,84.75,7,2018,Monsoon
2018-07-15,29.391666666666666,33.2,26.2,24,7.4,82.875,7,2018,Monsoon
2018-07-16,29.104166666666668,32.1,27.2,24,10.9,85.29166666666667,7,2018,Monsoon
2018-07-17,30.416666666666668,33.2,27.5,24,3.5,79.58333333333333,7,2018,Monsoon
2018-07-18,30.120833333333334,33.2,28.3,24,12.2,80.16666666666667,7,2018,Monsoon
2018-07-19,30.1375,32.9,27.4,24,13.3,80.5,7,2018,Monsoon
2018-07-20,29.349999999999998,32.5,27.2,24,8.299999999999999,84.0,7,2018,Monsoon
2018-07-21,28.954166666666666,31.6,26.5,24,16.2,86.875,7,2018,Monsoon
2018-07-22,27.5625,30.0,25.5,24,48.9,89.29166666666667,7,2018,Monsoon
2018-07-23,29.004166666666666,32.5,26.2,24,6.1,85.16666666666667,7,2018,Monsoon
2018-07-24,30.02916666666667,33.1,26.9,24,5.8,79.08333333333333,7,2018,Monsoon
2018-07-25,28.84166666666667,32.0,26.9,24,9.6,85.5,7,2018,Monsoon
2018-07-26,27.212500000000002,30.5,25.8,24,10.4,90.91666666666667,7,2018,Monsoon
2018-07-27,26.995833333333334,29.9,25.4,24,15.8,89.25,7,2018,Monsoon
2018-07-28,28.25,32.2,24.8,24,2.0,83.66666666666667,7,2018,Monsoon
2018-07-29,29.083333333333332,33.0,25.2,24,2.9000000000000004,81.83333333333333,7,2018,Monsoon
2018-07-30,29.525000000000002,33.7,26.5,24,3.0,78.375,7,2018,Monsoon
2018-07-31,29.995833333333334,34.2,26.8,24,1.7000000000000002,75.29166666666667,7,2018,Monsoon
2018-08-01,30.075,34.5,26.1,24,0.5,73.58333333333333,8,2018,Monsoon
2018-08-02,30.5125,34.5,27.2,24,0.2,70.83333333333333,8,2018,Monsoon
2018-08-03,30.704166666666666,34.8,27.5,24,0.0,66.625,8,2018,Monsoon
2018-08-04,30.691666666666666,34.4,27.8,24,0.0,64.70833333333333,8,2018,Monsoon
2018-08-05,29.729166666666668,33.5,27.4,24,0.5,69.33333333333333,8,2018,Monsoon
2018-08-06,26.84166666666667,28.1,25.7,24,11.2,86.375,8,2018,Monsoon
2018-08-07,26.741666666666664,30.2,25.0,24,11.0,90.16666666666667,8,2018,Monsoon
2018-08-08,28.05,31.6,25.3,24,6.2,85.79166666666667,8,2018,Monsoon
2018-08-09,29.462500000000002,33.0,26.5,24,2.7,81.83333333333333,8,2018,Monsoon
2018-08-10,29.483333333333334,33.0,26.8,24,5.8,83.29166666666667,8,2018,Monsoon
2018-08-11,30.02916666666667,33.5,26.4,24,1.8,77.20833333333333,8,2018,Monsoon
2018-08-12,28.8125,30.4,27.1,24,2.0,79.04166666666667,8,2018,Monsoon
2018-08-13,29.1125,32.5,26.5,24,2.5,76.625,8,2018,Monsoon
2018-08-14,29.325,32.8,26.4,24,1.0,78.95833333333333,8,2018,Monsoon
2018-08-15,28.962500000000002,33.1,26.1,24,7.3999999999999995,83.91666666666667,8,2018,Monsoon
2018-08-16,29.1375,32.3,26.5,24,3.4000000000000004,85.0,8,2018,Monsoon
2018-08-17,29.462500000000002,32.0,26.9,24,4.3,83.16666666666667,8,2018,Monsoon
2018-08-18,29.325,32.6,27.1,24,6.4,83.83333333333333,8,2018,Monsoon
2018-08-19,28.995833333333334,31.5,26.9,24,9.2,86.29166666666667,8,2018,Monsoon
2018-08-20,29.329166666666666,33.2,26.5,24,3.8,86.20833333333333,8,2018,Monsoon
2018-08-21,29.625,33.0,26.0,24,2.0,84.29166666666667,8,2018,Monsoon
2018-08-22,29.4375,32.7,27.5,24,9.899999999999999,84.41666666666667,8,2018,Monsoon
2018-08-23,28.304166666666664,31.8,26.1,24,13.9,87.45833333333333,8,2018,Monsoon
2018-08-24,28.8125,33.1,25.7,24,8.3,83.04166666666667,8,2018,Monsoon
2018-08-25,28.7,33.3,26.4,24,1.6,78.70833333333333,8,2018,Monsoon
2018-08-26,28.854166666666668,32.8,26.0,24,0.5,79.08333333333333,8,2018,Monsoon
2018-08-27,27.745833333333334,30.7,25.8,24,7.1,88.79166666666667,8,2018,Monsoon
2018-08-28,27.670833333333334,31.0,25.9,24,8.9,88.625,8,2018,Monsoon
2018-08-29,27.97083333333333,30.8,25.8,24,4.6,89.08333333333333,8,2018,Monsoon
2018-08-30,28.983333333333334,32.5,25.7,24,3.5,85.16666666666667,8,2018,Monsoon
2018-08-31,29.516666666666666,33.8,26.4,24,1.2,80.79166666666667,8,2018,Monsoon
2018-09-01,28.34166666666667,31.8,26.2,24,1.3,86.375,9,2018,Monsoon
2018-09-02,26.6875,29.4,24.5,24,32.7,89.75,9,2018,Monsoon
2018-09-03,26.65833333333333,30.4,24.8,24,8.200000000000001,89.875,9,2018,Monsoon
2018-09-04,26.695833333333336,29.5,24.6,24,8.5,91.04166666666667,9,2018,Monsoon
2018-09-05,27.920833333333334,32.0,24.8,24,2.0,84.75,9,2018,Monsoon
2018-09-06,28.120833333333334,31.7,25.5,24,6.8,83.25,9,2018,Monsoon
2018-09-07,28.204166666666666,31.0,25.9,24,3.4,86.58333333333333,9,2018,Monsoon
2018-09-08,27.412499999999998,31.1,25.1,24,8.0,86.0,9,2018,Monsoon
2018-09-09,26.96666666666667,29.7,24.4,24,0.2,83.04166666666667,9,2018,Monsoon
2018-09-10,27.47083333333333,31.3,24.2,24,2.4,82.625,9,2018,Monsoon
2018-09-11,27.754166666666666,30.8,25.1,24,3.0,83.83333333333333,9,2018,Monsoon
2018-09-12,28.554166666666664,32.7,25.9,24,0.4,76.16666666666667,9,2018,Monsoon
2018-09-13,28.6375,32.2,25.5,24,0.0,70.33333333333333,9,2018,Monsoon
2018-09-14,27.96666666666667,32.0,24.5,24,0.0,70.375,9,2018,Monsoon
2018-09-15,28.183333333333334,32.5,23.5,24,0.0,67.79166666666667,9,2018,Monsoon
2018-09-16,27.945833333333336,32.7,22.8,24,0.0,69.45833333333333,9,2018,Monsoon
2018-09-17,27.933333333333334,32.2,23.1,24,0.0,72.125,9,2018,Monsoon
2018-09-18,27.59166666666667,33.0,22.9,24,0.0,69.5,9,2018,Monsoon
2018-09-19,27.520833333333332,33.4,21.6,24,0.0,70.625,9,2018,Monsoon
2018-09-20,28.27916666666667,33.3,22.2,24,0.0,71.08333333333333,9,2018,Monsoon
2018-09-21,27.254166666666666,31.5,23.9,24,6.3,77.625,9,2018,Monsoon
2018-09-22,24.954166666666666,28.0,22.6,24,58.9,88.29166666666667,9,2018,Monsoon
2018-09-23,25.3625,29.1,23.8,24,15.1,88.83333333333333,9,2018,Monsoon
2018-09-24,24.6375,26.5,23.2,24,10.700000000000001,92.08333333333333,9,2018,Monsoon
2018-09-25,25.266666666666666,29.1,22.5,24,0.1,84.54166666666667,9,2018,Monsoon
2018-09-26,25.9875,30.8,21.7,24,0.0,81.20833333333333,9,2018,Monsoon
2018-09-27,26.854166666666668,31.5,21.8,24,0.0,78.0,9,2018,Monsoon
2018-09-28,27.420833333333334,32.2,22.2,24,0.6,76.25,9,2018,Monsoon
2018-09-29,27.229166666666668,32.5,22.1,24,0.0,74.95833333333333,9,2018,Monsoon
2018-09-30,26.495833333333334,32.0,21.6,24,0.0,73.79166666666667,9,2018,Monsoon
2018-10-01,26.587500000000002,32.5,21.5,24,0.0,72.16666666666667,10,2018,Post-monsoon
2018-10-02,27.141666666666666,33.3,20.8,24,0.0,71.0,10,2018,Post-monsoon
2018-10-03,26.629166666666666,33.0,21.0,24,0.0,68.41666666666667,10,2018,Post-monsoon
2018-10-04,26.195833333333336,32.8,21.2,24,1.0,71.875,10,2018,Post-monsoon
2018-10-05,26.291666666666668,32.7,21.0,24,0.0,72.33333333333333,10,2018,Post-monsoon
2018-10-06,25.78333333333333,32.2,19.5,24,0.0,64.0,10,2018,Post-monsoon
2018-10-07,25.275000000000002,31.9,19.1,24,0.0,67.375,10,2018,Post-monsoon
2018-10-08,25.912499999999998,32.3,19.8,24,0.0,67.45833333333333,10,2018,Post-monsoon
2018-10-09,26.27916666666667,32.0,21.7,24,0.0,72.70833333333333,10,2018,Post-monsoon
2018-10-10,25.291666666666668,32.0,21.4,24,0.2,77.83333333333333,10,2018,Post-monsoon
2018-10-11,24.112499999999997,28.7,20.4,24,1.2,79.70833333333333,10,2018,Post-monsoon
2018-10-12,23.633333333333336,30.0,18.2,24,0.0,71.83333333333333,10,2018,Post-monsoon
2018-10-13,23.037499999999998,29.2,17.1,24,0.0,66.08333333333333,10,2018,Post-monsoon
2018-10-14,22.96666666666667,30.1,16.1,24,0.0,62.0,10,2018,Post-monsoon
2018-10-15,24.25,31.5,17.5,24,0.0,59.166666666666664,10,2018,Post-monsoon
2018-10-16,24.787499999999998,31.4,18.8,24,0.0,67.75,10,2018,Post-monsoon
2018-10-17,25.03333333333333,32.5,19.1,24,0.0,68.625,10,2018,Post-monsoon
2018-10-18,24.858333333333334,32.3,18.8,24,0.6000000000000001,68.83333333333333,10,2018,Post-monsoon
2018-10-19,24.675,31.1,18.2,24,0.0,64.125,10,2018,Post-monsoon
2018-10-20,24.170833333333334,31.3,18.4,24,0.0,56.958333333333336,10,2018,Post-monsoon
2018-10-21,23.2375,30.0,18.2,24,0.0,55.0,10,2018,Post-monsoon
2018-10-22,22.1875,29.6,15.4,24,0.0,51.083333333333336,10,2018,Post-monsoon
2018-10-23,22.84583333333333,30.1,16.4,24,0.0,49.583333333333336,10,2018,Post-monsoon
2018-10-24,23.09166666666667,30.0,15.6,24,0.0,58.125,10,2018,Post-monsoon
2018-10-25,22.7625,30.1,15.9,24,0.0,61.083333333333336,10,2018,Post-monsoon
2018-10-26,22.608333333333334,29.9,16.1,24,0.0,63.333333333333336,10,2018,Post-monsoon
2018-10-27,22.583333333333332,29.6,15.9,24,0.0,66.45833333333333,10,2018,Post-monsoon
2018-10-28,22.208333333333332,29.8,15.4,24,0.0,67.16666666666667,10,2018,Post-monsoon
2018-10-29,22.445833333333336,29.5,15.0,24,0.0,65.66666666666667,10,2018,Post-monsoon
2018-10-30,23.733333333333334,29.1,18.1,24,0.0,63.5,10,2018,Post-monsoon
2018-10-31,23.8125,29.2,18.2,24,0.0,63.166666666666664,10,2018,Post-monsoon
2018-11-01,22.929166666666664,29.0,18.0,24,0.0,67.58333333333333,11,2018,Post-monsoon
2018-11-02,23.495833333333334,30.0,17.1,24,0.0,67.70833333333333,11,2018,Post-monsoon
2018-11-03,23.433333333333334,28.0,19.2,24,0.0,64.91666666666667,11,2018,Post-monsoon
2018-11-04,21.979166666666668,27.4,17.0,24,0.0,61.458333333333336,11,2018,Post-monsoon
2018-11-05,19.995833333333334,25.4,14.6,24,0.0,65.29166666666667,11,2018,Post-monsoon
2018-11-06,19.933333333333334,26.0,15.2,24,0.0,50.416666666666664,11,2018,Post-monsoon
2018-11-07,19.0625,26.0,12.6,24,0.0,40.458333333333336,11,2018,Post-monsoon
2018-11-08,19.7375,26.4,11.9,24,0.0,51.583333333333336,11,2018,Post-monsoon
2018-11-09,20.058333333333334,26.7,12.6,24,0.0,61.458333333333336,11,2018,Post-monsoon
2018-11-10,19.908333333333335,27.5,13.8,24,0.0,66.66666666666667,11,2018,Post-monsoon
2018-11-11,21.3,28.0,14.2,24,0.0,63.375,11,2018,Post-monsoon
2018-11-12,21.070833333333333,27.9,13.8,24,0.0,69.25,11,2018,Post-monsoon
2018-11-13,22.233333333333334,28.4,17.0,24,0.4,69.91666666666667,11,2018,Post-monsoon
2018-11-14,21.0125,26.0,17.2,24,3.6,75.45833333333333,11,2018,Post-monsoon
2018-11-15,20.6375,26.7,15.4,24,0.39999999999999997,71.75,11,2018,Post-monsoon
2018-11-16,18.954166666666666,25.2,14.1,24,0.0,61.708333333333336,11,2018,Post-monsoon
2018-11-17,18.429166666666667,25.1,13.9,24,0.0,64.16666666666667,11,2018,Post-monsoon
2018-11-18,19.758333333333333,27.1,14.2,24,0.0,64.16666666666667,11,2018,Post-monsoon
2018-11-19,20.745833333333334,26.5,16.8,24,0.0,63.25,11,2018,Post-monsoon
2018-11-20,20.212500000000002,27.2,14.9,24,0.0,72.54166666666667,11,2018,Post-monsoon
2018-11-21,19.3125,26.7,13.4,24,0.0,64.58333333333333,11,2018,Post-monsoon
2018-11-22,18.654166666666665,26.6,11.9,24,0.0,62.958333333333336,11,2018,Post-monsoon
2018-11-23,18.866666666666667,26.2,11.4,24,0.0,59.041666666666664,11,2018,Post-monsoon
2018-11-24,18.870833333333334,26.0,14.0,24,0.0,54.75,11,2018,Post-monsoon
2018-11-25,17.220833333333335,25.0,10.4,24,0.0,64.875,11,2018,Post-monsoon
2018-11-26,17.841666666666665,25.5,10.3,24,0.0,70.375,11,2018,Post-monsoon
2018-11-27,18.975,25.3,11.9,24,0.0,71.25,11,2018,Post-monsoon
2018-11-28,19.645833333333332,25.4,14.7,24,0.0,73.16666666666667,11,2018,Post-monsoon
2018-11-29,18.308333333333334,25.5,12.3,24,0.0,73.95833333333333,11,2018,Post-monsoon
2018-11-30,18.241666666666667,25.8,12.6,24,0.0,69.5,11,2018,Post-monsoon
2018-12-01,17.379166666666666,24.8,12.2,24,0.0,67.25,12,2018,Winter
2018-12-02,17.337500000000002,24.3,11.1,24,0.0,60.458333333333336,12,2018,Winter
2018-12-03,17.64166666666667,23.9,10.2,24,0.0,61.25,12,2018,Winter
2018-12-04,16.795833333333334,23.4,12.6,24,0.0,68.45833333333333,12,2018,Winter
2018-12-05,15.566666666666668,22.8,8.7,24,0.0,74.91666666666667,12,2018,Winter
2018-12-06,16.120833333333334,23.0,9.6,24,0.0,71.08333333333333,12,2018,Winter
2018-12-07,15.920833333333334,22.9,10.6,24,0.0,70.25,12,2018,Winter
2018-12-08,15.429166666666667,23.0,9.4,24,0.0,70.375,12,2018,Winter
2018-12-09,15.945833333333333,22.5,11.1,24,0.0,66.41666666666667,12,2018,Winter
2018-12-10,15.358333333333334,22.4,9.4,24,0.0,72.25,12,2018,Winter
2018-12-11,15.2125,21.5,9.1,24,0.0,69.79166666666667,12,2018,Winter
2018-12-12,14.583333333333334,18.3,11.9,24,0.6,77.25,12,2018,Winter
2018-12-13,14.262500000000001,19.5,10.1,24,0.1,75.08333333333333,12,2018,Winter
2018-12-14,13.808333333333332,20.1,9.1,24,0.0,70.54166666666667,12,2018,Winter
2018-12-15,13.825000000000001,20.8,8.7,24,0.0,68.45833333333333,12,2018,Winter
2018-12-16,13.166666666666666,20.6,7.6,24,0.0,67.5,12,2018,Winter
2018-12-17,12.654166666666667,20.1,6.6,24,0.0,71.0,12,2018,Winter
2018-12-18,12.4,20.1,6.5,24,0.0,69.66666666666667,12,2018,Winter
2018-12-19,12.508333333333333,20.1,5.2,24,0.0,70.20833333333333,12,2018,Winter
2018-12-20,11.608333333333334,19.9,4.2,24,0.0,72.54166666666667,12,2018,Winter
2018-12-21,11.429166666666667,19.6,5.2,24,0.0,72.70833333333333,12,2018,Winter
2018-12-22,11.391666666666666,19.2,4.3,24,0.0,72.08333333333333,12,2018,Winter
2018-12-23,11.9625,19.8,5.2,24,0.0,71.45833333333333,12,2018,Winter
2018-12-24,12.762500000000001,20.1,5.1,24,0.0,69.375,12,2018,Winter
2018-12-25,11.591666666666667,19.4,5.3,24,0.0,68.95833333333333,12,2018,Winter
2018-12-26,11.079166666666666,18.8,3.5,24,0.0,67.875,12,2018,Winter
2018-12-27,12.125,18.8,5.2,24,0.0,63.666666666666664,12,2018,Winter
2018-12-28,11.529166666666667,18.3,6.2,24,0.0,66.625,12,2018,Winter
2018-12-29,11.245833333333332,19.1,5.0,24,0.0,64.45833333333333,12,2018,Winter
2018-12-30,13.225,19.6,4.8,24,0.0,61.125,12,2018,Winter
2018-12-31,12.325000000000001,20.7,5.3,24,0.0,70.08333333333333,12,2018,Winter
2019-01-01,12.700000000000001,20.1,5.9,24,0.0,71.20833333333333,1,2019,Winter
2019-01-02,14.108333333333334,21.0,7.6,24,0.0,70.79166666666667,1,2019,Winter
2019-01-03,12.833333333333334,20.5,6.3,24,0.0,72.91666666666667,1,2019,Winter
2019-01-04,12.362499999999999,18.6,6.3,24,0.0,72.83333333333333,1,2019,Winter
2019-01-05,13.25,20.4,7.6,24,0.0,70.08333333333333,1,2019,Winter
2019-01-06,13.070833333333333,18.1,9.2,24,2.9,77.125,1,2019,Winter
2019-01-07,12.424999999999999,19.0,7.7,24,0.0,77.125,1,2019,Winter
2019-01-08,12.191666666666668,18.3,7.5,24,0.0,75.0,1,2019,Winter
2019-01-09,12.545833333333334,19.3,8.0,24,0.0,68.83333333333333,1,2019,Winter
2019-01-10,12.720833333333333,19.4,6.1,24,0.0,65.66666666666667,1,2019,Winter
2019-01-11,12.862499999999999,19.4,6.2,24,0.0,67.75,1,2019,Winter
2019-01-12,13.575000000000001,19.8,8.5,24,0.0,70.04166666666667,1,2019,Winter
2019-01-13,14.3375,20.9,8.7,24,0.0,73.54166666666667,1,2019,Winter
2019-01-14,12.366666666666667,18.0,8.0,24,0.0,59.458333333333336,1,2019,Winter
2019-01-15,11.237499999999999,18.5,6.3,24,0.0,58.125,1,2019,Winter
2019-01-16,11.304166666666667,18.9,5.8,24,0.0,69.33333333333333,1,2019,Winter
2019-01-17,11.929166666666667,19.6,4.7,24,0.0,75.45833333333333,1,2019,Winter
2019-01-18,11.654166666666667,20.0,4.4,24,0.0,74.125,1,2019,Winter
2019-01-19,14.112499999999999,22.6,6.7,24,0.0,68.625,1,2019,Winter
2019-01-20,17.241666666666667,24.5,8.0,24,0.0,69.33333333333333,1,2019,Winter
2019-01-21,16.158333333333335,20.8,13.0,24,3.5,80.54166666666667,1,2019,Winter
2019-01-22,14.75,19.1,11.6,24,21.400000000000002,85.625,1,2019,Winter
2019-01-23,13.112499999999999,18.5,8.4,24,0.1,84.66666666666667,1,2019,Winter
2019-01-24,13.6,19.2,9.7,24,0.5,80.875,1,2019,Winter
2019-01-25,11.987499999999999,16.9,8.6,24,0.2,79.0,1,2019,Winter
2019-01-26,11.183333333333332,17.0,6.9,24,0.0,66.58333333333333,1,2019,Winter
2019-01-27,9.895833333333334,16.3,5.1,24,0.0,68.375,1,2019,Winter
2019-01-28,10.116666666666667,16.9,5.6,24,0.0,64.125,1,2019,Winter
2019-01-29,10.549999999999999,17.9,5.4,24,0.0,64.25,1,2019,Winter
2019-01-30,11.137500000000001,18.0,5.1,24,0.2,71.20833333333333,1,2019,Winter
2019-01-31,12.9375,19.0,7.4,24,0.4,72.16666666666667,1,2019,Winter
2019-02-01,13.720833333333333,19.2,10.1,24,0.1,76.29166666666667,2,2019,Winter
2019-02-02,12.766666666666666,19.4,7.4,24,0.0,80.54166666666667,2,2019,Winter
2019-02-03,12.641666666666666,19.9,7.6,24,0.0,81.16666666666667,2,2019,Winter
2019-02-04,14.204166666666666,20.8,7.4,24,0.0,72.95833333333333,2,2019,Winter
2019-02-05,15.924999999999999,22.0,9.6,24,0.0,75.04166666666667,2,2019,Winter
2019-02-06,17.150000000000002,23.1,13.6,24,9.1,84.45833333333333,2,2019,Winter
2019-02-07,15.741666666666667,20.1,11.5,24,12.6,89.04166666666667,2,2019,Winter
2019-02-08,12.529166666666667,18.5,7.8,24,0.0,71.79166666666667,2,2019,Winter
2019-02-09,12.279166666666667,18.8,7.9,24,0.0,70.70833333333333,2,2019,Winter
2019-02-10,12.15,18.3,6.5,24,0.5,73.79166666666667,2,2019,Winter
2019-02-11,12.9125,19.1,6.8,24,0.0,74.58333333333333,2,2019,Winter
2019-02-12,15.012500000000001,21.3,10.3,24,0.0,76.25,2,2019,Winter
2019-02-13,16.220833333333335,23.5,9.6,24,0.0,75.25,2,2019,Winter
2019-02-14,16.329166666666666,20.0,13.6,24,2.4,82.66666666666667,2,2019,Winter
2019-02-15,15.816666666666668,20.6,12.4,24,5.0,85.25,2,2019,Winter
2019-02-16,14.220833333333333,18.9,10.4,24,0.1,85.29166666666667,2,2019,Winter
2019-02-17,14.4625,20.6,10.4,24,0.0,79.79166666666667,2,2019,Winter
2019-02-18,16.1375,22.6,9.8,24,0.1,72.0,2,2019,Winter
2019-02-19,16.529166666666665,22.0,10.4,24,0.0,77.75,2,2019,Winter
2019-02-20,16.974999999999998,20.5,14.4,24,2.8,81.66666666666667,2,2019,Winter
2019-02-21,19.208333333333332,25.5,14.3,24,0.2,76.25,2,2019,Winter
2019-02-22,17.854166666666668,22.5,13.2,24,0.4,72.29166666666667,2,2019,Winter
2019-02-23,15.049999999999999,21.4,10.0,24,0.0,64.75,2,2019,Winter
2019-02-24,15.004166666666668,21.5,9.6,24,0.0,69.54166666666667,2,2019,Winter
2019-02-25,15.033333333333333,22.1,9.5,24,0.7,68.70833333333333,2,2019,Winter
2019-02-26,15.316666666666668,21.2,11.1,24,5.2,69.83333333333333,2,2019,Winter
2019-02-27,13.295833333333334,17.9,8.9,24,6.6000000000000005,80.95833333333333,2,2019,Winter
2019-02-28,12.487499999999999,19.2,6.6,24,0.0,73.04166666666667,2,2019,Winter
2019-03-01,13.658333333333333,20.8,7.2,24,0.0,68.54166666666667,3,2019,Summer
2019-03-02,15.066666666666668,20.8,10.8,24,10.799999999999999,74.75,3,2019,Summer
2019-03-03,15.808333333333332,21.5,11.1,24,3.6,80.16666666666667,3,2019,Summer
2019-03-04,16.666666666666668,22.2,11.6,24,0.0,81.125,3,2019,Summer
2019-03-05,15.845833333333333,21.8,11.7,24,0.0,73.95833333333333,3,2019,Summer
2019-03-06,16.529166666666665,23.2,10.1,24,0.0,65.66666666666667,3,2019,Summer
2019-03-07,16.720833333333335,23.9,8.8,24,0.0,65.08333333333333,3,2019,Summer
2019-03-08,18.025000000000002,24.2,11.8,24,0.0,62.25,3,2019,Summer
2019-03-09,18.079166666666666,24.7,12.6,24,0.0,65.25,3,2019,Summer
2019-03-10,17.595833333333335,24.7,10.2,24,0.0,54.708333333333336,3,2019,Summer
2019-03-11,19.849999999999998,26.4,14.5,24,1.4,56.791666666666664,3,2019,Summer
2019-03-12,19.570833333333333,26.6,12.8,24,0.0,57.625,3,2019,Summer
2019-03-13,18.195833333333333,23.2,13.1,24,0.0,63.791666666666664,3,2019,Summer
2019-03-14,17.091666666666665,24.2,12.1,24,0.5,72.91666666666667,3,2019,Summer
2019-03-15,17.787499999999998,25.1,11.8,24,0.0,65.58333333333333,3,2019,Summer
2019-03-16,17.9875,25.3,12.1,24,0.0,57.541666666666664,3,2019,Summer
2019-03-17,19.945833333333333,26.5,12.9,24,0.0,49.625,3,2019,Summer
2019-03-18,20.445833333333333,27.2,11.1,24,0.0,51.208333333333336,3,2019,Summer
2019-03-19,21.1375,29.5,12.2,24,0.0,55.125,3,2019,Summer
2019-03-20,23.133333333333336,29.9,18.0,24,0.0,48.208333333333336,3,2019,Summer
2019-03-21,22.55,30.3,15.4,24,0.0,50.0,3,2019,Summer
2019-03-22,21.52916666666667,28.5,15.7,24,0.0,43.0,3,2019,Summer
2019-03-23,22.183333333333334,30.0,15.3,24,0.0,39.416666666666664,3,2019,Summer
2019-03-24,23.995833333333334,31.0,18.6,24,0.0,46.125,3,2019,Summer
2019-03-25,21.65416666666667,28.4,17.3,24,0.5,62.541666666666664,3,2019,Summer
2019-03-26,22.2,29.9,14.9,24,0.0,57.958333333333336,3,2019,Summer
2019-03-27,23.4875,31.0,15.3,24,0.0,52.958333333333336,3,2019,Summer
2019-03-28,25.90833333333333,33.8,17.6,24,0.0,53.166666666666664,3,2019,Summer
2019-03-29,27.541666666666668,35.6,18.5,24,0.0,52.833333333333336,3,2019,Summer
2019-03-30,26.645833333333332,35.9,20.2,24,0.0,55.166666666666664,3,2019,Summer
2019-03-31,25.974999999999998,34.4,19.4,24,0.0,42.291666666666664,3,2019,Summer
2019-04-01,25.008333333333336,33.0,17.7,24,0.0,34.875,4,2019,Summer
2019-04-02,24.933333333333334,33.4,17.6,24,0.0,42.125,4,2019,Summer
2019-04-03,25.8625,34.8,16.4,24,0.0,41.041666666666664,4,2019,Summer
2019-04-04,27.770833333333332,36.3,18.8,24,0.0,41.541666666666664,4,2019,Summer
2019-04-05,29.0,37.8,19.9,24,0.0,43.416666666666664,4,2019,Summer
2019-04-06,28.541666666666668,37.5,20.8,24,0.0,47.791666666666664,4,2019,Summer
2019-04-07,28.116666666666664,35.0,20.5,24,1.5,54.958333333333336,4,2019,Summer
2019-04-08,26.900000000000002,35.2,21.4,24,0.2,53.833333333333336,4,2019,Summer
2019-04-09,28.433333333333334,36.7,20.2,24,0.0,46.625,4,2019,Summer
2019-04-10,29.2,37.5,21.5,24,0.0,42.958333333333336,4,2019,Summer
2019-04-11,30.40416666666667,37.8,23.8,24,0.0,35.708333333333336,4,2019,Summer
2019-04-12,29.566666666666666,37.2,22.5,24,0.0,36.041666666666664,4,2019,Summer
2019-04-13,29.90416666666667,36.8,22.5,24,0.0,37.666666666666664,4,2019,Summer
2019-04-14,30.304166666666664,37.2,23.9,24,0.0,35.125,4,2019,Summer
2019-04-15,30.570833333333336,38.0,23.9,24,0.0,34.458333333333336,4,2019,Summer
2019-04-16,25.895833333333332,31.0,22.0,24,0.5,51.083333333333336,4,2019,Summer
2019-04-17,21.75,25.9,18.6,24,6.3,73.125,4,2019,Summer
2019-04-18,22.479166666666668,27.8,16.2,24,0.0,66.625,4,2019,Summer
2019-04-19,24.333333333333332,29.8,18.2,24,0.0,54.833333333333336,4,2019,Summer
2019-04-20,26.320833333333336,33.2,18.6,24,0.0,48.5,4,2019,Summer
2019-04-21,28.266666666666666,35.2,19.8,24,0.0,43.75,4,2019,Summer
2019-04-22,29.1875,36.8,21.2,24,0.0,44.541666666666664,4,2019,Summer
2019-04-23,31.175,38.5,22.8,24,0.0,39.166666666666664,4,2019,Summer
2019-04-24,32.17916666666667,40.5,25.0,24,0.0,37.5,4,2019,Summer
2019-04-25,32.766666666666666,38.4,25.2,24,0.1,36.833333333333336,4,2019,Summer
2019-04-26,32.483333333333334,39.8,24.6,24,0.0,35.458333333333336,4,2019,Summer
2019-04-27,33.19166666666667,40.1,26.8,24,0.0,22.75,4,2019,Summer
2019-04-28,33.12916666666667,40.7,25.6,24,0.0,20.291666666666668,4,2019,Summer
2019-04-29,33.145833333333336,40.5,26.3,24,0.0,21.291666666666668,4,2019,Summer
2019-04-30,34.104166666666664,41.5,25.5,24,0.0,20.125,4,2019,Summer
2019-05-01,32.9625,40.7,24.5,24,0.0,24.583333333333332,5,2019,Summer
2019-05-02,31.458333333333332,37.7,26.6,24,0.5,32.791666666666664,5,2019,Summer
2019-05-03,30.954166666666666,37.5,24.6,24,0.0,32.958333333333336,5,2019,Summer
2019-05-04,31.141666666666666,38.0,24.0,24,0.0,22.416666666666668,5,2019,Summer
2019-05-05,30.71666666666667,38.7,23.0,24,0.0,20.916666666666668,5,2019,Summer
2019-05-06,31.3875,39.8,21.7,24,0.0,24.75,5,2019,Summer
2019-05-07,31.433333333333334,39.8,21.9,24,0.0,23.333333333333332,5,2019,Summer
2019-05-08,33.420833333333334,41.3,24.4,24,0.0,19.541666666666668,5,2019,Summer
2019-05-09,33.36666666666667,40.9,24.6,24,0.0,21.708333333333332,5,2019,Summer
2019-05-10,34.17916666666667,40.0,29.4,24,0.0,20.708333333333332,5,2019,Summer
2019-05-11,31.641666666666666,38.1,24.6,24,0.0,30.708333333333332,5,2019,Summer
2019-05-12,31.445833333333336,38.2,24.3,24,0.0,32.208333333333336,5,2019,Summer
2019-05-13,32.050000000000004,38.2,24.9,24,0.0,30.625,5,2019,Summer
2019-05-14,29.683333333333334,35.5,23.7,24,0.0,44.166666666666664,5,2019,Summer
2019-05-15,30.337500000000002,36.8,24.9,24,0.0,44.875,5,2019,Summer
2019-05-16,29.8125,36.1,24.9,24,0.0,47.625,5,2019,Summer
2019-05-17,28.016666666666666,33.8,24.0,24,1.5,58.541666666666664,5,2019,Summer
2019-05-18,27.245833333333334,33.6,21.0,24,0.1,61.25,5,2019,Summer
2019-05-19,29.829166666666666,36.4,23.5,24,0.0,43.666666666666664,5,2019,Summer
2019-05-20,31.275000000000002,38.5,23.1,24,0.0,36.666666666666664,5,2019,Summer
2019-05-21,32.166666666666664,38.9,24.1,24,0.0,32.666666666666664,5,2019,Summer
2019-05-22,32.358333333333334,39.0,25.5,24,0.0,36.416666666666664,5,2019,Summer
2019-05-23,33.108333333333334,39.2,26.4,24,0.0,37.25,5,2019,Summer
2019-05-24,30.833333333333332,35.3,26.4,24,0.0,45.291666666666664,5,2019,Summer
2019-05-25,31.099999999999998,36.5,25.1,24,0.0,39.458333333333336,5,2019,Summer
2019-05-26,31.608333333333334,38.2,24.6,24,0.0,34.208333333333336,5,2019,Summer
2019-05-27,33.46666666666667,40.7,25.1,24,0.0,27.791666666666668,5,2019,Summer
2019-05-28,33.2875,40.7,25.4,24,0.0,20.833333333333332,5,2019,Summer
2019-05-29,34.237500000000004,41.9,25.2,24,0.0,21.375,5,2019,Summer
2019-05-30,35.15,43.4,25.4,24,0.0,22.291666666666668,5,2019,Summer
2019-05-31,36.69166666666667,44.0,28.2,24,0.0,20.125,5,2019,Summer
2019-06-01,35.525,43.0,27.7,24,0.0,29.625,6,2019,Monsoon
2019-06-02,35.57083333333333,42.8,29.0,24,0.0,40.041666666666664,6,2019,Monsoon
2019-06-03,34.574999999999996,41.4,29.9,24,0.0,45.791666666666664,6,2019,Monsoon
2019-06-04,34.84583333333333,41.7,29.6,24,0.0,42.5,6,2019,Monsoon
2019-06-05,35.42916666666667,42.3,28.5,24,0.0,40.208333333333336,6,2019,Monsoon
2019-06-06,35.545833333333334,42.7,29.0,24,0.0,35.833333333333336,6,2019,Monsoon
2019-06-07,34.11666666666667,41.1,26.8,24,0.0,42.125,6,2019,Monsoon
2019-06-08,35.208333333333336,41.7,27.8,24,0.0,33.541666666666664,6,2019,Monsoon
2019-06-09,36.50416666666667,43.1,28.1,24,0.0,25.041666666666668,6,2019,Monsoon
2019-06-10,36.59583333333333,44.0,27.5,24,0.0,25.708333333333332,6,2019,Monsoon
2019-06-11,37.0375,43.7,29.7,24,0.0,24.291666666666668,6,2019,Monsoon
2019-06-12,34.84583333333333,39.7,30.0,24,0.0,43.666666666666664,6,2019,Monsoon
2019-06-13,35.395833333333336,40.8,29.1,24,0.0,38.791666666666664,6,2019,Monsoon
2019-06-14,35.84166666666667,42.0,30.5,24,0.0,29.958333333333332,6,2019,Monsoon
2019-06-15,36.324999999999996,42.4,28.9,24,0.0,22.833333333333332,6,2019,Monsoon
2019-06-16,33.68333333333333,39.0,28.6,24,0.0,43.291666666666664,6,2019,Monsoon
2019-06-17,33.57083333333333,38.8,28.8,24,0.0,47.083333333333336,6,2019,Monsoon
2019-06-18,30.28333333333333,36.0,24.6,24,0.1,56.208333333333336,6,2019,Monsoon
2019-06-19,31.0,36.8,26.0,24,0.0,53.375,6,2019,Monsoon
2019-06-20,31.879166666666666,37.7,25.0,24,0.0,47.125,6,2019,Monsoon
2019-06-21,33.1625,38.5,27.7,24,1.2,47.958333333333336,6,2019,Monsoon
2019-06-22,34.50833333333333,40.0,28.1,24,0.0,38.666666666666664,6,2019,Monsoon
2019-06-23,34.27916666666667,39.7,29.4,24,0.0,48.083333333333336,6,2019,Monsoon
2019-06-24,31.516666666666666,37.0,27.2,24,1.0,60.291666666666664,6,2019,Monsoon
2019-06-25,31.7,36.0,27.6,24,5.2,63.75,6,2019,Monsoon
2019-06-26,34.03333333333333,39.5,29.0,24,0.8,50.041666666666664,6,2019,Monsoon
2019-06-27,34.00416666666667,40.2,27.5,24,0.0,41.708333333333336,6,2019,Monsoon
2019-06-28,35.06666666666667,42.1,27.6,24,0.0,39.125,6,2019,Monsoon
2019-06-29,36.09166666666667,41.6,29.5,24,0.0,37.791666666666664,6,2019,Monsoon
2019-06-30,36.545833333333334,42.8,30.0,24,0.0,36.833333333333336,6,2019,Monsoon
2019-07-01,35.86666666666667,41.5,29.8,24,0.0,42.791666666666664,7,2019,Monsoon
2019-07-02,35.833333333333336,40.2,30.6,24,0.0,44.041666666666664,7,2019,Monsoon
2019-07-03,34.0,36.7,30.8,24,0.9,54.958333333333336,7,2019,Monsoon
2019-07-04,33.25416666666667,38.8,29.6,24,4.6,58.583333333333336,7,2019,Monsoon
2019-07-05,31.441666666666666,35.4,28.3,24,1.8,69.33333333333333,7,2019,Monsoon
2019-07-06,31.233333333333334,35.2,27.5,24,0.1,68.54166666666667,7,2019,Monsoon
2019-07-07,31.416666666666668,36.0,26.9,24,1.6,67.33333333333333,7,2019,Monsoon
2019-07-08,32.11666666666667,36.7,28.5,24,3.0,66.95833333333333,7,2019,Monsoon
2019-07-09,30.71666666666667,35.0,27.0,24,4.9,72.04166666666667,7,2019,Monsoon
2019-07-10,30.991666666666664,34.9,27.0,24,7.1000000000000005,74.16666666666667,7,2019,Monsoon
2019-07-11,33.37083333333333,38.4,29.1,24,0.0,56.666666666666664,7,2019,Monsoon
2019-07-12,33.49583333333333,38.1,29.9,24,0.5,50.916666666666664,7,2019,Monsoon
2019-07-13,34.1875,38.8,29.6,24,0.0,47.875,7,2019,Monsoon
2019-07-14,32.94583333333333,36.8,29.5,24,0.0,52.625,7,2019,Monsoon
2019-07-15,29.558333333333334,36.8,25.2,24,5.1,74.125,7,2019,Monsoon
2019-07-16,26.391666666666666,29.0,24.9,24,29.5,89.91666666666667,7,2019,Monsoon
2019-07-17,27.133333333333336,30.8,24.8,24,13.4,85.75,7,2019,Monsoon
2019-07-18,27.616666666666664,32.3,24.6,24,13.4,82.45833333333333,7,2019,Monsoon
2019-07-19,29.329166666666666,33.2,25.5,24,3.4000000000000004,79.79166666666667,7,2019,Monsoon
2019-07-20,29.883333333333336,34.3,25.5,24,20.9,81.33333333333333,7,2019,Monsoon
2019-07-21,29.745833333333334,32.6,27.2,24,10.5,81.33333333333333,7,2019,Monsoon
2019-07-22,30.395833333333332,34.1,27.5,24,4.7,80.375,7,2019,Monsoon
2019-07-23,31.729166666666668,35.5,28.0,24,0.8,76.70833333333333,7,2019,Monsoon
2019-07-24,31.7,36.5,28.0,24,3.0,74.16666666666667,7,2019,Monsoon
2019-07-25,27.754166666666666,30.0,26.1,24,12.3,85.95833333333333,7,2019,Monsoon
2019-07-26,27.245833333333334,30.2,25.3,24,18.8,87.29166666666667,7,2019,Monsoon
2019-07-27,26.804166666666664,30.1,25.3,24,3.2,89.125,7,2019,Monsoon
2019-07-28,28.383333333333336,31.8,25.6,24,9.2,85.25,7,2019,Monsoon
2019-07-29,29.441666666666666,33.0,26.5,24,1.1,78.29166666666667,7,2019,Monsoon
2019-07-30,29.170833333333334,32.2,26.5,24,0.8,77.29166666666667,7,2019,Monsoon
2019-07-31,29.041666666666668,31.6,27.0,24,1.2,79.29166666666667,7,2019,Monsoon
2019-08-01,29.5125,32.5,27.0,24,5.6,80.95833333333333,8,2019,Monsoon
2019-08-02,28.791666666666668,32.0,26.1,24,20.3,85.41666666666667,8,2019,Monsoon
2019-08-03,28.34166666666667,30.8,26.5,24,5.8,88.83333333333333,8,2019,Monsoon
2019-08-04,29.09583333333333,32.8,26.2,24,0.8,85.70833333333333,8,2019,Monsoon
2019-08-05,29.45,33.0,26.6,24,13.6,85.45833333333333,8,2019,Monsoon
2019-08-06,28.22083333333333,31.5,25.9,24,14.9,88.125,8,2019,Monsoon
2019-08-07,28.354166666666668,30.8,25.6,24,5.8,88.0,8,2019,Monsoon
2019-08-08,30.304166666666664,34.0,27.4,24,0.1,78.29166666666667,8,2019,Monsoon
2019-08-09,29.625,31.9,28.0,24,0.5,73.45833333333333,8,2019,Monsoon
2019-08-10,28.912499999999998,32.5,25.9,24,2.1,79.25,8,2019,Monsoon
2019-08-11,29.733333333333334,33.0,26.6,24,0.5,79.5,8,2019,Monsoon
2019-08-12,29.295833333333334,32.2,27.0,24,5.0,81.25,8,2019,Monsoon
2019-08-13,29.191666666666666,33.3,26.7,24,5.0,83.75,8,2019,Monsoon
2019-08-14,28.504166666666666,31.8,26.0,24,4.7,87.79166666666667,8,2019,Monsoon
2019-08-15,29.070833333333336,32.3,26.9,24,2.6,82.70833333333333,8,2019,Monsoon
2019-08-16,28.21666666666667,31.5,26.0,24,7.2,82.08333333333333,8,2019,Monsoon
2019-08-17,26.304166666666664,27.9,25.4,24,7.9,88.91666666666667,8,2019,Monsoon
2019-08-18,27.099999999999998,30.7,24.5,24,30.900000000000002,86.0,8,2019,Monsoon
2019-08-19,27.870833333333334,31.9,24.0,24,1.0,85.33333333333333,8,2019,Monsoon
2019-08-20,28.495833333333334,32.7,25.0,24,0.30000000000000004,81.91666666666667,8,2019,Monsoon
2019-08-21,29.291666666666668,33.9,24.6,24,0.0,77.83333333333333,8,2019,Monsoon
2019-08-22,28.570833333333336,32.1,25.5,24,0.8,84.16666666666667,8,2019,Monsoon
2019-08-23,29.15416666666667,32.8,25.6,24,4.0,82.29166666666667,8,2019,Monsoon
2019-08-24,29.05,33.6,26.1,24,3.9,82.54166666666667,8,2019,Monsoon
2019-08-25,27.4875,30.4,26.1,24,12.9,88.04166666666667,8,2019,Monsoon
2019-08-26,28.820833333333336,32.3,25.6,24,0.6000000000000001,83.04166666666667,8,2019,Monsoon
2019-08-27,29.787499999999998,33.3,26.1,24,0.1,80.04166666666667,8,2019,Monsoon
2019-08-28,30.4375,34.0,26.9,24,0.4,78.29166666666667,8,2019,Monsoon
2019-08-29,30.104166666666668,33.6,27.3,24,0.9999999999999999,80.375,8,2019,Monsoon
2019-08-30,30.145833333333332,33.5,26.5,24,0.9,80.875,8,2019,Monsoon
2019-08-31,30.445833333333336,33.0,26.8,24,6.4,77.95833333333333,8,2019,Monsoon
2019-09-01,28.6125,31.5,26.4,24,4.7,85.58333333333333,9,2019,Monsoon
2019-09-02,29.541666666666668,33.2,25.8,24,1.3,83.20833333333333,9,2019,Monsoon
2019-09-03,30.15833333333333,33.5,26.6,24,5.5,79.70833333333333,9,2019,Monsoon
2019-09-04,29.02916666666667,32.2,25.5,24,7.8,84.58333333333333,9,2019,Monsoon
2019-09-05,29.4375,32.7,26.6,24,0.7000000000000001,82.29166666666667,9,2019,Monsoon
2019-09-06,29.766666666666666,32.9,26.9,24,0.30000000000000004,80.70833333333333,9,2019,Monsoon
2019-09-07,28.8625,32.0,26.5,24,2.1,84.41666666666667,9,2019,Monsoon
2019-09-08,29.145833333333332,33.2,26.0,24,0.2,83.375,9,2019,Monsoon
2019-09-09,30.170833333333334,34.2,25.7,24,0.1,78.08333333333333,9,2019,Monsoon
2019-09-10,30.6375,35.2,26.5,24,0.0,74.0,9,2019,Monsoon
2019-09-11,31.258333333333336,36.0,26.5,24,0.4,73.16666666666667,9,2019,Monsoon
2019-09-12,30.333333333333332,34.7,27.5,24,0.6000000000000001,78.91666666666667,9,2019,Monsoon
2019-09-13,29.962500000000002,34.3,26.4,24,0.30000000000000004,77.04166666666667,9,2019,Monsoon
2019-09-14,28.775000000000002,33.0,26.0,24,0.6000000000000001,78.41666666666667,9,2019,Monsoon
2019-09-15,28.129166666666666,32.0,25.5,24,4.7,83.16666666666667,9,2019,Monsoon
2019-09-16,29.270833333333332,33.2,25.1,24,0.4,81.04166666666667,9,2019,Monsoon
2019-09-17,29.212500000000002,32.1,26.0,24,2.0,79.625,9,2019,Monsoon
2019-09-18,28.483333333333334,31.9,25.9,24,3.0,79.75,9,2019,Monsoon
2019-09-19,26.920833333333334,30.3,24.6,24,1.0,79.66666666666667,9,2019,Monsoon
2019-09-20,27.037499999999998,30.9,23.1,24,7.7,83.375,9,2019,Monsoon
2019-09-21,27.766666666666666,31.2,24.5,24,0.7000000000000001,80.16666666666667,9,2019,Monsoon
2019-09-22,27.170833333333334,29.9,25.2,24,13.9,82.41666666666667,9,2019,Monsoon
2019-09-23,26.7375,31.1,23.5,24,2.0,80.41666666666667,9,2019,Monsoon
2019-09-24,27.054166666666664,31.6,23.4,24,2.9,80.16666666666667,9,2019,Monsoon
2019-09-25,27.224999999999998,31.1,24.1,24,3.6,80.83333333333333,9,2019,Monsoon
2019-09-26,27.558333333333334,30.5,25.0,24,1.9,76.45833333333333,9,2019,Monsoon
2019-09-27,26.599999999999998,30.3,24.2,24,0.5,78.16666666666667,9,2019,Monsoon
2019-09-28,25.541666666666668,29.3,22.8,24,4.6,82.91666666666667,9,2019,Monsoon
2019-09-29,24.9875,27.3,23.1,24,2.0,83.70833333333333,9,2019,Monsoon
2019-09-30,25.34166666666667,29.7,22.6,24,6.0,83.375,9,2019,Monsoon
2019-10-01,25.104166666666668,28.7,22.3,24,4.5,85.29166666666667,10,2019,Post-monsoon
2019-10-02,26.474999999999998,30.9,22.2,24,0.2,79.58333333333333,10,2019,Post-monsoon
2019-10-03,27.445833333333336,32.3,22.9,24,0.0,72.91666666666667,10,2019,Post-monsoon
2019-10-04,26.141666666666666,29.6,23.1,24,4.9,72.45833333333333,10,2019,Post-monsoon
2019-10-05,26.0625,31.9,21.9,24,0.0,66.20833333333333,10,2019,Post-monsoon
2019-10-06,26.3875,32.2,21.1,24,0.0,62.25,10,2019,Post-monsoon
2019-10-07,26.291666666666668,31.5,22.1,24,0.0,62.5,10,2019,Post-monsoon
2019-10-08,26.366666666666664,31.6,21.0,24,0.0,56.75,10,2019,Post-monsoon
2019-10-09,25.504166666666666,30.0,20.3,24,0.0,61.083333333333336,10,2019,Post-monsoon
2019-10-10,26.429166666666664,31.0,20.7,24,0.0,59.166666666666664,10,2019,Post-monsoon
2019-10-11,26.579166666666666,32.1,20.5,24,0.0,53.791666666666664,10,2019,Post-monsoon
2019-10-12,27.316666666666666,33.2,22.1,24,0.0,56.708333333333336,10,2019,Post-monsoon
2019-10-13,27.741666666666664,33.3,22.9,24,0.0,52.166666666666664,10,2019,Post-monsoon
2019-10-14,26.950000000000003,33.5,20.6,24,0.0,58.166666666666664,10,2019,Post-monsoon
2019-10-15,27.141666666666666,33.3,21.2,24,0.0,61.75,10,2019,Post-monsoon
2019-10-16,27.583333333333332,33.2,21.5,24,0.0,57.833333333333336,10,2019,Post-monsoon
2019-10-17,26.991666666666664,32.0,22.0,24,0.0,61.25,10,2019,Post-monsoon
2019-10-18,26.358333333333334,31.5,22.6,24,2.6999999999999997,65.125,10,2019,Post-monsoon
2019-10-19,25.52916666666667,30.8,21.0,24,2.5,66.75,10,2019,Post-monsoon
2019-10-20,25.704166666666666,32.6,20.3,24,0.0,49.291666666666664,10,2019,Post-monsoon
2019-10-21,24.95,31.8,18.9,24,0.0,51.333333333333336,10,2019,Post-monsoon
2019-10-22,24.395833333333332,31.5,19.1,24,0.0,48.375,10,2019,Post-monsoon
2019-10-23,24.354166666666668,31.6,17.6,24,0.0,54.0,10,2019,Post-monsoon
2019-10-24,24.183333333333334,30.9,18.0,24,0.0,64.66666666666667,10,2019,Post-monsoon
2019-10-25,24.354166666666668,29.9,19.6,24,0.0,62.708333333333336,10,2019,Post-monsoon
2019-10-26,24.55,30.0,18.9,24,0.0,60.583333333333336,10,2019,Post-monsoon
2019-10-27,24.520833333333332,31.5,18.5,24,0.0,57.875,10,2019,Post-monsoon
2019-10-28,24.145833333333332,30.4,18.2,24,0.0,58.875,10,2019,Post-monsoon
2019-10-29,24.4375,29.4,19.5,24,0.0,64.79166666666667,10,2019,Post-monsoon
2019-10-30,25.379166666666666,31.0,21.2,24,0.0,63.458333333333336,10,2019,Post-monsoon
2019-10-31,24.3125,30.9,18.3,24,0.0,66.375,10,2019,Post-monsoon
2019-11-01,24.820833333333336,31.2,18.9,24,0.0,65.125,11,2019,Post-monsoon
2019-11-02,24.383333333333336,30.4,19.8,24,0.2,69.04166666666667,11,2019,Post-monsoon
2019-11-03,23.78333333333333,28.8,19.1,24,0.0,70.75,11,2019,Post-monsoon
2019-11-04,23.662499999999998,29.0,19.0,24,0.0,62.708333333333336,11,2019,Post-monsoon
2019-11-05,22.754166666666666,29.2,17.8,24,0.0,57.708333333333336,11,2019,Post-monsoon
2019-11-06,22.90416666666667,30.0,16.0,24,0.0,61.208333333333336,11,2019,Post-monsoon
2019-11-07,21.791666666666668,24.7,19.5,24,0.7,72.41666666666667,11,2019,Post-monsoon
2019-11-08,21.65416666666667,26.5,17.0,24,0.30000000000000004,73.54166666666667,11,2019,Post-monsoon
2019-11-09,21.495833333333334,28.2,16.6,24,0.0,61.458333333333336,11,2019,Post-monsoon
2019-11-10,20.25,27.2,15.1,24,0.0,62.958333333333336,11,2019,Post-monsoon
2019-11-11,19.474999999999998,26.3,14.2,24,0.0,61.5,11,2019,Post-monsoon
2019-11-12,18.783333333333335,26.9,11.9,24,0.0,65.70833333333333,11,2019,Post-monsoon
2019-11-13,20.2,26.8,13.9,24,0.0,69.54166666666667,11,2019,Post-monsoon
2019-11-14,21.4375,27.6,17.3,24,0.0,68.70833333333333,11,2019,Post-monsoon
2019-11-15,20.9875,27.0,16.8,24,0.0,71.625,11,2019,Post-monsoon
2019-11-16,21.933333333333334,28.6,16.9,24,0.0,64.41666666666667,11,2019,Post-monsoon
2019-11-17,21.662499999999998,27.9,17.4,24,0.0,60.541666666666664,11,2019,Post-monsoon
2019-11-18,19.866666666666667,25.8,15.3,24,0.0,63.791666666666664,11,2019,Post-monsoon
2019-11-19,19.404166666666665,25.9,14.1,24,0.0,66.125,11,2019,Post-monsoon
2019-11-20,19.141666666666666,25.9,12.9,24,0.0,65.25,11,2019,Post-monsoon
2019-11-21,19.583333333333332,26.2,13.5,24,0.0,67.5,11,2019,Post-monsoon
2019-11-22,20.599999999999998,27.0,14.3,24,0.0,64.91666666666667,11,2019,Post-monsoon
2019-11-23,20.641666666666666,26.0,15.9,24,0.0,62.125,11,2019,Post-monsoon
2019-11-24,20.645833333333332,26.0,16.0,24,0.0,64.41666666666667,11,2019,Post-monsoon
2019-11-25,20.033333333333335,25.5,14.6,24,0.0,66.54166666666667,11,2019,Post-monsoon
2019-11-26,20.1375,25.0,16.0,24,0.8999999999999999,66.66666666666667,11,2019,Post-monsoon
2019-11-27,19.6875,25.1,15.1,24,0.0,68.25,11,2019,Post-monsoon
2019-11-28,18.316666666666666,22.6,16.2,24,22.1,82.75,11,2019,Post-monsoon
2019-11-29,17.724999999999998,22.9,13.2,24,0.0,82.0,11,2019,Post-monsoon
2019-11-30,16.962500000000002,22.2,13.2,24,0.0,78.08333333333333,11,2019,Post-monsoon
2019-12-01,15.5,21.8,11.5,24,0.0,73.83333333333333,12,2019,Winter
2019-12-02,15.375,21.9,11.1,24,0.0,69.5,12,2019,Winter
2019-12-03,15.1,22.4,10.1,24,0.0,66.25,12,2019,Winter
2019-12-04,15.25,21.8,9.5,24,0.0,71.875,12,2019,Winter
2019-12-05,15.424999999999999,21.2,10.4,24,0.0,74.08333333333333,12,2019,Winter
2019-12-06,15.358333333333334,21.8,10.1,24,0.0,81.95833333333333,12,2019,Winter
2019-12-07,16.004166666666666,22.4,9.9,24,0.0,78.75,12,2019,Winter
2019-12-08,15.683333333333332,22.5,10.1,24,0.0,78.45833333333333,12,2019,Winter
2019-12-09,15.275,21.8,9.1,24,0.0,72.79166666666667,12,2019,Winter
2019-12-10,15.116666666666667,21.4,8.4,24,0.0,69.875,12,2019,Winter
2019-12-11,15.708333333333334,21.4,8.9,24,0.0,70.54166666666667,12,2019,Winter
2019-12-12,15.612499999999999,18.4,13.4,24,5.9,78.20833333333333,12,2019,Winter
2019-12-13,15.079166666666666,19.5,11.4,24,3.7,86.625,12,2019,Winter
2019-12-14,12.933333333333332,17.6,9.8,24,0.0,84.625,12,2019,Winter
2019-12-15,13.204166666666666,18.5,9.3,24,0.0,80.33333333333333,12,2019,Winter
2019-12-16,12.408333333333333,18.3,9.1,24,0.0,80.08333333333333,12,2019,Winter
2019-12-17,11.783333333333333,18.2,8.1,24,0.0,79.58333333333333,12,2019,Winter
2019-12-18,11.933333333333332,18.0,7.8,24,0.0,78.20833333333333,12,2019,Winter
2019-12-19,11.516666666666666,17.1,5.8,24,0.0,79.83333333333333,12,2019,Winter
2019-12-20,13.033333333333333,18.0,8.5,24,0.0,78.70833333333333,12,2019,Winter
2019-12-21,13.4125,16.1,10.3,24,0.2,81.20833333333333,12,2019,Winter
2019-12-22,12.504166666666668,18.5,8.1,24,0.0,83.625,12,2019,Winter
2019-12-23,11.804166666666667,18.6,8.2,24,0.0,81.95833333333333,12,2019,Winter
2019-12-24,9.5875,15.3,5.8,24,0.0,90.5,12,2019,Winter
2019-12-25,8.720833333333333,15.3,5.2,24,0.0,86.91666666666667,12,2019,Winter
2019-12-26,8.445833333333333,14.9,4.2,24,0.0,84.41666666666667,12,2019,Winter
2019-12-27,7.291666666666667,13.6,3.3,24,0.0,87.875,12,2019,Winter
2019-12-28,6.6625000000000005,13.1,3.0,24,0.0,89.95833333333333,12,2019,Winter
2019-12-29,7.3125,13.1,3.8,24,0.0,86.125,12,2019,Winter
2019-12-30,6.8875,12.8,3.2,24,0.0,89.45833333333333,12,2019,Winter
2019-12-31,7.583333333333333,12.9,2.0,24,0.0,77.54166666666667,12,2019,Winter
2020-01-01,10.020833333333334,17.7,2.9,24,0.0,78.91666666666667,1,2020,Winter
2020-01-02,12.941666666666668,19.5,6.8,24,0.0,78.54166666666667,1,2020,Winter
2020-01-03,14.008333333333333,19.0,8.2,24,0.1,78.16666666666667,1,2020,Winter
2020-01-04,13.4375,18.9,8.8,24,0.5,81.79166666666667,1,2020,Winter
2020-01-05,13.291666666666666,19.8,7.8,24,0.0,73.91666666666667,1,2020,Winter
2020-01-06,13.475,17.0,10.2,24,0.0,76.45833333333333,1,2020,Winter
2020-01-07,13.970833333333333,17.8,11.1,24,2.1,83.25,1,2020,Winter
2020-01-08,12.85,15.3,10.3,24,17.5,91.70833333333333,1,2020,Winter
2020-01-09,10.512500000000001,15.9,7.1,24,0.0,78.0,1,2020,Winter
2020-01-10,10.054166666666667,16.6,5.8,24,0.0,77.54166666666667,1,2020,Winter
2020-01-11,10.329166666666667,16.9,5.4,24,0.0,77.04166666666667,1,2020,Winter
2020-01-12,11.808333333333332,19.7,5.9,24,0.0,77.95833333333333,1,2020,Winter
2020-01-13,14.591666666666667,20.6,9.2,24,16.6,82.625,1,2020,Winter
2020-01-14,13.9625,18.2,10.4,24,0.30000000000000004,86.41666666666667,1,2020,Winter
2020-01-15,12.429166666666667,18.6,7.3,24,0.0,82.91666666666667,1,2020,Winter
2020-01-16,12.424999999999999,15.8,9.4,24,11.1,89.58333333333333,1,2020,Winter
2020-01-17,13.045833333333334,17.9,10.2,24,0.6000000000000001,88.125,1,2020,Winter
2020-01-18,12.508333333333333,17.2,8.9,24,0.2,88.95833333333333,1,2020,Winter
2020-01-19,11.729166666666666,17.5,7.8,24,0.0,82.45833333333333,1,2020,Winter
2020-01-20,12.137500000000001,17.5,7.2,24,0.0,83.75,1,2020,Winter
2020-01-21,12.858333333333334,18.2,9.3,24,0.0,85.58333333333333,1,2020,Winter
2020-01-22,12.508333333333333,18.8,7.4,24,0.0,81.79166666666667,1,2020,Winter
2020-01-23,12.454166666666666,17.8,8.4,24,0.0,66.41666666666667,1,2020,Winter
2020-01-24,12.816666666666668,19.2,8.4,24,0.0,60.0,1,2020,Winter
2020-01-25,11.566666666666668,18.2,4.4,24,0.0,75.75,1,2020,Winter
2020-01-26,13.1,20.1,6.3,24,0.0,82.04166666666667,1,2020,Winter
2020-01-27,13.804166666666667,20.0,8.4,24,1.4,77.75,1,2020,Winter
2020-01-28,14.216666666666667,19.1,10.9,24,11.4,83.75,1,2020,Winter
2020-01-29,13.154166666666667,18.4,9.5,24,0.5,82.75,1,2020,Winter
2020-01-30,12.458333333333334,18.1,8.1,24,0.0,77.58333333333333,1,2020,Winter
2020-01-31,11.924999999999999,17.5,7.1,24,0.0,75.70833333333333,1,2020,Winter
2020-02-01,11.891666666666666,18.3,5.6,24,0.0,75.79166666666667,2,2020,Winter
2020-02-02,11.541666666666666,18.0,6.8,24,0.0,77.33333333333333,2,2020,Winter
2020-02-03,12.058333333333332,18.8,5.8,24,0.0,74.375,2,2020,Winter
2020-02-04,12.9,19.5,6.7,24,0.0,75.75,2,2020,Winter
2020-02-05,12.7125,18.7,7.7,24,0.0,75.0,2,2020,Winter
2020-02-06,11.674999999999999,17.5,6.2,24,0.0,74.41666666666667,2,2020,Winter
2020-02-07,12.208333333333334,18.3,7.1,24,0.1,73.95833333333333,2,2020,Winter
2020-02-08,12.041666666666666,19.0,6.4,24,0.0,77.70833333333333,2,2020,Winter
2020-02-09,12.554166666666667,19.7,6.8,24,0.0,77.25,2,2020,Winter
2020-02-10,12.862499999999999,20.0,6.3,24,0.0,74.70833333333333,2,2020,Winter
2020-02-11,13.158333333333333,20.6,6.1,24,0.0,73.58333333333333,2,2020,Winter
2020-02-12,15.6625,23.8,8.0,24,0.0,69.70833333333333,2,2020,Winter
2020-02-13,19.008333333333333,26.5,12.6,24,0.0,59.083333333333336,2,2020,Winter
2020-02-14,18.208333333333332,23.5,13.4,24,0.0,53.333333333333336,2,2020,Winter
2020-02-15,17.025000000000002,24.3,11.8,24,0.0,49.541666666666664,2,2020,Winter
2020-02-16,16.712500000000002,24.9,9.9,24,0.0,62.75,2,2020,Winter
2020-02-17,16.970833333333335,25.5,8.9,24,0.0,58.083333333333336,2,2020,Winter
2020-02-18,16.529166666666665,25.0,10.1,24,0.0,51.5,2,2020,Winter
2020-02-19,18.158333333333335,25.1,9.0,24,0.0,55.458333333333336,2,2020,Winter
2020-02-20,20.0625,26.2,15.2,24,1.2000000000000002,61.708333333333336,2,2020,Winter
2020-02-21,16.170833333333334,18.5,13.6,24,19.3,83.95833333333333,2,2020,Winter
2020-02-22,17.587500000000002,21.7,13.3,24,0.5,80.29166666666667,2,2020,Winter
2020-02-23,17.454166666666666,23.1,13.4,24,2.0,82.83333333333333,2,2020,Winter
2020-02-24,17.416666666666668,23.5,12.0,24,0.1,79.45833333333333,2,2020,Winter
2020-02-25,17.608333333333334,24.4,11.9,24,0.0,76.54166666666667,2,2020,Winter
2020-02-26,18.020833333333332,25.0,12.6,24,0.0,76.08333333333333,2,2020,Winter
2020-02-27,18.879166666666666,25.4,12.5,24,0.0,77.95833333333333,2,2020,Winter
2020-02-28,20.162499999999998,25.5,15.9,24,0.0,75.45833333333333,2,2020,Winter
2020-02-29,18.766666666666666,21.9,16.1,24,7.4,82.08333333333333,2,2020,Winter
2020-03-01,19.066666666666666,24.5,15.1,24,0.0,81.33333333333333,3,2020,Summer
2020-03-02,19.554166666666667,25.4,14.1,24,0.1,78.41666666666667,3,2020,Summer
2020-03-03,19.391666666666666,26.0,13.4,24,0.0,71.33333333333333,3,2020,Summer
2020-03-04,19.125,24.9,13.9,24,0.1,73.45833333333333,3,2020,Summer
2020-03-05,18.054166666666667,24.4,14.4,24,10.1,80.375,3,2020,Summer
2020-03-06,16.412499999999998,21.0,13.6,24,52.5,85.95833333333333,3,2020,Summer
2020-03-07,15.858333333333333,20.5,12.8,24,1.9,85.08333333333333,3,2020,Summer
2020-03-08,16.354166666666668,22.7,11.4,24,0.0,79.125,3,2020,Summer
2020-03-09,16.845833333333335,23.4,11.8,24,0.0,68.33333333333333,3,2020,Summer
2020-03-10,17.0,23.6,9.3,24,0.0,69.16666666666667,3,2020,Summer
2020-03-11,18.825,23.6,15.1,24,3.0,72.83333333333333,3,2020,Summer
2020-03-12,19.558333333333334,25.5,14.6,24,0.0,67.25,3,2020,Summer
2020-03-13,18.441666666666666,24.6,12.8,24,13.8,66.0,3,2020,Summer
2020-03-14,16.2625,20.6,13.1,24,1.6,81.95833333333333,3,2020,Summer
2020-03-15,16.150000000000002,21.1,11.2,24,0.1,78.20833333333333,3,2020,Summer
2020-03-16,17.8875,23.9,12.8,24,0.0,75.25,3,2020,Summer
2020-03-17,18.870833333333334,25.6,13.5,24,0.0,71.79166666666667,3,2020,Summer
2020-03-18,20.370833333333334,27.0,13.9,24,0.0,67.58333333333333,3,2020,Summer
2020-03-19,20.766666666666666,27.1,15.2,24,0.2,71.95833333333333,3,2020,Summer
2020-03-20,20.904166666666665,29.0,15.1,24,0.4,71.41666666666667,3,2020,Summer
2020-03-21,21.704166666666666,28.4,15.2,24,1.6,71.0,3,2020,Summer
2020-03-22,21.891666666666666,28.6,15.2,24,0.0,68.54166666666667,3,2020,Summer
2020-03-23,22.166666666666668,29.1,16.1,24,0.0,62.958333333333336,3,2020,Summer
2020-03-24,23.458333333333332,30.1,18.0,24,0.9,66.20833333333333,3,2020,Summer
2020-03-25,23.425,30.3,17.8,24,0.0,65.125,3,2020,Summer
2020-03-26,23.241666666666664,29.6,17.9,24,0.0,62.791666666666664,3,2020,Summer
2020-03-27,21.120833333333334,24.9,18.6,24,6.0,75.79166666666667,3,2020,Summer
2020-03-28,21.0,27.2,15.6,24,0.0,69.875,3,2020,Summer
2020-03-29,21.77916666666667,28.1,16.4,24,0.0,59.5,3,2020,Summer
2020-03-30,21.695833333333336,28.8,15.6,24,0.0,56.75,3,2020,Summer
2020-03-31,22.441666666666666,30.0,15.7,24,0.0,58.333333333333336,3,2020,Summer
2020-04-01,23.6875,30.8,17.5,24,0.0,57.125,4,2020,Summer
2020-04-02,23.004166666666666,29.0,17.5,24,0.0,54.625,4,2020,Summer
2020-04-03,21.933333333333334,29.0,15.8,24,0.0,46.875,4,2020,Summer
2020-04-04,22.775000000000002,31.0,14.9,24,0.0,51.125,4,2020,Summer
2020-04-05,23.6125,30.7,17.0,24,0.0,55.5,4,2020,Summer
2020-04-06,25.537499999999998,32.8,17.6,24,0.0,49.208333333333336,4,2020,Summer
2020-04-07,24.525000000000002,32.8,16.8,24,0.4,48.583333333333336,4,2020,Summer
2020-04-08,24.641666666666666,31.5,18.8,24,0.0,46.583333333333336,4,2020,Summer
2020-04-09,24.15833333333333,31.5,16.6,24,0.0,47.875,4,2020,Summer
2020-04-10,25.291666666666668,33.0,16.7,24,0.0,48.625,4,2020,Summer
2020-04-11,26.933333333333334,35.1,19.2,24,0.0,44.5,4,2020,Summer
2020-04-12,27.412499999999998,34.5,20.2,24,0.0,45.083333333333336,4,2020,Summer
2020-04-13,28.541666666666668,37.0,19.6,24,0.0,44.75,4,2020,Summer
2020-04-14,29.483333333333334,37.0,21.6,24,0.0,44.625,4,2020,Summer
2020-04-15,29.995833333333334,37.5,24.2,24,0.0,40.291666666666664,4,2020,Summer
2020-04-16,29.745833333333334,37.4,21.5,24,0.0,38.958333333333336,4,2020,Summer
2020-04-17,29.141666666666666,33.5,25.2,24,0.0,35.75,4,2020,Summer
2020-04-18,28.545833333333334,35.2,23.1,24,0.0,40.041666666666664,4,2020,Summer
2020-04-19,27.454166666666666,33.9,21.4,24,0.0,46.0,4,2020,Summer
2020-04-20,26.320833333333336,33.8,21.6,24,0.5,47.458333333333336,4,2020,Summer
2020-04-21,25.766666666666666,32.0,19.0,24,0.0,53.416666666666664,4,2020,Summer
2020-04-22,27.458333333333332,33.8,20.0,24,0.0,42.291666666666664,4,2020,Summer
2020-04-23,28.558333333333334,35.5,23.8,24,0.1,39.958333333333336,4,2020,Summer
2020-04-24,28.5625,35.4,21.7,24,0.0,43.5,4,2020,Summer
2020-04-25,28.145833333333332,33.7,22.6,24,0.4,45.291666666666664,4,2020,Summer
2020-04-26,26.8125,31.2,23.4,24,0.9,58.833333333333336,4,2020,Summer
2020-04-27,25.316666666666666,30.2,20.8,24,2.4,69.625,4,2020,Summer
2020-04-28,26.004166666666666,32.2,21.5,24,0.0,66.5,4,2020,Summer
2020-04-29,28.258333333333336,34.5,20.9,24,0.0,57.791666666666664,4,2020,Summer
2020-04-30,29.09166666666667,36.1,23.8,24,0.2,53.333333333333336,4,2020,Summer
2020-05-01,30.016666666666666,37.9,21.6,24,0.0,56.333333333333336,5,2020,Summer
2020-05-02,29.079166666666666,36.5,24.5,24,0.2,58.083333333333336,5,2020,Summer
2020-05-03,27.516666666666666,32.7,23.5,24,19.1,65.83333333333333,5,2020,Summer
2020-05-04,27.070833333333336,32.8,21.0,24,0.0,66.75,5,2020,Summer
2020-05-05,28.425,34.4,23.0,24,0.1,51.625,5,2020,Summer
2020-05-06,28.2625,34.2,20.8,24,0.0,47.0,5,2020,Summer
2020-05-07,28.383333333333336,35.5,22.0,24,0.0,46.083333333333336,5,2020,Summer
2020-05-08,30.34583333333333,37.8,23.1,24,0.0,41.708333333333336,5,2020,Summer
2020-05-09,31.2375,39.4,24.8,24,0.0,43.166666666666664,5,2020,Summer
2020-05-10,29.566666666666666,36.1,24.5,24,0.8,54.833333333333336,5,2020,Summer
2020-05-11,29.116666666666664,35.8,22.8,24,0.3,57.041666666666664,5,2020,Summer
2020-05-12,29.316666666666666,35.1,23.0,24,0.0,55.208333333333336,5,2020,Summer
2020-05-13,29.608333333333334,35.5,25.4,24,0.3,55.958333333333336,5,2020,Summer
2020-05-14,30.370833333333334,36.8,23.8,24,0.0,54.291666666666664,5,2020,Summer
2020-05-15,31.21666666666667,38.2,24.5,24,0.0,41.166666666666664,5,2020,Summer
2020-05-16,31.258333333333336,38.0,24.6,24,0.0,33.875,5,2020,Summer
2020-05-17,31.629166666666666,38.7,24.0,24,0.0,32.083333333333336,5,2020,Summer
2020-05-18,31.145833333333332,38.7,23.8,24,0.0,31.083333333333332,5,2020,Summer
2020-05-19,31.645833333333332,38.6,23.5,24,0.0,24.25,5,2020,Summer
2020-05-20,30.5125,37.5,22.5,24,0.0,26.416666666666668,5,2020,Summer
2020-05-21,31.97083333333333,40.2,23.2,24,0.0,27.208333333333332,5,2020,Summer
2020-05-22,33.63333333333333,42.1,23.2,24,0.0,27.541666666666668,5,2020,Summer
2020-05-23,34.25416666666667,40.9,26.8,24,0.0,29.5,5,2020,Summer
2020-05-24,35.32083333333333,42.2,27.7,24,0.0,25.958333333333332,5,2020,Summer
2020-05-25,35.512499999999996,43.2,27.8,24,0.0,22.625,5,2020,Summer
2020-05-26,36.5625,44.2,28.8,24,0.0,19.583333333333332,5,2020,Summer
2020-05-27,36.358333333333334,43.7,28.8,24,0.0,20.958333333333332,5,2020,Summer
2020-05-28,33.020833333333336,38.5,28.5,24,0.1,41.333333333333336,5,2020,Summer
2020-05-29,30.141666666666666,35.1,25.9,24,4.0,57.833333333333336,5,2020,Summer
2020-05-30,28.204166666666666,32.7,23.5,24,4.4,61.333333333333336,5,2020,Summer
2020-05-31,26.804166666666664,32.2,22.9,24,0.2,69.45833333333333,5,2020,Summer
2020-06-01,27.741666666666664,33.2,21.6,24,0.0,67.625,6,2020,Monsoon
2020-06-02,28.974999999999998,34.3,24.0,24,0.0,62.541666666666664,6,2020,Monsoon
2020-06-03,29.900000000000002,35.8,24.1,24,0.0,57.875,6,2020,Monsoon
2020-06-04,29.59166666666667,34.8,24.6,24,0.0,56.791666666666664,6,2020,Monsoon
2020-06-05,29.0125,34.4,24.9,24,0.0,59.833333333333336,6,2020,Monsoon
2020-06-06,29.47083333333333,34.5,24.5,24,0.0,59.333333333333336,6,2020,Monsoon
2020-06-07,30.383333333333336,36.2,26.7,24,0.5,60.166666666666664,6,2020,Monsoon
2020-06-08,30.72083333333333,35.4,25.6,24,0.1,60.791666666666664,6,2020,Monsoon
2020-06-09,32.72083333333333,37.8,26.5,24,0.0,53.291666666666664,6,2020,Monsoon
2020-06-10,33.25416666666667,38.4,27.7,24,0.0,54.666666666666664,6,2020,Monsoon
2020-06-11,33.09166666666667,37.5,27.7,24,0.0,56.291666666666664,6,2020,Monsoon
2020-06-12,33.641666666666666,38.2,28.9,24,0.0,53.25,6,2020,Monsoon
2020-06-13,33.487500000000004,38.7,29.5,24,0.0,55.875,6,2020,Monsoon
2020-06-14,33.483333333333334,38.2,29.1,24,0.0,57.208333333333336,6,2020,Monsoon
2020-06-15,33.99166666666667,40.0,28.6,24,0.0,50.666666666666664,6,2020,Monsoon
2020-06-16,33.737500000000004,39.4,28.0,24,0.1,48.041666666666664,6,2020,Monsoon
2020-06-17,33.862500000000004,39.7,29.0,24,0.0,51.875,6,2020,Monsoon
2020-06-18,34.59166666666667,40.8,28.3,24,0.0,50.875,6,2020,Monsoon
2020-06-19,35.12083333333333,40.3,30.4,24,0.1,52.708333333333336,6,2020,Monsoon
2020-06-20,33.458333333333336,39.2,29.5,24,1.8,55.083333333333336,6,2020,Monsoon
2020-06-21,33.166666666666664,38.5,28.1,24,0.0,55.208333333333336,6,2020,Monsoon
2020-06-22,31.71666666666667,36.3,27.1,24,1.5,62.0,6,2020,Monsoon
2020-06-23,31.525000000000002,34.8,28.4,24,0.9,64.375,6,2020,Monsoon
2020-06-24,30.645833333333332,33.5,28.4,24,2.8000000000000003,70.83333333333333,6,2020,Monsoon
2020-06-25,31.8625,37.1,26.7,24,0.0,66.0,6,2020,Monsoon
2020-06-26,32.295833333333334,36.5,28.1,24,0.9,65.125,6,2020,Monsoon
2020-06-27,33.49583333333333,38.5,29.0,24,0.1,58.208333333333336,6,2020,Monsoon
2020-06-28,35.05416666666667,39.6,30.2,24,0.1,51.125,6,2020,Monsoon
2020-06-29,34.458333333333336,39.8,29.7,24,0.3,53.125,6,2020,Monsoon
2020-06-30,32.2875,36.5,27.1,24,0.0,62.958333333333336,6,2020,Monsoon
2020-07-01,33.525,38.2,28.9,24,0.0,58.375,7,2020,Monsoon
2020-07-02,35.24583333333333,40.2,29.9,24,0.1,52.208333333333336,7,2020,Monsoon
2020-07-03,35.12083333333333,41.0,31.1,24,0.0,55.833333333333336,7,2020,Monsoon
2020-07-04,33.2125,38.5,28.8,24,0.0,63.083333333333336,7,2020,Monsoon
2020-07-05,29.849999999999998,34.6,25.0,24,4.3,69.66666666666667,7,2020,Monsoon
2020-07-06,30.78333333333333,35.0,26.5,24,0.4,69.41666666666667,7,2020,Monsoon
2020-07-07,29.429166666666664,32.9,27.1,24,1.8,73.5,7,2020,Monsoon
2020-07-08,28.870833333333334,32.7,25.5,24,7.8999999999999995,81.25,7,2020,Monsoon
2020-07-09,30.383333333333336,34.7,27.1,24,4.1,77.125,7,2020,Monsoon
2020-07-10,32.75,38.2,28.5,24,1.5,63.75,7,2020,Monsoon
2020-07-11,31.879166666666666,36.3,26.0,24,0.9,64.45833333333333,7,2020,Monsoon
2020-07-12,31.71666666666667,35.5,28.8,24,0.30000000000000004,66.04166666666667,7,2020,Monsoon
2020-07-13,31.916666666666668,36.2,27.2,24,0.1,64.66666666666667,7,2020,Monsoon
2020-07-14,33.237500000000004,38.5,28.9,24,0.0,60.125,7,2020,Monsoon
2020-07-15,31.95,36.4,28.0,24,0.0,67.41666666666667,7,2020,Monsoon
2020-07-16,30.770833333333332,33.8,28.2,24,4.6,72.54166666666667,7,2020,Monsoon
2020-07-17,31.233333333333334,34.8,28.1,24,9.6,73.41666666666667,7,2020,Monsoon
2020-07-18,31.604166666666668,36.8,27.2,24,2.5,73.625,7,2020,Monsoon
2020-07-19,30.52916666666667,34.5,27.1,24,14.1,79.83333333333333,7,2020,Monsoon
2020-07-20,29.295833333333334,33.3,26.6,24,15.7,79.41666666666667,7,2020,Monsoon
2020-07-21,28.195833333333336,32.3,25.1,24,8.799999999999999,82.125,7,2020,Monsoon
2020-07-22,27.037499999999998,30.2,25.2,24,17.599999999999998,86.95833333333333,7,2020,Monsoon
2020-07-23,28.53333333333333,32.8,24.4,24,0.2,78.5,7,2020,Monsoon
2020-07-24,28.820833333333336,32.3,26.1,24,1.6,78.5,7,2020,Monsoon
2020-07-25,28.754166666666666,32.2,25.8,24,1.9000000000000001,82.16666666666667,7,2020,Monsoon
2020-07-26,29.895833333333332,34.0,25.5,24,2.6,79.625,7,2020,Monsoon
2020-07-27,30.983333333333334,34.3,27.8,24,2.7,75.16666666666667,7,2020,Monsoon
2020-07-28,31.825,35.5,29.1,24,0.4,67.25,7,2020,Monsoon
2020-07-29,30.52916666666667,33.8,27.8,24,0.1,72.125,7,2020,Monsoon
2020-07-30,28.912499999999998,31.9,25.8,24,3.9,79.25,7,2020,Monsoon
2020-07-31,29.15416666666667,33.1,25.4,24,8.5,84.125,7,2020,Monsoon
2020-08-01,29.3875,32.8,26.8,24,5.6,83.79166666666667,8,2020,Monsoon
2020-08-02,31.070833333333336,35.2,27.5,24,0.2,75.54166666666667,8,2020,Monsoon
2020-08-03,31.691666666666666,35.9,28.4,24,2.0,73.91666666666667,8,2020,Monsoon
2020-08-04,31.791666666666668,37.4,27.2,24,0.6,73.125,8,2020,Monsoon
2020-08-05,30.704166666666666,34.2,28.1,24,0.39999999999999997,78.83333333333333,8,2020,Monsoon
2020-08-06,31.079166666666666,35.1,27.6,24,0.1,70.04166666666667,8,2020,Monsoon
2020-08-07,30.141666666666666,33.9,27.1,24,0.6000000000000001,75.08333333333333,8,2020,Monsoon
2020-08-08,30.883333333333336,34.6,27.4,24,3.5,79.04166666666667,8,2020,Monsoon
2020-08-09,29.837500000000002,33.2,26.9,24,21.5,83.33333333333333,8,2020,Monsoon
2020-08-10,28.941666666666666,31.6,26.5,24,3.5,86.66666666666667,8,2020,Monsoon
2020-08-11,28.95,31.6,26.5,24,15.9,87.375,8,2020,Monsoon
2020-08-12,29.916666666666668,34.2,26.2,24,3.6,82.41666666666667,8,2020,Monsoon
2020-08-13,26.8,28.1,25.8,24,70.9,93.875,8,2020,Monsoon
2020-08-14,27.645833333333332,31.1,25.5,24,5.0,88.91666666666667,8,2020,Monsoon
2020-08-15,29.025000000000002,32.3,25.9,24,2.3,85.41666666666667,8,2020,Monsoon
2020-08-16,28.733333333333334,32.0,26.1,24,5.1000000000000005,87.25,8,2020,Monsoon
2020-08-17,29.212500000000002,32.9,27.0,24,3.3000000000000003,85.41666666666667,8,2020,Monsoon
2020-08-18,29.5625,32.2,27.0,24,12.8,84.79166666666667,8,2020,Monsoon
2020-08-19,27.208333333333332,29.9,26.0,24,17.0,92.25,8,2020,Monsoon
2020-08-20,26.416666666666668,28.8,24.5,24,10.6,92.66666666666667,8,2020,Monsoon
2020-08-21,28.729166666666668,32.5,25.9,24,0.2,78.95833333333333,8,2020,Monsoon
2020-08-22,28.78333333333333,33.0,26.1,24,0.1,74.375,8,2020,Monsoon
2020-08-23,28.291666666666668,31.4,26.0,24,1.6,80.375,8,2020,Monsoon
2020-08-24,27.849999999999998,30.9,25.5,24,0.7000000000000001,82.0,8,2020,Monsoon
2020-08-25,28.52916666666667,31.8,25.5,24,1.0,80.08333333333333,8,2020,Monsoon
2020-08-26,28.991666666666664,32.3,26.1,24,1.3,78.54166666666667,8,2020,Monsoon
2020-08-27,28.729166666666668,31.5,26.7,24,0.7000000000000001,80.16666666666667,8,2020,Monsoon
2020-08-28,28.712500000000002,33.0,25.9,24,3.2,83.20833333333333,8,2020,Monsoon
2020-08-29,28.537499999999998,32.5,25.4,24,1.8,83.5,8,2020,Monsoon
2020-08-30,27.95,30.5,26.3,24,3.0,79.25,8,2020,Monsoon
2020-08-31,27.995833333333334,31.8,25.2,24,1.6,77.04166666666667,8,2020,Monsoon
2020-09-01,28.566666666666666,32.3,25.1,24,1.3,75.0,9,2020,Monsoon
2020-09-02,28.837500000000002,32.3,25.5,24,0.8,76.16666666666667,9,2020,Monsoon
2020-09-03,28.6375,32.3,26.4,24,3.0,83.04166666666667,9,2020,Monsoon
2020-09-04,28.90416666666667,32.5,26.2,24,2.5,80.91666666666667,9,2020,Monsoon
2020-09-05,28.329166666666666,33.0,25.8,24,9.5,84.875,9,2020,Monsoon
2020-09-06,28.337500000000002,31.9,25.9,24,3.0,85.45833333333333,9,2020,Monsoon
2020-09-07,28.745833333333334,32.2,25.7,24,3.5,82.95833333333333,9,2020,Monsoon
2020-09-08,29.308333333333334,32.9,26.0,24,0.4,79.04166666666667,9,2020,Monsoon
2020-09-09,29.77916666666667,34.0,25.9,24,0.0,73.70833333333333,9,2020,Monsoon
2020-09-10,29.77916666666667,34.3,26.0,24,0.0,71.66666666666667,9,2020,Monsoon
2020-09-11,30.224999999999998,34.8,25.9,24,0.0,68.54166666666667,9,2020,Monsoon
2020-09-12,30.212500000000002,34.7,25.5,24,0.0,69.625,9,2020,Monsoon
2020-09-13,29.941666666666666,33.6,25.9,24,0.0,72.41666666666667,9,2020,Monsoon
2020-09-14,29.791666666666668,33.7,26.5,24,0.6000000000000001,77.20833333333333,9,2020,Monsoon
2020-09-15,30.78333333333333,35.2,26.1,24,0.0,68.58333333333333,9,2020,Monsoon
2020-09-16,31.3875,36.3,26.8,24,0.0,65.08333333333333,9,2020,Monsoon
2020-09-17,31.65833333333333,36.6,27.2,24,0.0,61.125,9,2020,Monsoon
2020-09-18,32.05833333333333,37.3,27.4,24,0.0,57.708333333333336,9,2020,Monsoon
2020-09-19,31.391666666666666,36.2,26.9,24,0.0,63.083333333333336,9,2020,Monsoon
2020-09-20,30.675,36.0,26.4,24,0.0,66.54166666666667,9,2020,Monsoon
2020-09-21,30.854166666666668,35.6,25.1,24,0.0,61.958333333333336,9,2020,Monsoon
2020-09-22,30.2,33.5,26.7,24,5.7,72.54166666666667,9,2020,Monsoon
2020-09-23,29.541666666666668,32.7,26.1,24,2.3,73.08333333333333,9,2020,Monsoon
2020-09-24,29.691666666666666,35.3,25.5,24,0.0,70.125,9,2020,Monsoon
2020-09-25,30.129166666666666,36.5,25.5,24,0.0,61.708333333333336,9,2020,Monsoon
2020-09-26,29.045833333333334,34.5,23.8,24,0.0,57.875,9,2020,Monsoon
2020-09-27,28.78333333333333,34.8,23.7,24,0.0,59.041666666666664,9,2020,Monsoon
2020-09-28,28.370833333333334,34.8,22.6,24,0.0,58.708333333333336,9,2020,Monsoon
2020-09-29,27.833333333333332,34.3,22.1,24,0.0,55.958333333333336,9,2020,Monsoon
2020-09-30,27.616666666666664,34.3,21.4,24,0.0,52.416666666666664,9,2020,Monsoon
2020-10-01,27.808333333333334,35.0,21.2,24,0.0,55.541666666666664,10,2020,Post-monsoon
2020-10-02,27.758333333333336,34.7,20.5,24,0.0,59.916666666666664,10,2020,Post-monsoon
2020-10-03,27.195833333333336,33.7,21.0,24,0.0,56.708333333333336,10,2020,Post-monsoon
2020-10-04,26.304166666666664,33.5,18.7,24,0.0,52.958333333333336,10,2020,Post-monsoon
2020-10-05,26.508333333333336,34.0,19.0,24,0.0,51.458333333333336,10,2020,Post-monsoon
2020-10-06,26.416666666666668,34.1,18.5,24,0.0,53.708333333333336,10,2020,Post-monsoon
2020-10-07,26.337500000000002,34.2,19.8,24,0.0,59.791666666666664,10,2020,Post-monsoon
2020-10-08,25.84166666666667,33.8,18.1,24,0.0,62.375,10,2020,Post-monsoon
2020-10-09,25.9875,33.3,18.2,24,0.0,62.041666666666664,10,2020,Post-monsoon
2020-10-10,26.291666666666668,33.4,19.1,24,0.0,61.75,10,2020,Post-monsoon
2020-10-11,26.6125,33.3,19.8,24,0.0,58.125,10,2020,Post-monsoon
2020-10-12,26.575,32.8,20.0,24,0.0,63.958333333333336,10,2020,Post-monsoon
2020-10-13,27.320833333333336,34.0,21.4,24,0.0,62.625,10,2020,Post-monsoon
2020-10-14,27.47083333333333,33.0,22.5,24,0.0,66.83333333333333,10,2020,Post-monsoon
2020-10-15,26.7625,33.2,21.5,24,0.0,58.125,10,2020,Post-monsoon
2020-10-16,24.695833333333336,32.3,16.8,24,0.0,51.25,10,2020,Post-monsoon
2020-10-17,25.90416666666667,32.5,20.3,24,0.0,49.208333333333336,10,2020,Post-monsoon
2020-10-18,25.712500000000002,33.2,17.8,24,0.0,41.208333333333336,10,2020,Post-monsoon
2020-10-19,24.691666666666666,32.3,17.7,24,0.0,39.083333333333336,10,2020,Post-monsoon
2020-10-20,24.166666666666668,32.8,15.6,24,0.0,39.125,10,2020,Post-monsoon
2020-10-21,25.02916666666667,32.8,17.1,24,0.0,45.375,10,2020,Post-monsoon
2020-10-22,25.84583333333333,32.2,19.0,24,0.0,43.791666666666664,10,2020,Post-monsoon
2020-10-23,24.770833333333332,32.5,17.4,24,0.0,45.791666666666664,10,2020,Post-monsoon
2020-10-24,24.4875,32.4,18.0,24,0.0,44.375,10,2020,Post-monsoon
2020-10-25,24.833333333333332,32.8,16.5,24,0.0,45.041666666666664,10,2020,Post-monsoon
2020-10-26,24.775000000000002,32.2,17.6,24,0.0,43.833333333333336,10,2020,Post-monsoon
2020-10-27,22.879166666666666,30.8,15.8,24,0.0,35.458333333333336,10,2020,Post-monsoon
2020-10-28,23.05,30.2,13.8,24,0.0,39.5,10,2020,Post-monsoon
2020-10-29,23.566666666666666,30.2,14.1,24,0.0,46.291666666666664,10,2020,Post-monsoon
2020-10-30,22.087500000000002,30.0,13.9,24,0.0,47.458333333333336,10,2020,Post-monsoon
2020-10-31,21.8625,30.1,14.9,24,0.0,39.375,10,2020,Post-monsoon
2020-11-01,21.354166666666668,29.0,13.9,24,0.0,30.458333333333332,11,2020,Post-monsoon
2020-11-02,21.662499999999998,29.4,12.7,24,0.0,29.875,11,2020,Post-monsoon
2020-11-03,21.279166666666665,29.5,11.2,24,0.0,34.083333333333336,11,2020,Post-monsoon
2020-11-04,21.083333333333332,29.0,12.9,24,0.0,40.416666666666664,11,2020,Post-monsoon
2020-11-05,22.504166666666666,30.1,13.2,24,0.0,40.25,11,2020,Post-monsoon
2020-11-06,21.425,30.2,12.2,24,0.0,44.333333333333336,11,2020,Post-monsoon
2020-11-07,21.0625,29.5,12.6,24,0.0,43.416666666666664,11,2020,Post-monsoon
2020-11-08,20.695833333333333,29.2,11.9,24,0.0,48.875,11,2020,Post-monsoon
2020-11-09,20.641666666666666,28.6,12.7,24,0.0,54.0,11,2020,Post-monsoon
2020-11-10,20.741666666666667,27.7,14.4,24,0.0,59.25,11,2020,Post-monsoon
2020-11-11,20.533333333333335,27.7,14.4,24,0.0,62.916666666666664,11,2020,Post-monsoon
2020-11-12,20.920833333333334,27.2,13.4,24,0.0,58.125,11,2020,Post-monsoon
2020-11-13,20.808333333333334,27.1,13.4,24,0.0,54.0,11,2020,Post-monsoon
2020-11-14,20.333333333333332,27.9,12.9,24,0.0,55.25,11,2020,Post-monsoon
2020-11-15,21.125,29.2,15.8,24,6.4,61.25,11,2020,Post-monsoon
2020-11-16,19.579166666666666,25.1,16.2,24,8.0,78.33333333333333,11,2020,Post-monsoon
2020-11-17,18.6375,24.1,14.2,24,0.0,73.25,11,2020,Post-monsoon
2020-11-18,17.712500000000002,23.8,12.8,24,0.0,68.08333333333333,11,2020,Post-monsoon
2020-11-19,17.133333333333333,23.2,12.6,24,0.0,62.833333333333336,11,2020,Post-monsoon
2020-11-20,16.470833333333335,23.6,11.2,24,0.0,57.375,11,2020,Post-monsoon
2020-11-21,16.266666666666666,22.7,11.5,24,0.0,52.708333333333336,11,2020,Post-monsoon
2020-11-22,15.658333333333333,22.6,9.9,24,0.0,53.416666666666664,11,2020,Post-monsoon
2020-11-23,15.7125,23.1,8.3,24,0.0,58.875,11,2020,Post-monsoon
2020-11-24,15.966666666666667,23.0,9.4,24,0.0,63.125,11,2020,Post-monsoon
2020-11-25,16.9375,22.1,13.3,24,0.0,63.958333333333336,11,2020,Post-monsoon
2020-11-26,17.254166666666666,22.5,13.7,24,0.5,68.33333333333333,11,2020,Post-monsoon
2020-11-27,17.224999999999998,24.1,11.9,24,0.0,67.20833333333333,11,2020,Post-monsoon
2020-11-28,16.291666666666668,23.8,10.9,24,0.0,63.833333333333336,11,2020,Post-monsoon
2020-11-29,15.391666666666666,23.4,9.2,24,0.0,64.75,11,2020,Post-monsoon
2020-11-30,15.920833333333333,24.0,9.0,24,0.0,66.70833333333333,11,2020,Post-monsoon
2020-12-01,16.391666666666666,24.5,9.2,24,0.0,70.20833333333333,12,2020,Winter
2020-12-02,17.433333333333334,25.6,9.9,24,0.0,67.58333333333333,12,2020,Winter
2020-12-03,18.349999999999998,25.5,10.9,24,0.0,65.54166666666667,12,2020,Winter
2020-12-04,18.429166666666667,26.8,11.4,24,0.0,65.54166666666667,12,2020,Winter
2020-12-05,18.833333333333332,26.5,13.1,24,0.0,68.25,12,2020,Winter
2020-12-06,18.795833333333334,26.7,13.6,24,0.0,72.54166666666667,12,2020,Winter
2020-12-07,18.2375,26.0,12.8,24,0.0,75.20833333333333,12,2020,Winter
2020-12-08,18.05,25.5,11.6,24,0.0,74.04166666666667,12,2020,Winter
2020-12-09,19.129166666666666,26.0,11.6,24,0.0,68.83333333333333,12,2020,Winter
2020-12-10,18.483333333333334,26.2,13.1,24,0.0,69.29166666666667,12,2020,Winter
2020-12-11,18.908333333333335,25.4,13.5,24,0.2,70.33333333333333,12,2020,Winter
2020-12-12,17.849999999999998,22.9,14.6,24,0.6,82.125,12,2020,Winter
2020-12-13,14.904166666666667,21.0,10.6,24,0.0,68.33333333333333,12,2020,Winter
2020-12-14,12.479166666666666,19.8,7.8,24,0.0,71.33333333333333,12,2020,Winter
2020-12-15,11.204166666666666,18.5,5.9,24,0.0,72.25,12,2020,Winter
2020-12-16,11.320833333333333,18.8,6.0,24,0.0,70.95833333333333,12,2020,Winter
2020-12-17,10.070833333333333,16.4,4.9,24,0.0,65.58333333333333,12,2020,Winter
2020-12-18,10.908333333333333,17.9,5.6,24,0.0,58.416666666666664,12,2020,Winter
2020-12-19,12.033333333333333,19.7,5.8,24,0.0,60.083333333333336,12,2020,Winter
2020-12-20,13.291666666666666,20.9,7.1,24,0.0,61.791666666666664,12,2020,Winter
2020-12-21,13.154166666666667,19.6,7.8,24,0.0,70.5,12,2020,Winter
2020-12-22,14.058333333333332,21.0,7.3,24,0.0,71.66666666666667,12,2020,Winter
2020-12-23,13.8125,21.2,6.2,24,0.0,72.95833333333333,12,2020,Winter
2020-12-24,12.987499999999999,21.1,5.2,24,0.0,70.0,12,2020,Winter
2020-12-25,12.520833333333334,20.5,5.2,24,0.0,70.75,12,2020,Winter
2020-12-26,12.383333333333333,19.5,5.4,24,0.0,73.04166666666667,12,2020,Winter
2020-12-27,14.4,21.6,8.6,24,0.1,67.08333333333333,12,2020,Winter
2020-12-28,11.416666666666666,17.4,5.9,24,0.0,56.833333333333336,12,2020,Winter
2020-12-29,9.854166666666666,16.2,4.9,24,0.0,69.91666666666667,12,2020,Winter
2020-12-30,9.3125,16.2,4.3,24,0.0,79.41666666666667,12,2020,Winter
2020-12-31,9.4375,16.5,3.8,24,0.0,82.20833333333333,12,2020,Winter
2021-01-01,9.904166666666667,17.5,2.6,24,0.0,79.875,1,2021,Winter
2021-01-02,13.612499999999999,18.5,9.6,24,2.8,73.58333333333333,1,2021,Winter
2021-01-03,15.875,21.0,12.1,24,11.6,83.875,1,2021,Winter
2021-01-04,16.779166666666665,22.2,13.1,24,6.0,88.125,1,2021,Winter
2021-01-05,17.3875,21.1,14.3,24,4.1000000000000005,84.875,1,2021,Winter
2021-01-06,17.291666666666668,21.3,14.6,24,1.7,87.58333333333333,1,2021,Winter
2021-01-07,14.695833333333333,19.5,10.5,24,0.0,86.45833333333333,1,2021,Winter
2021-01-08,12.691666666666668,18.7,8.2,24,0.0,89.04166666666667,1,2021,Winter
2021-01-09,14.591666666666667,19.6,10.4,24,0.0,82.125,1,2021,Winter
2021-01-10,11.858333333333334,17.2,8.4,24,0.0,77.08333333333333,1,2021,Winter
2021-01-11,11.125,17.6,6.9,24,0.0,82.83333333333333,1,2021,Winter
2021-01-12,10.6625,18.0,5.9,24,0.0,81.83333333333333,1,2021,Winter
2021-01-13,10.108333333333333,18.1,5.0,24,0.0,81.375,1,2021,Winter
2021-01-14,10.183333333333334,18.1,3.9,24,0.0,84.08333333333333,1,2021,Winter
2021-01-15,11.166666666666666,18.5,6.6,24,0.0,87.41666666666667,1,2021,Winter
2021-01-16,8.983333333333333,16.4,4.3,24,0.0,91.0,1,2021,Winter
2021-01-17,10.791666666666666,18.3,5.4,24,0.0,85.58333333333333,1,2021,Winter
2021-01-18,13.275,17.4,10.2,24,4.2,85.75,1,2021,Winter
2021-01-19,13.933333333333332,20.5,8.8,24,0.0,89.0,1,2021,Winter
2021-01-20,13.875,19.7,9.6,24,0.0,85.70833333333333,1,2021,Winter
2021-01-21,12.904166666666667,19.9,8.9,24,0.0,79.95833333333333,1,2021,Winter
2021-01-22,12.445833333333333,20.6,5.9,24,0.0,80.5,1,2021,Winter
2021-01-23,13.975,20.8,8.7,24,0.0,79.45833333333333,1,2021,Winter
2021-01-24,12.5625,18.7,8.4,24,0.0,81.5,1,2021,Winter
2021-01-25,10.875,18.2,5.4,24,0.0,83.875,1,2021,Winter
2021-01-26,10.854166666666666,18.0,5.8,24,0.0,80.70833333333333,1,2021,Winter
2021-01-27,10.8125,18.5,5.8,24,0.0,77.58333333333333,1,2021,Winter
2021-01-28,10.012500000000001,17.8,3.8,24,0.0,80.54166666666667,1,2021,Winter
2021-01-29,10.808333333333332,18.4,4.8,24,0.0,77.33333333333333,1,2021,Winter
2021-01-30,11.275,18.6,6.0,24,0.0,73.25,1,2021,Winter
2021-01-31,11.737499999999999,19.9,3.3,24,0.0,71.08333333333333,1,2021,Winter
2021-02-01,13.004166666666668,21.5,6.6,24,0.0,78.58333333333333,2,2021,Winter
2021-02-02,14.045833333333334,22.4,5.8,24,0.0,77.58333333333333,2,2021,Winter
2021-02-03,16.7,23.1,11.6,24,0.6000000000000001,75.83333333333333,2,2021,Winter
2021-02-04,15.1625,20.6,10.4,24,14.2,81.95833333333333,2,2021,Winter
2021-02-05,13.012500000000001,19.3,7.8,24,0.0,84.625,2,2021,Winter
2021-02-06,13.637500000000001,19.6,8.4,24,0.0,75.08333333333333,2,2021,Winter
2021-02-07,14.104166666666666,20.9,9.1,24,0.0,75.25,2,2021,Winter
2021-02-08,14.1625,22.0,7.3,24,0.0,80.04166666666667,2,2021,Winter
2021-02-09,15.6875,23.5,8.4,24,0.0,75.625,2,2021,Winter
2021-02-10,16.920833333333334,24.1,11.2,24,0.0,77.79166666666667,2,2021,Winter
2021-02-11,15.9375,23.2,9.5,24,0.0,81.375,2,2021,Winter
2021-02-12,16.395833333333332,23.5,10.8,24,0.0,81.75,2,2021,Winter
2021-02-13,16.041666666666668,23.1,10.9,24,0.0,84.83333333333333,2,2021,Winter
2021-02-14,16.679166666666667,24.4,9.8,24,0.0,78.79166666666667,2,2021,Winter
2021-02-15,17.795833333333334,25.9,11.1,24,0.0,77.41666666666667,2,2021,Winter
2021-02-16,17.833333333333332,25.5,11.9,24,0.0,77.45833333333333,2,2021,Winter
2021-02-17,16.983333333333334,24.1,10.9,24,0.0,78.29166666666667,2,2021,Winter
2021-02-18,16.779166666666665,24.0,9.6,24,0.0,80.375,2,2021,Winter
2021-02-19,16.816666666666666,24.2,10.4,24,0.0,80.79166666666667,2,2021,Winter
2021-02-20,16.7625,24.6,10.2,24,0.0,76.58333333333333,2,2021,Winter
2021-02-21,17.48333333333333,25.0,10.6,24,0.0,74.16666666666667,2,2021,Winter
2021-02-22,18.325,26.5,11.3,24,0.0,72.375,2,2021,Winter
2021-02-23,19.283333333333335,28.1,11.1,24,0.0,70.08333333333333,2,2021,Winter
2021-02-24,20.183333333333334,28.9,12.6,24,0.0,71.29166666666667,2,2021,Winter
2021-02-25,20.933333333333334,29.0,12.6,24,0.0,68.16666666666667,2,2021,Winter
2021-02-26,21.829166666666666,29.8,14.5,24,0.0,66.45833333333333,2,2021,Winter
2021-02-27,22.34166666666667,29.1,17.0,24,0.0,54.125,2,2021,Winter
2021-02-28,21.204166666666666,28.6,16.3,24,0.0,55.0,2,2021,Winter
2021-03-01,19.345833333333335,26.5,13.2,24,0.0,52.291666666666664,3,2021,Summer
2021-03-02,19.729166666666668,26.7,14.1,24,0.0,45.041666666666664,3,2021,Summer
2021-03-03,20.829166666666666,28.5,14.3,24,0.0,46.583333333333336,3,2021,Summer
2021-03-04,21.0125,29.8,12.6,24,0.0,59.416666666666664,3,2021,Summer
2021-03-05,21.525000000000002,29.1,14.9,24,0.0,50.208333333333336,3,2021,Summer
2021-03-06,21.666666666666668,29.9,14.7,24,0.0,48.958333333333336,3,2021,Summer
2021-03-07,23.891666666666666,32.4,14.5,24,0.0,48.125,3,2021,Summer
2021-03-08,24.3625,30.5,19.2,24,0.0,53.0,3,2021,Summer
2021-03-09,24.05,31.1,17.6,24,0.0,63.583333333333336,3,2021,Summer
2021-03-10,22.891666666666666,30.0,17.4,24,0.2,67.58333333333333,3,2021,Summer
2021-03-11,23.695833333333336,31.6,16.0,24,0.0,59.0,3,2021,Summer
2021-03-12,22.5625,28.9,17.5,24,0.0,58.708333333333336,3,2021,Summer
2021-03-13,22.245833333333334,29.5,14.9,24,0.0,66.08333333333333,3,2021,Summer
2021-03-14,22.287499999999998,29.5,15.2,24,0.0,54.375,3,2021,Summer
2021-03-15,23.208333333333332,31.0,16.7,24,0.0,54.958333333333336,3,2021,Summer
2021-03-16,23.625,31.5,16.4,24,0.0,50.791666666666664,3,2021,Summer
2021-03-17,25.104166666666668,32.9,17.5,24,0.0,42.416666666666664,3,2021,Summer
2021-03-18,24.78333333333333,33.1,17.5,24,0.0,46.75,3,2021,Summer
2021-03-19,24.683333333333334,32.3,19.5,24,0.0,50.583333333333336,3,2021,Summer
2021-03-20,24.941666666666666,32.5,17.6,24,0.0,43.833333333333336,3,2021,Summer
2021-03-21,25.78333333333333,33.7,18.0,24,0.0,42.416666666666664,3,2021,Summer
2021-03-22,25.008333333333336,33.2,18.9,24,0.0,48.083333333333336,3,2021,Summer
2021-03-23,24.65833333333333,32.3,20.1,24,0.5,48.75,3,2021,Summer
2021-03-24,24.391666666666666,31.1,16.9,24,0.0,43.5,3,2021,Summer
2021-03-25,23.520833333333332,30.5,16.7,24,0.0,40.458333333333336,3,2021,Summer
2021-03-26,23.633333333333336,30.9,16.2,24,0.0,46.333333333333336,3,2021,Summer
2021-03-27,25.570833333333336,32.8,17.8,24,0.0,45.583333333333336,3,2021,Summer
2021-03-28,27.900000000000002,35.4,18.6,24,0.0,43.25,3,2021,Summer
2021-03-29,29.2625,37.7,21.6,24,0.0,37.458333333333336,3,2021,Summer
2021-03-30,30.15833333333333,36.7,23.2,24,0.0,30.083333333333332,3,2021,Summer
2021-03-31,27.65833333333333,34.2,21.9,24,0.0,22.5,3,2021,Summer
2021-04-01,26.150000000000002,33.7,19.0,24,0.0,15.625,4,2021,Summer
2021-04-02,25.254166666666666,33.2,17.3,24,0.0,16.625,4,2021,Summer
2021-04-03,25.15833333333333,33.8,16.9,24,0.0,19.041666666666668,4,2021,Summer
2021-04-04,26.545833333333334,35.1,17.0,24,0.0,21.833333333333332,4,2021,Summer
2021-04-05,29.379166666666666,38.0,19.5,24,0.0,25.916666666666668,4,2021,Summer
2021-04-06,30.120833333333334,37.7,22.6,24,0.0,28.916666666666668,4,2021,Summer
2021-04-07,28.650000000000002,35.5,21.5,24,0.0,30.583333333333332,4,2021,Summer
2021-04-08,27.133333333333336,34.0,20.5,24,0.0,24.708333333333332,4,2021,Summer
2021-04-09,26.929166666666664,35.2,18.5,24,0.0,21.416666666666668,4,2021,Summer
2021-04-10,28.224999999999998,36.2,19.4,24,0.0,18.291666666666668,4,2021,Summer
2021-04-11,29.129166666666666,37.3,20.2,24,0.0,19.625,4,2021,Summer
2021-04-12,29.895833333333332,38.0,20.8,24,0.0,19.416666666666668,4,2021,Summer
2021-04-13,30.287499999999998,37.8,22.0,24,0.0,21.625,4,2021,Summer
2021-04-14,30.6375,38.8,22.0,24,0.0,22.041666666666668,4,2021,Summer
2021-04-15,30.9875,38.8,23.0,24,0.0,19.0,4,2021,Summer
2021-04-16,29.429166666666664,38.8,22.5,24,2.6,32.958333333333336,4,2021,Summer
2021-04-17,27.462500000000002,34.2,19.6,24,0.0,44.291666666666664,4,2021,Summer
2021-04-18,28.883333333333336,35.3,21.3,24,0.0,29.041666666666668,4,2021,Summer
2021-04-19,29.46666666666667,37.1,21.4,24,0.0,28.875,4,2021,Summer
2021-04-20,27.695833333333336,33.9,22.4,24,0.0,28.833333333333332,4,2021,Summer
2021-04-21,26.25,31.9,19.0,24,0.0,40.541666666666664,4,2021,Summer
2021-04-22,26.516666666666666,33.0,19.8,24,0.0,42.5,4,2021,Summer
2021-04-23,27.708333333333332,34.3,22.5,24,0.0,35.208333333333336,4,2021,Summer
2021-04-24,26.495833333333334,33.6,18.9,24,0.0,35.625,4,2021,Summer
2021-04-25,28.6875,36.7,21.0,24,0.0,27.125,4,2021,Summer
2021-04-26,30.037499999999998,38.8,20.9,24,0.0,23.875,4,2021,Summer
2021-04-27,32.7875,41.0,23.4,24,0.0,21.708333333333332,4,2021,Summer
2021-04-28,33.824999999999996,41.5,24.2,24,0.0,19.333333333333332,4,2021,Summer
2021-04-29,33.3125,40.7,25.5,24,0.0,21.041666666666668,4,2021,Summer
2021-04-30,32.19583333333333,39.7,24.6,24,0.0,27.833333333333332,4,2021,Summer
2021-05-01,32.22083333333333,39.4,24.9,24,0.0,29.875,5,2021,Summer
2021-05-02,31.958333333333332,38.9,26.1,24,0.0,30.166666666666668,5,2021,Summer
2021-05-03,31.704166666666666,37.0,25.2,24,0.0,30.708333333333332,5,2021,Summer
2021-05-04,32.791666666666664,40.0,26.1,24,0.0,29.916666666666668,5,2021,Summer
2021-05-05,31.495833333333334,38.6,26.1,24,0.3,39.125,5,2021,Summer
2021-05-06,29.25,38.7,24.0,24,6.1,52.625,5,2021,Summer
2021-05-07,28.258333333333336,36.2,21.7,24,4.1,56.0,5,2021,Summer
2021-05-08,31.066666666666666,37.4,23.6,24,0.0,38.875,5,2021,Summer
2021-05-09,31.03333333333333,37.9,25.2,24,0.0,39.708333333333336,5,2021,Summer
2021-05-10,30.52916666666667,36.2,25.0,24,0.4,42.0,5,2021,Summer
2021-05-11,31.241666666666664,38.4,25.0,24,0.1,40.666666666666664,5,2021,Summer
2021-05-12,29.8,35.4,24.2,24,0.4,45.291666666666664,5,2021,Summer
2021-05-13,27.34166666666667,31.6,22.2,24,1.5000000000000002,58.333333333333336,5,2021,Summer
2021-05-14,29.579166666666666,36.5,22.7,24,0.0,46.791666666666664,5,2021,Summer
2021-05-15,30.208333333333332,35.7,24.7,24,0.0,41.125,5,2021,Summer
2021-05-16,31.633333333333336,38.6,23.8,24,0.0,37.375,5,2021,Summer
2021-05-17,32.324999999999996,37.3,26.5,24,0.0,34.625,5,2021,Summer
2021-05-18,27.116666666666664,29.9,24.5,24,1.1,53.916666666666664,5,2021,Summer
2021-05-19,21.683333333333334,24.3,20.8,24,98.7,87.25,5,2021,Summer
2021-05-20,24.22083333333333,29.2,20.4,24,31.5,76.70833333333333,5,2021,Summer
2021-05-21,26.116666666666664,31.6,20.8,24,2.3000000000000003,76.16666666666667,5,2021,Summer
2021-05-22,28.55,33.4,23.8,24,0.0,65.625,5,2021,Summer
2021-05-23,28.44583333333333,33.8,22.8,24,0.0,55.875,5,2021,Summer
2021-05-24,28.770833333333332,35.2,22.8,24,0.0,41.541666666666664,5,2021,Summer
2021-05-25,30.15833333333333,37.0,24.9,24,0.0,34.916666666666664,5,2021,Summer
2021-05-26,30.224999999999998,37.3,23.4,24,0.0,34.916666666666664,5,2021,Summer
2021-05-27,30.162499999999998,37.7,23.0,24,0.0,44.0,5,2021,Summer
2021-05-28,30.366666666666664,36.7,24.5,24,0.0,59.083333333333336,5,2021,Summer
2021-05-29,31.116666666666664,37.1,26.2,24,0.0,55.541666666666664,5,2021,Summer
2021-05-30,30.333333333333332,36.5,25.3,24,2.2,62.791666666666664,5,2021,Summer
2021-05-31,31.625,36.8,26.3,24,0.1,59.375,5,2021,Summer
2021-06-01,28.958333333333332,34.3,22.5,24,0.5,65.5,6,2021,Monsoon
2021-06-02,29.308333333333334,34.8,23.5,24,5.4,64.25,6,2021,Monsoon
2021-06-03,30.304166666666664,35.2,25.2,24,0.0,58.75,6,2021,Monsoon
2021-06-04,30.275000000000002,36.0,25.2,24,0.1,62.208333333333336,6,2021,Monsoon
2021-06-05,30.55,36.2,25.4,24,0.0,60.416666666666664,6,2021,Monsoon
2021-06-06,31.754166666666666,37.5,25.9,24,0.0,53.125,6,2021,Monsoon
2021-06-07,32.670833333333334,39.1,26.7,24,0.0,50.333333333333336,6,2021,Monsoon
2021-06-08,35.0375,40.8,29.0,24,0.0,38.75,6,2021,Monsoon
2021-06-09,35.958333333333336,41.4,31.2,24,0.0,37.875,6,2021,Monsoon
2021-06-10,32.983333333333334,38.1,29.8,24,0.0,58.25,6,2021,Monsoon
2021-06-11,32.15416666666667,37.3,27.4,24,0.0,59.291666666666664,6,2021,Monsoon
2021-06-12,32.387499999999996,37.8,28.7,24,0.0,58.875,6,2021,Monsoon
2021-06-13,30.733333333333334,36.7,25.5,24,7.199999999999999,67.16666666666667,6,2021,Monsoon
2021-06-14,31.34583333333333,36.5,26.2,24,0.0,60.625,6,2021,Monsoon
2021-06-15,30.733333333333334,37.1,26.3,24,6.5,63.75,6,2021,Monsoon
2021-06-16,29.47083333333333,34.9,25.8,24,0.9,71.41666666666667,6,2021,Monsoon
2021-06-17,30.204166666666666,35.5,26.2,24,0.3,68.41666666666667,6,2021,Monsoon
2021-06-18,29.308333333333334,33.7,25.8,24,0.7000000000000001,69.5,6,2021,Monsoon
2021-06-19,28.429166666666664,33.3,25.0,24,0.2,72.29166666666667,6,2021,Monsoon
2021-06-20,28.858333333333334,33.3,25.1,24,1.1,73.41666666666667,6,2021,Monsoon
2021-06-21,30.691666666666666,36.0,25.2,24,0.1,64.375,6,2021,Monsoon
2021-06-22,33.49166666666667,39.2,28.4,24,0.0,47.875,6,2021,Monsoon
2021-06-23,34.475,40.2,28.8,24,0.0,42.833333333333336,6,2021,Monsoon
2021-06-24,32.625,38.5,28.5,24,0.0,57.875,6,2021,Monsoon
2021-06-25,32.612500000000004,39.5,28.4,24,1.6,58.041666666666664,6,2021,Monsoon
2021-06-26,32.137499999999996,38.1,26.6,24,0.0,56.708333333333336,6,2021,Monsoon
2021-06-27,33.55416666666667,38.6,28.7,24,0.0,53.625,6,2021,Monsoon
2021-06-28,34.4125,39.9,28.6,24,0.0,48.791666666666664,6,2021,Monsoon
2021-06-29,36.083333333333336,42.2,29.4,24,0.0,37.958333333333336,6,2021,Monsoon
2021-06-30,36.68333333333333,43.3,30.1,24,0.0,30.416666666666668,6,2021,Monsoon
2021-07-01,36.94583333333333,41.8,32.2,24,0.0,33.166666666666664,7,2021,Monsoon
2021-07-02,35.55,41.8,31.1,24,0.1,42.083333333333336,7,2021,Monsoon
2021-07-03,33.104166666666664,39.2,29.5,24,0.0,51.208333333333336,7,2021,Monsoon
2021-07-04,34.13333333333333,40.2,28.5,24,0.0,48.333333333333336,7,2021,Monsoon
2021-07-05,34.641666666666666,39.6,29.3,24,0.1,46.125,7,2021,Monsoon
2021-07-06,35.233333333333334,39.9,29.5,24,0.0,44.666666666666664,7,2021,Monsoon
2021-07-07,36.166666666666664,41.3,31.4,24,0.0,40.291666666666664,7,2021,Monsoon
2021-07-08,36.025,40.3,32.0,24,0.0,39.208333333333336,7,2021,Monsoon
2021-07-09,33.25833333333333,38.5,28.3,24,0.2,57.416666666666664,7,2021,Monsoon
2021-07-10,33.61666666666667,38.2,29.6,24,1.7,57.625,7,2021,Monsoon
2021-07-11,32.483333333333334,37.0,29.1,24,2.9,62.916666666666664,7,2021,Monsoon
2021-07-12,30.754166666666666,34.8,28.0,24,3.3,68.04166666666667,7,2021,Monsoon
2021-07-13,29.837500000000002,33.5,27.2,24,6.6,76.95833333333333,7,2021,Monsoon
2021-07-14,29.099999999999998,32.5,27.0,24,12.200000000000001,81.875,7,2021,Monsoon
2021-07-15,30.441666666666666,34.7,27.0,24,3.1,76.66666666666667,7,2021,Monsoon
2021-07-16,31.004166666666666,34.5,27.6,24,3.3000000000000003,74.875,7,2021,Monsoon
2021-07-17,32.81666666666667,36.9,28.8,24,0.5,67.08333333333333,7,2021,Monsoon
2021-07-18,30.325,35.6,27.2,24,27.8,80.08333333333333,7,2021,Monsoon
2021-07-19,26.308333333333334,27.2,25.8,24,123.1,95.91666666666667,7,2021,Monsoon
2021-07-20,27.8,30.7,25.8,24,25.5,88.5,7,2021,Monsoon
2021-07-21,28.837500000000002,32.8,25.8,24,6.1,84.625,7,2021,Monsoon
2021-07-22,28.170833333333334,31.0,25.7,24,5.800000000000001,85.75,7,2021,Monsoon
2021-07-23,28.929166666666664,32.0,25.9,24,6.6,84.875,7,2021,Monsoon
2021-07-24,30.358333333333334,33.8,26.8,24,0.9,80.875,7,2021,Monsoon
2021-07-25,31.016666666666666,34.4,27.4,24,0.0,77.375,7,2021,Monsoon
2021-07-26,29.03333333333333,30.7,27.9,24,4.9,84.95833333333333,7,2021,Monsoon
2021-07-27,28.241666666666664,31.4,26.9,24,14.200000000000001,88.75,7,2021,Monsoon
2021-07-28,27.170833333333334,29.2,26.0,24,18.7,89.91666666666667,7,2021,Monsoon
2021-07-29,27.295833333333334,29.4,25.5,24,5.3,89.0,7,2021,Monsoon
2021-07-30,27.520833333333332,30.6,25.8,24,11.3,87.70833333333333,7,2021,Monsoon
2021-07-31,28.325,31.8,25.4,24,4.4,86.04166666666667,7,2021,Monsoon
2021-08-01,29.1875,32.5,26.6,24,1.9,82.83333333333333,8,2021,Monsoon
2021-08-02,28.09583333333333,30.9,26.0,24,16.4,87.25,8,2021,Monsoon
2021-08-03,28.804166666666664,31.6,26.1,24,6.3,84.875,8,2021,Monsoon
2021-08-04,29.037499999999998,32.8,26.1,24,0.0,78.08333333333333,8,2021,Monsoon
2021-08-05,29.337500000000002,32.8,26.0,24,1.9,79.95833333333333,8,2021,Monsoon
2021-08-06,29.766666666666666,32.5,26.2,24,7.7,80.66666666666667,8,2021,Monsoon
2021-08-07,28.758333333333336,32.8,27.0,24,10.6,87.58333333333333,8,2021,Monsoon
2021-08-08,28.483333333333334,31.9,26.5,24,7.3999999999999995,87.79166666666667,8,2021,Monsoon
2021-08-09,28.708333333333332,31.8,26.5,24,1.3,85.75,8,2021,Monsoon
2021-08-10,30.066666666666666,34.8,26.3,24,0.5,77.125,8,2021,Monsoon
2021-08-11,30.670833333333334,35.2,28.1,24,0.0,63.666666666666664,8,2021,Monsoon
2021-08-12,30.275000000000002,34.8,26.6,24,0.0,65.95833333333333,8,2021,Monsoon
2021-08-13,30.6125,35.3,27.0,24,0.0,64.54166666666667,8,2021,Monsoon
2021-08-14,30.65833333333333,35.3,27.1,24,0.0,63.458333333333336,8,2021,Monsoon
2021-08-15,30.416666666666668,34.8,26.5,24,0.0,64.16666666666667,8,2021,Monsoon
2021-08-16,30.441666666666666,35.3,26.6,24,0.0,66.375,8,2021,Monsoon
2021-08-17,30.854166666666668,35.7,26.5,24,0.0,68.08333333333333,8,2021,Monsoon
2021-08-18,31.1375,35.5,26.5,24,0.0,67.625,8,2021,Monsoon
2021-08-19,30.925,34.5,27.2,24,0.7000000000000001,73.75,8,2021,Monsoon
2021-08-20,28.120833333333334,30.0,26.6,24,1.8,84.95833333333333,8,2021,Monsoon
2021-08-21,26.820833333333336,29.0,25.0,24,30.0,90.75,8,2021,Monsoon
2021-08-22,27.6125,31.1,24.9,24,9.6,88.41666666666667,8,2021,Monsoon
2021-08-23,28.629166666666666,31.6,26.0,24,4.3,86.875,8,2021,Monsoon
2021-08-24,29.045833333333334,32.2,26.5,24,1.8,87.125,8,2021,Monsoon
2021-08-25,30.44583333333333,34.3,27.9,24,0.0,67.91666666666667,8,2021,Monsoon
2021-08-26,29.795833333333334,33.8,27.3,24,0.0,66.33333333333333,8,2021,Monsoon
2021-08-27,29.708333333333332,34.2,25.6,24,0.0,66.83333333333333,8,2021,Monsoon
2021-08-28,29.525000000000002,33.5,26.6,24,0.1,73.66666666666667,8,2021,Monsoon
2021-08-29,28.741666666666664,32.8,25.9,24,2.1,84.04166666666667,8,2021,Monsoon
2021-08-30,27.6875,31.0,25.3,24,1.3,84.16666666666667,8,2021,Monsoon
2021-08-31,27.208333333333332,30.4,24.7,24,2.3,85.375,8,2021,Monsoon
2021-09-01,26.570833333333336,30.0,24.3,24,12.4,89.70833333333333,9,2021,Monsoon
2021-09-02,27.912499999999998,31.9,24.7,24,0.6000000000000001,86.83333333333333,9,2021,Monsoon
2021-09-03,27.479166666666668,31.1,25.2,24,8.1,88.08333333333333,9,2021,Monsoon
2021-09-04,27.383333333333336,30.4,25.2,24,2.6,89.95833333333333,9,2021,Monsoon
2021-09-05,28.241666666666664,31.5,25.4,24,5.1,86.58333333333333,9,2021,Monsoon
2021-09-06,29.162499999999998,32.4,25.9,24,2.1,84.16666666666667,9,2021,Monsoon
2021-09-07,28.3,31.0,26.1,24,6.4,86.66666666666667,9,2021,Monsoon
2021-09-08,28.2625,30.8,26.3,24,2.0,78.70833333333333,9,2021,Monsoon
2021-09-09,27.866666666666664,31.1,25.4,24,2.6,83.95833333333333,9,2021,Monsoon
2021-09-10,27.27916666666667,30.1,25.0,24,11.0,86.04166666666667,9,2021,Monsoon
2021-09-11,26.204166666666666,29.0,24.0,24,14.8,88.83333333333333,9,2021,Monsoon
2021-09-12,26.575,28.9,24.7,24,10.9,90.41666666666667,9,2021,Monsoon
2021-09-13,27.866666666666664,32.0,25.6,24,10.100000000000001,87.41666666666667,9,2021,Monsoon
2021-09-14,28.304166666666664,31.4,25.7,24,0.4,81.625,9,2021,Monsoon
2021-09-15,28.429166666666664,32.1,25.6,24,0.0,77.70833333333333,9,2021,Monsoon
2021-09-16,28.224999999999998,33.0,25.9,24,2.8,75.54166666666667,9,2021,Monsoon
2021-09-17,26.866666666666664,29.1,23.5,24,1.6,75.375,9,2021,Monsoon
2021-09-18,27.433333333333334,31.5,24.2,24,0.1,79.875,9,2021,Monsoon
2021-09-19,28.21666666666667,32.1,25.1,24,0.30000000000000004,80.41666666666667,9,2021,Monsoon
2021-09-20,28.3625,32.4,24.9,24,0.8,80.75,9,2021,Monsoon
2021-09-21,28.004166666666666,31.1,26.0,24,1.6,83.0,9,2021,Monsoon
2021-09-22,26.441666666666666,29.8,24.5,24,19.4,89.79166666666667,9,2021,Monsoon
2021-09-23,26.691666666666666,29.4,24.5,24,7.2,88.25,9,2021,Monsoon
2021-09-24,27.058333333333334,31.1,24.6,24,2.8,84.29166666666667,9,2021,Monsoon
2021-09-25,27.270833333333332,30.8,24.5,24,2.3000000000000003,85.04166666666667,9,2021,Monsoon
2021-09-26,26.879166666666666,30.5,24.0,24,1.2,85.16666666666667,9,2021,Monsoon
2021-09-27,28.21666666666667,32.2,24.5,24,0.2,80.54166666666667,9,2021,Monsoon
2021-09-28,28.25833333333333,31.9,25.6,24,2.9,80.875,9,2021,Monsoon
2021-09-29,28.416666666666668,31.9,25.2,24,0.30000000000000004,78.25,9,2021,Monsoon
2021-09-30,28.395833333333332,31.9,25.3,24,0.30000000000000004,80.75,9,2021,Monsoon
2021-10-01,28.75833333333333,32.5,25.4,24,0.1,81.33333333333333,10,2021,Post-monsoon
2021-10-02,29.008333333333336,33.3,25.5,24,0.2,77.375,10,2021,Post-monsoon
2021-10-03,29.224999999999998,34.0,25.6,24,0.2,73.45833333333333,10,2021,Post-monsoon
2021-10-04,29.287499999999998,33.2,25.6,24,0.1,67.79166666666667,10,2021,Post-monsoon
2021-10-05,28.266666666666666,32.7,24.5,24,3.1,77.5,10,2021,Post-monsoon
2021-10-06,28.25,32.7,24.8,24,0.0,76.16666666666667,10,2021,Post-monsoon
2021-10-07,27.400000000000002,32.7,22.8,24,0.0,70.375,10,2021,Post-monsoon
2021-10-08,27.579166666666666,33.5,22.9,24,0.0,68.45833333333333,10,2021,Post-monsoon
2021-10-09,27.8625,34.4,22.1,24,0.0,66.125,10,2021,Post-monsoon
2021-10-10,28.066666666666666,35.0,21.6,24,0.0,66.29166666666667,10,2021,Post-monsoon
2021-10-11,27.758333333333336,35.0,21.9,24,0.0,62.333333333333336,10,2021,Post-monsoon
2021-10-12,27.537499999999998,34.5,22.4,24,0.0,59.875,10,2021,Post-monsoon
2021-10-13,26.354166666666668,32.8,21.1,24,0.0,55.291666666666664,10,2021,Post-monsoon
2021-10-14,24.962500000000002,32.0,19.1,24,0.0,55.791666666666664,10,2021,Post-monsoon
2021-10-15,25.52916666666667,33.0,19.0,24,0.0,55.375,10,2021,Post-monsoon
2021-10-16,26.8125,33.8,20.8,24,0.0,62.708333333333336,10,2021,Post-monsoon
2021-10-17,26.3125,31.0,23.0,24,3.6,77.45833333333333,10,2021,Post-monsoon
2021-10-18,22.391666666666666,23.9,20.5,24,24.3,92.70833333333333,10,2021,Post-monsoon
2021-10-19,23.791666666666668,29.3,19.2,24,0.0,79.66666666666667,10,2021,Post-monsoon
2021-10-20,24.233333333333334,31.1,19.2,24,0.0,70.54166666666667,10,2021,Post-monsoon
2021-10-21,23.066666666666666,30.0,17.8,24,0.0,62.291666666666664,10,2021,Post-monsoon
2021-10-22,23.8,30.3,19.5,24,0.0,61.708333333333336,10,2021,Post-monsoon
2021-10-23,23.804166666666664,30.0,18.4,24,0.0,65.29166666666667,10,2021,Post-monsoon
2021-10-24,22.72083333333333,28.0,19.0,24,0.2,69.45833333333333,10,2021,Post-monsoon
2021-10-25,21.866666666666664,27.5,17.5,24,0.0,78.58333333333333,10,2021,Post-monsoon
2021-10-26,20.825,26.9,16.5,24,0.0,70.5,10,2021,Post-monsoon
2021-10-27,20.8,27.6,14.9,24,0.0,64.58333333333333,10,2021,Post-monsoon
2021-10-28,20.45,27.6,14.9,24,0.0,65.29166666666667,10,2021,Post-monsoon
2021-10-29,20.75,28.5,13.9,24,0.0,65.25,10,2021,Post-monsoon
2021-10-30,21.145833333333332,28.7,15.1,24,0.0,58.041666666666664,10,2021,Post-monsoon
2021-10-31,21.96666666666667,29.2,15.6,24,0.0,53.5,10,2021,Post-monsoon
2021-11-01,22.1875,29.7,15.4,24,0.0,53.208333333333336,11,2021,Post-monsoon
2021-11-02,22.025000000000002,28.6,16.6,24,0.0,62.125,11,2021,Post-monsoon
2021-11-03,21.900000000000002,29.2,15.6,24,0.0,59.333333333333336,11,2021,Post-monsoon
2021-11-04,21.204166666666666,27.8,14.6,24,0.0,64.70833333333333,11,2021,Post-monsoon
2021-11-05,20.337500000000002,27.4,14.2,24,0.0,64.0,11,2021,Post-monsoon
2021-11-06,20.708333333333332,28.5,14.3,24,0.0,58.208333333333336,11,2021,Post-monsoon
2021-11-07,21.120833333333334,28.5,15.4,24,0.0,60.708333333333336,11,2021,Post-monsoon
2021-11-08,20.616666666666667,28.7,13.9,24,0.0,62.333333333333336,11,2021,Post-monsoon
2021-11-09,20.766666666666666,28.1,14.8,24,0.0,61.791666666666664,11,2021,Post-monsoon
2021-11-10,20.425,28.8,13.1,24,0.0,64.45833333333333,11,2021,Post-monsoon
2021-11-11,20.016666666666666,28.2,12.4,24,0.0,62.791666666666664,11,2021,Post-monsoon
2021-11-12,19.541666666666668,28.0,13.0,24,0.0,63.791666666666664,11,2021,Post-monsoon
2021-11-13,18.920833333333334,27.2,12.3,24,0.0,59.833333333333336,11,2021,Post-monsoon
2021-11-14,18.470833333333335,26.3,11.9,24,0.0,55.25,11,2021,Post-monsoon
2021-11-15,18.462500000000002,25.8,12.2,24,0.0,52.916666666666664,11,2021,Post-monsoon
2021-11-16,17.858333333333334,25.2,11.3,24,0.0,57.125,11,2021,Post-monsoon
2021-11-17,17.741666666666667,24.6,10.9,24,0.0,64.5,11,2021,Post-monsoon
2021-11-18,19.075,24.5,12.0,24,0.0,65.58333333333333,11,2021,Post-monsoon
2021-11-19,18.675,24.8,11.8,24,0.0,63.875,11,2021,Post-monsoon
2021-11-20,19.287499999999998,25.1,15.6,24,0.0,58.125,11,2021,Post-monsoon
2021-11-21,18.958333333333332,25.9,13.4,24,0.0,57.75,11,2021,Post-monsoon
2021-11-22,18.758333333333333,26.0,12.9,24,0.0,51.25,11,2021,Post-monsoon
2021-11-23,18.26666666666667,25.6,12.2,24,0.0,55.25,11,2021,Post-monsoon
2021-11-24,18.633333333333333,26.0,11.4,24,0.0,57.791666666666664,11,2021,Post-monsoon
2021-11-25,17.883333333333333,25.1,11.9,24,0.0,70.41666666666667,11,2021,Post-monsoon
2021-11-26,18.429166666666667,25.2,11.8,24,0.0,68.875,11,2021,Post-monsoon
2021-11-27,18.758333333333333,25.2,12.9,24,0.0,72.16666666666667,11,2021,Post-monsoon
2021-11-28,18.883333333333333,25.0,13.6,24,0.0,74.04166666666667,11,2021,Post-monsoon
2021-11-29,18.091666666666665,24.9,11.4,24,0.0,63.875,11,2021,Post-monsoon
2021-11-30,18.016666666666666,24.8,12.5,24,0.0,64.83333333333333,11,2021,Post-monsoon
2021-12-01,17.108333333333334,21.9,13.4,24,0.0,72.5,12,2021,Winter
2021-12-02,16.4375,20.0,13.6,24,2.4,81.29166666666667,12,2021,Winter
2021-12-03,17.070833333333333,22.4,12.7,24,0.0,79.54166666666667,12,2021,Winter
2021-12-04,17.191666666666666,24.0,11.0,24,0.0,73.66666666666667,12,2021,Winter
2021-12-05,18.429166666666667,25.0,12.1,24,0.6,74.25,12,2021,Winter
2021-12-06,18.10833333333333,23.4,14.0,24,1.2000000000000002,78.125,12,2021,Winter
2021-12-07,16.5,23.1,12.2,24,0.0,71.625,12,2021,Winter
2021-12-08,15.129166666666668,22.4,10.6,24,0.0,70.375,12,2021,Winter
2021-12-09,14.6,22.4,8.8,24,0.0,72.41666666666667,12,2021,Winter
2021-12-10,14.799999999999999,22.4,8.6,24,0.0,69.83333333333333,12,2021,Winter
2021-12-11,14.575000000000001,21.6,9.4,24,0.0,65.41666666666667,12,2021,Winter
2021-12-12,14.512500000000001,21.0,8.9,24,0.0,65.5,12,2021,Winter
2021-12-13,14.5625,19.2,8.2,24,0.0,66.04166666666667,12,2021,Winter
2021-12-14,14.854166666666666,20.6,8.8,24,0.0,70.91666666666667,12,2021,Winter
2021-12-15,13.966666666666667,20.6,9.2,24,0.0,66.875,12,2021,Winter
2021-12-16,13.558333333333332,18.0,9.9,24,0.0,69.625,12,2021,Winter
2021-12-17,12.270833333333334,17.9,7.9,24,0.0,57.458333333333336,12,2021,Winter
2021-12-18,11.170833333333334,17.8,6.2,24,0.0,64.625,12,2021,Winter
2021-12-19,11.058333333333332,17.5,6.1,24,0.0,62.541666666666664,12,2021,Winter
2021-12-20,11.558333333333332,18.1,5.9,24,0.0,67.25,12,2021,Winter
2021-12-21,12.116666666666667,19.5,5.2,24,0.0,70.70833333333333,12,2021,Winter
2021-12-22,13.299999999999999,20.1,5.8,24,0.0,66.83333333333333,12,2021,Winter
2021-12-23,14.174999999999999,21.1,8.4,24,0.0,72.29166666666667,12,2021,Winter
2021-12-24,14.525,21.4,9.6,24,0.0,75.125,12,2021,Winter
2021-12-25,15.4625,21.1,10.6,24,0.0,71.95833333333333,12,2021,Winter
2021-12-26,14.995833333333332,18.4,10.8,24,4.6,79.75,12,2021,Winter
2021-12-27,14.85,19.6,10.7,24,3.2,72.08333333333333,12,2021,Winter
2021-12-28,13.933333333333332,19.5,10.4,24,1.7,77.70833333333333,12,2021,Winter
2021-12-29,12.983333333333334,19.0,8.4,24,0.0,72.45833333333333,12,2021,Winter
2021-12-30,10.700000000000001,17.9,5.2,24,0.0,66.58333333333333,12,2021,Winter
2021-12-31,10.475,17.8,5.0,24,0.0,70.66666666666667,12,2021,Winter
2022-01-01,10.945833333333333,18.1,5.7,24,0.0,75.83333333333333,1,2022,Winter
2022-01-02,11.883333333333333,18.8,6.8,24,0.0,77.04166666666667,1,2022,Winter
2022-01-03,12.591666666666667,20.1,7.4,24,0.0,74.75,1,2022,Winter
2022-01-04,14.491666666666667,22.0,8.1,24,0.2,71.04166666666667,1,2022,Winter
2022-01-05,13.341666666666667,14.9,11.6,24,9.6,86.25,1,2022,Winter
2022-01-06,14.566666666666668,18.6,12.0,24,0.9,82.95833333333333,1,2022,Winter
2022-01-07,15.612499999999999,19.9,12.7,24,1.9,85.5,1,2022,Winter
2022-01-08,15.35,17.1,14.1,24,16.2,90.54166666666667,1,2022,Winter
2022-01-09,14.054166666666667,17.0,10.4,24,3.6,89.45833333333333,1,2022,Winter
2022-01-10,11.483333333333334,16.9,7.9,24,0.0,82.04166666666667,1,2022,Winter
2022-01-11,11.487499999999999,17.4,7.3,24,0.0,79.04166666666667,1,2022,Winter
2022-01-12,11.316666666666668,17.1,7.6,24,0.0,80.29166666666667,1,2022,Winter
2022-01-13,12.2875,17.4,7.2,24,0.0,75.375,1,2022,Winter
2022-01-14,10.720833333333333,16.5,6.2,24,0.0,81.25,1,2022,Winter
2022-01-15,9.9625,16.8,5.8,24,0.0,86.66666666666667,1,2022,Winter
2022-01-16,10.166666666666666,15.8,5.8,24,0.0,85.83333333333333,1,2022,Winter
2022-01-17,9.758333333333333,14.1,4.7,24,0.0,85.45833333333333,1,2022,Winter
2022-01-18,9.5625,16.1,5.3,24,0.0,88.5,1,2022,Winter
2022-01-19,11.054166666666667,17.7,6.6,24,0.7,88.66666666666667,1,2022,Winter
2022-01-20,13.129166666666668,17.7,9.3,24,0.9,85.29166666666667,1,2022,Winter
2022-01-21,12.237499999999999,18.4,7.2,24,0.0,85.20833333333333,1,2022,Winter
2022-01-22,13.204166666666666,16.0,11.9,24,22.8,84.66666666666667,1,2022,Winter
2022-01-23,12.733333333333334,16.6,9.2,24,3.5,86.20833333333333,1,2022,Winter
2022-01-24,10.691666666666668,16.2,7.1,24,0.6,82.95833333333333,1,2022,Winter
2022-01-25,10.245833333333334,16.4,6.2,24,0.0,80.16666666666667,1,2022,Winter
2022-01-26,10.674999999999999,16.8,6.3,24,0.0,81.41666666666667,1,2022,Winter
2022-01-27,11.533333333333333,17.8,6.9,24,0.0,73.33333333333333,1,2022,Winter
2022-01-28,11.566666666666668,17.9,7.1,24,0.0,71.16666666666667,1,2022,Winter
2022-01-29,12.370833333333332,19.5,6.8,24,0.0,72.83333333333333,1,2022,Winter
2022-01-30,13.658333333333333,20.2,8.9,24,0.0,71.66666666666667,1,2022,Winter
2022-01-31,13.637500000000001,20.9,8.1,24,0.0,79.91666666666667,1,2022,Winter
2022-02-01,13.941666666666668,20.8,8.6,24,0.0,84.75,2,2022,Winter
2022-02-02,14.233333333333334,20.5,8.9,24,0.0,77.875,2,2022,Winter
2022-02-03,12.716666666666667,15.1,10.3,24,16.599999999999998,85.08333333333333,2,2022,Winter
2022-02-04,11.520833333333334,16.5,8.2,24,0.2,83.75,2,2022,Winter
2022-02-05,10.875,16.6,5.7,24,0.0,83.5,2,2022,Winter
2022-02-06,13.691666666666668,20.5,7.4,24,0.0,74.625,2,2022,Winter
2022-02-07,15.1875,22.2,8.2,24,0.0,77.83333333333333,2,2022,Winter
2022-02-08,16.083333333333332,22.1,10.6,24,1.4,81.375,2,2022,Winter
2022-02-09,14.383333333333333,18.5,10.3,24,3.6,82.875,2,2022,Winter
2022-02-10,13.758333333333333,20.0,8.0,24,0.0,74.79166666666667,2,2022,Winter
2022-02-11,14.233333333333334,20.1,9.9,24,0.0,64.58333333333333,2,2022,Winter
2022-02-12,14.325000000000001,21.1,9.4,24,0.0,67.45833333333333,2,2022,Winter
2022-02-13,14.75,22.4,8.4,24,0.0,70.16666666666667,2,2022,Winter
2022-02-14,15.541666666666666,23.1,9.1,24,0.0,69.95833333333333,2,2022,Winter
2022-02-15,16.537499999999998,23.2,10.9,24,0.0,65.29166666666667,2,2022,Winter
2022-02-16,16.158333333333335,23.6,10.0,24,0.0,69.41666666666667,2,2022,Winter
2022-02-17,17.349999999999998,24.2,10.6,24,0.0,63.583333333333336,2,2022,Winter
2022-02-18,17.329166666666666,25.0,9.9,24,0.0,60.666666666666664,2,2022,Winter
2022-02-19,16.583333333333332,24.0,10.4,24,0.0,61.25,2,2022,Winter
2022-02-20,17.204166666666666,23.7,12.4,24,0.0,57.291666666666664,2,2022,Winter
2022-02-21,17.508333333333333,24.4,10.4,24,0.0,54.541666666666664,2,2022,Winter
2022-02-22,18.587500000000002,25.5,12.0,24,0.0,56.0,2,2022,Winter
2022-02-23,18.658333333333335,24.0,14.1,24,0.0,68.45833333333333,2,2022,Winter
2022-02-24,17.974999999999998,25.0,11.8,24,0.0,73.33333333333333,2,2022,Winter
2022-02-25,18.333333333333332,25.3,11.7,24,2.0,70.5,2,2022,Winter
2022-02-26,17.775000000000002,23.3,14.3,24,1.2000000000000002,69.66666666666667,2,2022,Winter
2022-02-27,17.058333333333334,23.4,12.1,24,1.2,64.33333333333333,2,2022,Winter
2022-02-28,16.245833333333334,23.0,10.6,24,0.0,64.08333333333333,2,2022,Winter
2022-03-01,16.933333333333334,24.4,10.5,24,0.0,65.58333333333333,3,2022,Summer
2022-03-02,18.395833333333332,25.6,11.3,24,0.0,62.875,3,2022,Summer
2022-03-03,19.133333333333333,26.8,13.4,24,1.1,65.58333333333333,3,2022,Summer
2022-03-04,18.741666666666667,25.0,13.4,24,0.0,70.625,3,2022,Summer
2022-03-05,18.841666666666665,25.6,13.1,24,0.0,65.79166666666667,3,2022,Summer
2022-03-06,19.454166666666666,26.1,13.3,24,0.0,65.75,3,2022,Summer
2022-03-07,20.75,28.1,14.1,24,0.0,60.875,3,2022,Summer
2022-03-08,21.120833333333334,29.2,13.4,24,0.0,58.791666666666664,3,2022,Summer
2022-03-09,21.895833333333332,30.1,15.4,24,0.0,52.125,3,2022,Summer
2022-03-10,22.09166666666667,29.0,15.8,24,0.0,51.75,3,2022,Summer
2022-03-11,21.641666666666666,28.8,15.1,24,0.0,60.125,3,2022,Summer
2022-03-12,21.708333333333332,29.9,14.4,24,0.0,57.375,3,2022,Summer
2022-03-13,22.858333333333334,31.1,15.9,24,0.0,63.458333333333336,3,2022,Summer
2022-03-14,23.454166666666666,31.4,15.5,24,0.0,69.08333333333333,3,2022,Summer
2022-03-15,26.079166666666666,33.3,18.8,24,0.0,63.833333333333336,3,2022,Summer
2022-03-16,26.96666666666667,34.6,19.9,24,0.0,58.5,3,2022,Summer
2022-03-17,26.40416666666667,33.0,20.0,24,0.0,65.0,3,2022,Summer
2022-03-18,27.291666666666668,34.0,21.8,24,0.0,66.54166666666667,3,2022,Summer
2022-03-19,27.670833333333334,34.5,20.4,24,0.0,61.125,3,2022,Summer
2022-03-20,28.28333333333333,36.1,21.4,24,0.0,48.375,3,2022,Summer
2022-03-21,27.59166666666667,35.8,20.1,24,0.0,45.958333333333336,3,2022,Summer
2022-03-22,27.6875,34.9,20.7,24,0.0,43.875,3,2022,Summer
2022-03-23,27.233333333333334,35.2,18.0,24,0.0,40.0,3,2022,Summer
2022-03-24,27.166666666666668,34.5,20.7,24,0.0,38.041666666666664,3,2022,Summer
2022-03-25,26.5125,34.5,18.8,24,0.0,32.708333333333336,3,2022,Summer
2022-03-26,26.3875,34.4,18.9,24,0.0,33.25,3,2022,Summer
2022-03-27,27.183333333333334,36.2,19.5,24,0.0,31.083333333333332,3,2022,Summer
2022-03-28,27.708333333333332,37.2,18.8,24,0.0,32.75,3,2022,Summer
2022-03-29,28.145833333333332,38.0,18.2,24,0.0,30.583333333333332,3,2022,Summer
2022-03-30,28.349999999999998,38.0,18.9,24,0.0,33.833333333333336,3,2022,Summer
2022-03-31,29.025000000000002,38.5,20.4,24,0.0,40.333333333333336,3,2022,Summer
2022-04-01,28.40416666666667,35.8,21.0,24,0.0,27.041666666666668,4,2022,Summer
2022-04-02,28.3625,37.3,18.6,24,0.0,25.541666666666668,4,2022,Summer
2022-04-03,29.270833333333332,38.5,20.5,24,0.0,21.208333333333332,4,2022,Summer
2022-04-04,28.275000000000002,37.8,19.8,24,0.0,20.541666666666668,4,2022,Summer
2022-04-05,29.025000000000002,38.2,19.1,24,0.0,22.0,4,2022,Summer
2022-04-06,30.245833333333334,38.7,20.9,24,0.0,19.291666666666668,4,2022,Summer
2022-04-07,31.016666666666666,39.3,21.4,24,0.0,18.25,4,2022,Summer
2022-04-08,32.079166666666666,40.8,23.0,24,0.0,15.708333333333334,4,2022,Summer
2022-04-09,32.887499999999996,41.6,22.4,24,0.0,15.875,4,2022,Summer
2022-04-10,33.25833333333333,41.0,24.1,24,0.0,15.5,4,2022,Summer
2022-04-11,32.94583333333333,41.4,24.5,24,0.0,17.833333333333332,4,2022,Summer
2022-04-12,32.35,39.8,26.0,24,0.0,20.125,4,2022,Summer
2022-04-13,32.475,38.8,23.8,24,0.0,19.708333333333332,4,2022,Summer
2022-04-14,31.816666666666666,39.2,25.2,24,0.0,18.416666666666668,4,2022,Summer
2022-04-15,31.1125,38.8,24.0,24,0.0,20.375,4,2022,Summer
2022-04-16,31.691666666666666,39.0,23.1,24,0.0,18.75,4,2022,Summer
2022-04-17,31.6125,40.3,22.3,24,0.0,21.666666666666668,4,2022,Summer
2022-04-18,32.35,41.2,23.1,24,0.0,22.125,4,2022,Summer
2022-04-19,33.354166666666664,41.8,24.2,24,0.0,18.708333333333332,4,2022,Summer
2022-04-20,33.625,40.8,26.8,24,0.0,18.083333333333332,4,2022,Summer
2022-04-21,31.15833333333333,36.0,25.6,24,0.0,23.541666666666668,4,2022,Summer
2022-04-22,30.558333333333334,38.2,22.8,24,0.0,29.208333333333332,4,2022,Summer
2022-04-23,31.291666666666668,39.0,22.7,24,0.0,19.75,4,2022,Summer
2022-04-24,32.2125,39.8,23.4,24,0.0,18.583333333333332,4,2022,Summer
2022-04-25,33.1,40.5,25.0,24,0.0,19.291666666666668,4,2022,Summer
2022-04-26,33.079166666666666,40.7,23.8,24,0.0,19.75,4,2022,Summer
2022-04-27,33.104166666666664,41.5,23.2,24,0.0,16.833333333333332,4,2022,Summer
2022-04-28,34.358333333333334,43.1,25.0,24,0.0,17.333333333333332,4,2022,Summer
2022-04-29,35.4,43.5,26.6,24,0.0,14.25,4,2022,Summer
2022-04-30,35.391666666666666,43.2,28.1,24,0.0,14.416666666666666,4,2022,Summer
2022-05-01,32.670833333333334,41.0,26.2,24,0.0,32.041666666666664,5,2022,Summer
2022-05-02,32.775,40.5,26.3,24,0.0,37.166666666666664,5,2022,Summer
2022-05-03,32.99166666666667,40.2,26.9,24,0.0,40.875,5,2022,Summer
2022-05-04,31.075000000000003,39.2,25.3,24,0.0,46.291666666666664,5,2022,Summer
2022-05-05,30.608333333333334,38.5,23.3,24,0.0,46.75,5,2022,Summer
2022-05-06,32.4,39.5,24.9,24,0.0,31.916666666666668,5,2022,Summer
2022-05-07,32.704166666666666,39.9,24.6,24,0.0,28.75,5,2022,Summer
2022-05-08,32.979166666666664,41.2,25.1,24,0.0,34.0,5,2022,Summer
2022-05-09,33.3375,40.2,27.4,24,0.0,44.25,5,2022,Summer
2022-05-10,33.416666666666664,39.7,28.1,24,0.0,45.416666666666664,5,2022,Summer
2022-05-11,34.0625,41.2,27.8,24,0.0,43.958333333333336,5,2022,Summer
2022-05-12,35.13333333333333,42.7,28.6,24,0.0,41.458333333333336,5,2022,Summer
2022-05-13,34.891666666666666,43.7,27.8,24,0.0,42.375,5,2022,Summer
2022-05-14,35.729166666666664,44.3,27.5,24,0.0,27.041666666666668,5,2022,Summer
2022-05-15,37.4625,45.3,28.6,24,0.0,15.541666666666666,5,2022,Summer
2022-05-16,36.25,42.0,30.8,24,0.0,22.875,5,2022,Summer
2022-05-17,32.975,38.8,28.0,24,0.0,41.125,5,2022,Summer
2022-05-18,34.78333333333333,42.3,27.2,24,0.0,32.375,5,2022,Summer
2022-05-19,35.512499999999996,43.8,26.8,24,0.0,29.0,5,2022,Summer
2022-05-20,36.53333333333333,45.2,28.1,24,0.0,22.416666666666668,5,2022,Summer
2022-05-21,35.074999999999996,40.5,29.2,24,0.0,27.833333333333332,5,2022,Summer
2022-05-22,33.2125,39.3,25.8,24,0.0,33.125,5,2022,Summer
2022-05-23,26.316666666666666,31.9,22.3,24,18.400000000000002,64.29166666666667,5,2022,Summer
2022-05-24,26.875,33.0,21.5,24,0.0,64.33333333333333,5,2022,Summer
2022-05-25,28.037499999999998,33.6,22.6,24,0.0,60.5,5,2022,Summer
2022-05-26,29.566666666666666,35.5,23.8,24,0.0,54.083333333333336,5,2022,Summer
2022-05-27,31.345833333333335,38.2,25.6,24,0.0,49.083333333333336,5,2022,Summer
2022-05-28,32.875,39.7,27.0,24,1.2,49.166666666666664,5,2022,Summer
2022-05-29,33.00416666666667,40.6,26.2,24,0.0,48.208333333333336,5,2022,Summer
2022-05-30,32.84166666666667,40.7,27.5,24,0.2,47.583333333333336,5,2022,Summer
2022-05-31,32.5625,39.7,25.6,24,0.0,40.458333333333336,5,2022,Summer
2022-06-01,33.012499999999996,40.5,24.7,24,0.0,35.083333333333336,6,2022,Monsoon
2022-06-02,33.775,41.8,27.2,24,0.0,30.0,6,2022,Monsoon
2022-06-03,34.25416666666667,42.8,25.5,24,0.0,23.75,6,2022,Monsoon
2022-06-04,34.82083333333333,43.4,25.6,24,0.0,21.75,6,2022,Monsoon
2022-06-05,35.59583333333333,42.9,27.8,24,0.0,19.583333333333332,6,2022,Monsoon
2022-06-06,35.375,42.4,28.4,24,0.0,17.791666666666668,6,2022,Monsoon
2022-06-07,36.34583333333333,43.2,29.6,24,0.0,21.166666666666668,6,2022,Monsoon
2022-06-08,36.80833333333333,42.5,31.8,24,0.0,19.0,6,2022,Monsoon
2022-06-09,36.86666666666667,43.0,31.0,24,0.0,22.208333333333332,6,2022,Monsoon
2022-06-10,36.675000000000004,42.3,30.5,24,0.0,21.583333333333332,6,2022,Monsoon
2022-06-11,37.2125,43.2,31.2,24,0.0,20.708333333333332,6,2022,Monsoon
2022-06-12,36.61666666666667,42.8,29.5,24,0.0,23.416666666666668,6,2022,Monsoon
2022-06-13,37.37083333333333,43.2,31.6,24,0.0,25.583333333333332,6,2022,Monsoon
2022-06-14,34.733333333333334,39.1,31.1,24,0.0,38.916666666666664,6,2022,Monsoon
2022-06-15,35.916666666666664,42.5,29.6,24,0.0,38.583333333333336,6,2022,Monsoon
2022-06-16,34.24583333333333,39.0,30.6,24,0.7,44.208333333333336,6,2022,Monsoon
2022-06-17,30.066666666666666,37.0,23.8,24,11.600000000000001,63.416666666666664,6,2022,Monsoon
2022-06-18,29.645833333333332,34.5,24.9,24,1.8,65.625,6,2022,Monsoon
2022-06-19,27.162499999999998,33.8,23.9,24,7.9,78.29166666666667,6,2022,Monsoon
2022-06-20,27.804166666666664,33.1,22.6,24,0.2,72.20833333333333,6,2022,Monsoon
2022-06-21,28.075,32.0,24.3,24,0.9,71.25,6,2022,Monsoon
2022-06-22,29.7625,34.8,24.4,24,10.1,62.958333333333336,6,2022,Monsoon
2022-06-23,31.295833333333334,37.0,26.2,24,0.0,51.416666666666664,6,2022,Monsoon
2022-06-24,31.1125,38.0,24.3,24,0.0,44.166666666666664,6,2022,Monsoon
2022-06-25,32.583333333333336,39.2,25.0,24,0.0,38.583333333333336,6,2022,Monsoon
2022-06-26,33.9125,40.0,28.5,24,0.3,50.458333333333336,6,2022,Monsoon
2022-06-27,34.72083333333333,39.6,30.2,24,0.0,51.791666666666664,6,2022,Monsoon
2022-06-28,34.204166666666666,41.2,25.5,24,1.2,56.541666666666664,6,2022,Monsoon
2022-06-29,34.1625,41.8,29.3,24,0.1,57.208333333333336,6,2022,Monsoon
2022-06-30,28.766666666666666,31.3,26.4,24,2.2,78.5,6,2022,Monsoon
2022-07-01,28.09583333333333,32.0,25.1,24,1.3,81.33333333333333,7,2022,Monsoon
2022-07-02,29.9375,35.0,26.1,24,2.3,74.04166666666667,7,2022,Monsoon
2022-07-03,29.224999999999998,34.4,25.4,24,12.1,81.0,7,2022,Monsoon
2022-07-04,30.791666666666668,35.2,25.9,24,8.0,75.20833333333333,7,2022,Monsoon
2022-07-05,32.0875,36.3,27.8,24,0.2,69.5,7,2022,Monsoon
2022-07-06,30.891666666666666,35.8,28.5,24,3.9000000000000004,74.79166666666667,7,2022,Monsoon
2022-07-07,31.650000000000002,35.5,27.4,24,0.4,69.41666666666667,7,2022,Monsoon
2022-07-08,32.708333333333336,37.0,29.0,24,0.0,63.125,7,2022,Monsoon
2022-07-09,30.97083333333333,34.0,28.0,24,1.7000000000000002,70.16666666666667,7,2022,Monsoon
2022-07-10,29.4875,33.2,26.4,24,8.200000000000001,76.95833333333333,7,2022,Monsoon
2022-07-11,31.22083333333333,35.0,26.9,24,0.1,71.29166666666667,7,2022,Monsoon
2022-07-12,31.270833333333332,34.9,28.2,24,0.5,71.25,7,2022,Monsoon
2022-07-13,30.729166666666668,35.2,27.8,24,1.8,75.375,7,2022,Monsoon
2022-07-14,29.883333333333336,34.8,28.0,24,8.3,76.91666666666667,7,2022,Monsoon
2022-07-15,31.400000000000002,36.3,28.9,24,2.6,67.66666666666667,7,2022,Monsoon
2022-07-16,29.71666666666667,33.6,27.9,24,20.2,75.04166666666667,7,2022,Monsoon
2022-07-17,29.691666666666666,34.2,26.3,24,7.1,80.33333333333333,7,2022,Monsoon
2022-07-18,30.974999999999998,35.5,25.6,24,3.9000000000000004,75.75,7,2022,Monsoon
2022-07-19,30.96666666666667,35.2,26.8,24,3.3,76.0,7,2022,Monsoon
2022-07-20,28.958333333333332,33.4,26.5,24,25.8,83.33333333333333,7,2022,Monsoon
2022-07-21,27.795833333333334,30.9,24.6,24,16.2,83.54166666666667,7,2022,Monsoon
2022-07-22,28.058333333333334,31.9,25.1,24,2.4,84.83333333333333,7,2022,Monsoon
2022-07-23,27.9875,30.9,25.0,24,15.2,83.95833333333333,7,2022,Monsoon
2022-07-24,29.2625,33.7,25.8,24,4.9,79.20833333333333,7,2022,Monsoon
2022-07-25,28.8125,33.0,25.6,24,7.2,78.20833333333333,7,2022,Monsoon
2022-07-26,28.170833333333334,31.5,25.3,24,2.8000000000000003,79.25,7,2022,Monsoon
2022-07-27,28.287499999999998,32.0,25.3,24,4.9,81.0,7,2022,Monsoon
2022-07-28,27.695833333333336,32.0,25.0,24,21.400000000000002,85.5,7,2022,Monsoon
2022-07-29,27.349999999999998,30.5,24.8,24,17.7,87.0,7,2022,Monsoon
2022-07-30,27.879166666666666,31.8,25.4,24,5.0,85.25,7,2022,Monsoon
2022-07-31,28.520833333333332,32.9,25.5,24,1.0,80.54166666666667,7,2022,Monsoon
2022-08-01,28.058333333333334,31.5,25.4,24,7.8999999999999995,82.625,8,2022,Monsoon
2022-08-02,29.400000000000002,33.8,25.6,24,0.5,77.75,8,2022,Monsoon
2022-08-03,29.266666666666666,33.1,26.5,24,0.8,79.16666666666667,8,2022,Monsoon
2022-08-04,28.1875,31.5,26.4,24,1.6,84.79166666666667,8,2022,Monsoon
2022-08-05,27.704166666666666,31.0,24.6,24,7.1000000000000005,85.45833333333333,8,2022,Monsoon
2022-08-06,28.554166666666664,33.0,25.1,24,2.3000000000000003,83.41666666666667,8,2022,Monsoon
2022-08-07,27.90416666666667,31.5,25.0,24,16.9,85.08333333333333,8,2022,Monsoon
2022-08-08,29.2625,33.7,24.8,24,0.0,79.5,8,2022,Monsoon
2022-08-09,30.65416666666667,34.0,27.4,24,0.30000000000000004,75.29166666666667,8,2022,Monsoon
2022-08-10,31.0625,35.0,27.5,24,0.2,71.45833333333333,8,2022,Monsoon
2022-08-11,27.804166666666664,29.1,26.5,24,5.3,81.45833333333333,8,2022,Monsoon
2022-08-12,29.633333333333336,34.3,25.3,24,0.0,70.95833333333333,8,2022,Monsoon
2022-08-13,29.724999999999998,34.2,26.3,24,0.6000000000000001,73.5,8,2022,Monsoon
2022-08-14,27.958333333333332,32.7,26.1,24,5.9,85.125,8,2022,Monsoon
2022-08-15,28.129166666666666,31.9,25.6,24,1.5,81.0,8,2022,Monsoon
2022-08-16,27.59583333333333,31.5,26.0,24,14.1,77.79166666666667,8,2022,Monsoon
2022-08-17,28.579166666666666,32.6,25.2,24,0.2,73.83333333333333,8,2022,Monsoon
2022-08-18,29.629166666666666,34.1,25.5,24,0.4,70.25,8,2022,Monsoon
2022-08-19,30.245833333333334,34.8,26.8,24,0.4,68.45833333333333,8,2022,Monsoon
2022-08-20,28.016666666666666,30.9,25.4,24,6.3,79.95833333333333,8,2022,Monsoon
2022-08-21,29.954166666666666,34.8,25.6,24,0.2,73.08333333333333,8,2022,Monsoon
2022-08-22,29.462500000000002,33.8,26.1,24,8.200000000000001,74.83333333333333,8,2022,Monsoon
2022-08-23,30.004166666666666,34.5,26.1,24,1.6,67.58333333333333,8,2022,Monsoon
2022-08-24,28.9875,33.8,26.3,24,1.8,72.41666666666667,8,2022,Monsoon
2022-08-25,29.8125,34.7,25.6,24,1.2,68.875,8,2022,Monsoon
2022-08-26,30.191666666666666,34.8,26.5,24,0.5,65.20833333333333,8,2022,Monsoon
2022-08-27,30.65416666666667,35.0,27.5,24,1.2,60.833333333333336,8,2022,Monsoon
2022-08-28,31.162499999999998,36.2,27.5,24,0.1,54.75,8,2022,Monsoon
2022-08-29,30.166666666666668,34.8,27.2,24,0.6,60.708333333333336,8,2022,Monsoon
2022-08-30,30.575,36.8,26.3,24,0.0,67.41666666666667,8,2022,Monsoon
2022-08-31,31.72083333333333,37.4,28.1,24,0.5,60.083333333333336,8,2022,Monsoon
2022-09-01,32.17916666666667,37.6,28.0,24,0.5,58.416666666666664,9,2022,Monsoon
2022-09-02,31.879166666666666,36.7,27.4,24,0.0,57.541666666666664,9,2022,Monsoon
2022-09-03,32.012499999999996,37.7,27.5,24,0.0,51.416666666666664,9,2022,Monsoon
2022-09-04,32.05416666666667,36.8,27.7,24,0.0,51.25,9,2022,Monsoon
2022-09-05,31.6875,37.0,27.0,24,0.0,52.75,9,2022,Monsoon
2022-09-06,31.945833333333336,37.7,27.0,24,0.0,52.791666666666664,9,2022,Monsoon
2022-09-07,31.954166666666666,37.3,27.1,24,0.0,52.541666666666664,9,2022,Monsoon
2022-09-08,31.866666666666664,36.6,27.1,24,0.0,53.416666666666664,9,2022,Monsoon
2022-09-09,31.829166666666666,36.0,27.7,24,0.9,61.25,9,2022,Monsoon
2022-09-10,30.379166666666666,34.2,24.8,24,3.0,67.75,9,2022,Monsoon
2022-09-11,29.829166666666666,34.2,23.6,24,6.5,67.29166666666667,9,2022,Monsoon
2022-09-12,30.541666666666668,35.0,27.0,24,0.3,62.541666666666664,9,2022,Monsoon
2022-09-13,29.78333333333333,34.8,25.0,24,1.3,65.5,9,2022,Monsoon
2022-09-14,27.879166666666666,30.5,25.0,24,5.0,75.0,9,2022,Monsoon
2022-09-15,26.454166666666666,31.6,24.5,24,15.1,83.125,9,2022,Monsoon
2022-09-16,26.683333333333334,32.3,23.5,24,3.6,81.29166666666667,9,2022,Monsoon
2022-09-17,27.566666666666666,34.0,23.5,24,0.8,77.54166666666667,9,2022,Monsoon
2022-09-18,28.120833333333334,33.8,23.2,24,0.4,77.58333333333333,9,2022,Monsoon
2022-09-19,28.604166666666668,33.7,24.5,24,0.0,74.58333333333333,9,2022,Monsoon
2022-09-20,27.59166666666667,32.5,24.0,24,10.5,82.625,9,2022,Monsoon
2022-09-21,27.55,32.4,24.9,24,2.1,83.33333333333333,9,2022,Monsoon
2022-09-22,25.2375,26.8,23.6,24,38.8,91.41666666666667,9,2022,Monsoon
2022-09-23,24.670833333333334,28.0,23.5,24,48.199999999999996,93.83333333333333,9,2022,Monsoon
2022-09-24,24.641666666666666,27.0,23.4,24,41.5,93.75,9,2022,Monsoon
2022-09-25,26.266666666666666,30.8,23.5,24,0.9,83.91666666666667,9,2022,Monsoon
2022-09-26,26.712500000000002,31.0,22.6,24,0.1,83.20833333333333,9,2022,Monsoon
2022-09-27,26.6375,31.4,22.6,24,0.0,79.04166666666667,9,2022,Monsoon
2022-09-28,27.22083333333333,32.1,22.9,24,0.2,76.08333333333333,9,2022,Monsoon
2022-09-29,27.104166666666668,32.0,22.8,24,0.0,76.83333333333333,9,2022,Monsoon
2022-09-30,27.191666666666666,32.0,22.4,24,0.0,76.79166666666667,9,2022,Monsoon
2022-10-01,27.662499999999998,32.8,22.9,24,0.0,75.0,10,2022,Post-monsoon
2022-10-02,27.71666666666667,33.2,22.3,24,0.0,68.5,10,2022,Post-monsoon
2022-10-03,27.71666666666667,33.2,23.0,24,0.0,60.791666666666664,10,2022,Post-monsoon
2022-10-04,27.675,32.7,23.1,24,0.0,66.54166666666667,10,2022,Post-monsoon
2022-10-05,27.09166666666667,31.7,22.9,24,0.1,76.83333333333333,10,2022,Post-monsoon
2022-10-06,26.34166666666667,30.7,23.1,24,0.0,74.83333333333333,10,2022,Post-monsoon
2022-10-07,24.554166666666664,26.1,23.0,24,1.1,82.25,10,2022,Post-monsoon
2022-10-08,22.520833333333332,23.6,21.5,24,38.1,94.70833333333333,10,2022,Post-monsoon
2022-10-09,22.679166666666664,25.9,21.0,24,46.7,91.83333333333333,10,2022,Post-monsoon
2022-10-10,23.454166666666666,27.6,21.1,24,1.5,87.54166666666667,10,2022,Post-monsoon
2022-10-11,23.2375,27.1,20.8,24,2.9,88.54166666666667,10,2022,Post-monsoon
2022-10-12,23.733333333333334,28.3,19.9,24,0.0,82.66666666666667,10,2022,Post-monsoon
2022-10-13,23.795833333333334,29.4,18.5,24,0.0,72.16666666666667,10,2022,Post-monsoon
2022-10-14,23.670833333333334,29.6,18.5,24,0.0,68.45833333333333,10,2022,Post-monsoon
2022-10-15,23.895833333333332,29.5,18.5,24,0.0,69.0,10,2022,Post-monsoon
2022-10-16,24.037499999999998,30.0,18.2,24,0.0,69.66666666666667,10,2022,Post-monsoon
2022-10-17,24.34583333333333,30.4,17.9,24,0.0,64.0,10,2022,Post-monsoon
2022-10-18,23.6375,30.4,17.2,24,0.0,66.25,10,2022,Post-monsoon
2022-10-19,23.645833333333332,30.3,18.2,24,0.0,66.79166666666667,10,2022,Post-monsoon
2022-10-20,23.537499999999998,30.4,18.6,24,1.1,64.04166666666667,10,2022,Post-monsoon
2022-10-21,23.90833333333333,30.0,17.1,24,0.0,65.79166666666667,10,2022,Post-monsoon
2022-10-22,22.745833333333334,29.2,18.0,24,0.0,67.0,10,2022,Post-monsoon
2022-10-23,21.833333333333332,28.8,15.9,24,0.0,63.666666666666664,10,2022,Post-monsoon
2022-10-24,22.0625,29.7,15.9,24,0.0,61.041666666666664,10,2022,Post-monsoon
2022-10-25,21.991666666666664,29.6,15.9,24,0.0,56.541666666666664,10,2022,Post-monsoon
2022-10-26,22.416666666666668,29.9,15.4,24,0.0,67.04166666666667,10,2022,Post-monsoon
2022-10-27,23.166666666666668,30.1,16.8,24,0.0,67.79166666666667,10,2022,Post-monsoon
2022-10-28,22.945833333333336,30.0,16.3,24,0.0,69.25,10,2022,Post-monsoon
2022-10-29,22.97083333333333,29.3,15.9,24,0.0,65.79166666666667,10,2022,Post-monsoon
2022-10-30,22.96666666666667,29.5,16.6,24,0.0,62.583333333333336,10,2022,Post-monsoon
2022-10-31,23.179166666666664,29.2,16.1,24,0.0,63.208333333333336,10,2022,Post-monsoon
2022-11-01,23.354166666666668,30.0,17.2,24,0.0,67.79166666666667,11,2022,Post-monsoon
2022-11-02,23.145833333333332,29.1,17.7,24,0.0,70.125,11,2022,Post-monsoon
2022-11-03,23.383333333333336,30.5,18.0,24,0.0,66.66666666666667,11,2022,Post-monsoon
2022-11-04,24.5625,30.6,19.5,24,0.0,66.04166666666667,11,2022,Post-monsoon
2022-11-05,24.025000000000002,30.1,19.2,24,0.0,76.41666666666667,11,2022,Post-monsoon
2022-11-06,23.429166666666664,29.4,19.0,24,0.0,78.125,11,2022,Post-monsoon
2022-11-07,23.258333333333336,30.4,18.2,24,0.6,72.58333333333333,11,2022,Post-monsoon
2022-11-08,21.833333333333332,28.6,17.1,24,7.699999999999999,73.79166666666667,11,2022,Post-monsoon
2022-11-09,21.891666666666666,27.0,16.4,24,0.0,70.91666666666667,11,2022,Post-monsoon
2022-11-10,20.904166666666665,25.8,17.2,24,0.4,74.5,11,2022,Post-monsoon
2022-11-11,20.029166666666665,26.1,15.2,24,0.0,64.66666666666667,11,2022,Post-monsoon
2022-11-12,19.904166666666665,26.2,15.4,24,0.0,59.125,11,2022,Post-monsoon
2022-11-13,19.974999999999998,26.7,14.8,24,0.0,62.75,11,2022,Post-monsoon
2022-11-14,20.783333333333335,27.5,15.1,24,0.0,63.041666666666664,11,2022,Post-monsoon
2022-11-15,20.333333333333332,26.6,15.4,24,0.0,65.66666666666667,11,2022,Post-monsoon
2022-11-16,19.420833333333334,25.1,15.8,24,0.0,59.791666666666664,11,2022,Post-monsoon
2022-11-17,17.991666666666667,24.5,13.2,24,0.0,61.125,11,2022,Post-monsoon
2022-11-18,17.158333333333335,24.4,11.1,24,0.0,58.416666666666664,11,2022,Post-monsoon
2022-11-19,17.508333333333333,24.4,11.3,24,0.0,59.0,11,2022,Post-monsoon
2022-11-20,17.287499999999998,25.4,11.6,24,0.0,62.458333333333336,11,2022,Post-monsoon
2022-11-21,17.787499999999998,25.6,11.9,24,0.0,59.25,11,2022,Post-monsoon
2022-11-22,17.583333333333332,25.3,11.8,24,0.0,55.833333333333336,11,2022,Post-monsoon
2022-11-23,17.316666666666666,25.1,11.1,24,0.0,51.125,11,2022,Post-monsoon
2022-11-24,17.275000000000002,25.3,11.4,24,0.0,54.041666666666664,11,2022,Post-monsoon
2022-11-25,17.216666666666665,24.7,11.1,24,0.0,57.708333333333336,11,2022,Post-monsoon
2022-11-26,16.833333333333332,25.1,11.4,24,0.0,58.5,11,2022,Post-monsoon
2022-11-27,16.220833333333335,24.9,9.6,24,0.0,68.91666666666667,11,2022,Post-monsoon
2022-11-28,16.920833333333334,24.0,9.9,24,0.0,66.58333333333333,11,2022,Post-monsoon
2022-11-29,16.162499999999998,24.0,9.1,24,0.0,70.41666666666667,11,2022,Post-monsoon
2022-11-30,16.345833333333335,24.1,10.3,24,0.0,73.54166666666667,11,2022,Post-monsoon
2022-12-01,16.341666666666665,23.9,10.8,24,0.0,74.54166666666667,12,2022,Winter
2022-12-02,16.229166666666668,23.3,9.1,24,0.0,75.04166666666667,12,2022,Winter
2022-12-03,16.3625,23.7,10.0,24,0.0,75.29166666666667,12,2022,Winter
2022-12-04,15.991666666666667,23.6,9.6,24,0.0,75.125,12,2022,Winter
2022-12-05,15.0625,22.3,8.9,24,0.0,74.70833333333333,12,2022,Winter
2022-12-06,15.933333333333332,22.6,10.9,24,0.0,69.0,12,2022,Winter
2022-12-07,16.333333333333332,23.0,11.2,24,0.0,68.29166666666667,12,2022,Winter
2022-12-08,15.8125,22.8,10.1,24,0.0,73.83333333333333,12,2022,Winter
2022-12-09,15.970833333333333,23.5,9.9,24,0.0,77.04166666666667,12,2022,Winter
2022-12-10,16.7625,25.0,9.9,24,0.0,71.625,12,2022,Winter
2022-12-11,17.216666666666665,25.1,11.5,24,0.0,69.20833333333333,12,2022,Winter
2022-12-12,16.8,24.9,11.2,24,0.0,61.708333333333336,12,2022,Winter
2022-12-13,16.775000000000002,24.4,11.1,24,0.0,53.166666666666664,12,2022,Winter
2022-12-14,15.533333333333333,22.2,10.8,24,0.0,54.791666666666664,12,2022,Winter
2022-12-15,14.424999999999999,21.5,8.5,24,0.0,58.0,12,2022,Winter
2022-12-16,13.674999999999999,21.3,8.1,24,0.0,69.125,12,2022,Winter
2022-12-17,13.733333333333334,21.6,7.6,24,0.0,72.08333333333333,12,2022,Winter
2022-12-18,13.929166666666667,21.5,8.0,24,0.0,77.70833333333333,12,2022,Winter
2022-12-19,14.012500000000001,21.4,8.8,24,0.0,79.75,12,2022,Winter
2022-12-20,13.458333333333334,20.8,7.4,24,0.0,77.54166666666667,12,2022,Winter
2022-12-21,13.029166666666667,20.5,7.6,24,0.0,79.0,12,2022,Winter
2022-12-22,12.920833333333334,20.2,8.5,24,0.0,79.5,12,2022,Winter
2022-12-23,12.104166666666666,18.9,7.7,24,0.0,82.25,12,2022,Winter
2022-12-24,12.3375,18.9,8.1,24,0.0,75.375,12,2022,Winter
2022-12-25,10.8375,17.1,6.2,24,0.2,81.83333333333333,12,2022,Winter
2022-12-26,10.862499999999999,18.4,5.8,24,0.0,84.54166666666667,12,2022,Winter
2022-12-27,11.8375,18.7,6.8,24,0.0,79.375,12,2022,Winter
2022-12-28,12.887500000000001,19.5,7.8,24,0.0,73.75,12,2022,Winter
2022-12-29,13.987499999999999,20.2,8.6,24,0.0,74.625,12,2022,Winter
2022-12-30,14.745833333333332,20.6,11.1,24,0.0,75.41666666666667,12,2022,Winter
2022-12-31,12.945833333333333,19.0,9.3,24,0.0,82.41666666666667,12,2022,Winter
2023-01-01,12.441666666666668,18.2,6.9,24,0.0,79.04166666666667,1,2023,Winter
2023-01-02,12.025,18.1,5.7,24,0.0,78.79166666666667,1,2023,Winter
2023-01-03,10.633333333333333,16.5,6.0,24,0.0,85.375,1,2023,Winter
2023-01-04,9.670833333333333,16.5,5.4,24,0.0,87.54166666666667,1,2023,Winter
2023-01-05,8.887500000000001,15.4,5.3,24,0.0,89.20833333333333,1,2023,Winter
2023-01-06,8.295833333333333,14.1,4.8,24,0.0,87.45833333333333,1,2023,Winter
2023-01-07,8.2125,15.2,3.8,24,0.0,87.41666666666667,1,2023,Winter
2023-01-08,10.029166666666667,17.0,5.7,24,0.0,88.125,1,2023,Winter
2023-01-09,10.0875,17.1,4.7,24,0.0,91.91666666666667,1,2023,Winter
2023-01-10,10.866666666666667,18.2,6.8,24,0.0,91.33333333333333,1,2023,Winter
2023-01-11,11.629166666666668,19.4,6.9,24,0.0,88.16666666666667,1,2023,Winter
2023-01-12,14.470833333333333,20.1,9.8,24,0.1,81.41666666666667,1,2023,Winter
2023-01-13,13.720833333333333,18.2,10.1,24,3.0,87.91666666666667,1,2023,Winter
2023-01-14,11.762500000000001,16.9,7.6,24,0.0,77.375,1,2023,Winter
2023-01-15,8.783333333333333,15.2,4.7,24,0.0,70.45833333333333,1,2023,Winter
2023-01-16,8.262500000000001,15.5,2.4,24,0.0,69.45833333333333,1,2023,Winter
2023-01-17,8.329166666666667,16.4,2.7,24,0.0,68.875,1,2023,Winter
2023-01-18,8.4625,16.5,2.4,24,0.0,70.41666666666667,1,2023,Winter
2023-01-19,12.0625,17.8,5.9,24,0.1,67.54166666666667,1,2023,Winter
2023-01-20,13.741666666666667,19.4,10.1,24,0.0,72.33333333333333,1,2023,Winter
2023-01-21,12.779166666666667,20.0,6.9,24,0.0,80.95833333333333,1,2023,Winter
2023-01-22,13.783333333333333,21.4,7.4,24,0.0,73.75,1,2023,Winter
2023-01-23,15.308333333333332,22.5,8.6,24,0.0,65.95833333333333,1,2023,Winter
2023-01-24,16.733333333333334,21.2,11.9,24,5.3,81.08333333333333,1,2023,Winter
2023-01-25,16.4375,21.0,11.9,24,1.0,83.45833333333333,1,2023,Winter
2023-01-26,14.3375,19.0,9.9,24,0.0,76.83333333333333,1,2023,Winter
2023-01-27,12.125,18.5,7.5,24,0.0,68.20833333333333,1,2023,Winter
2023-01-28,12.5375,20.7,6.5,24,0.0,68.45833333333333,1,2023,Winter
2023-01-29,12.829166666666666,16.4,8.3,24,4.2,84.29166666666667,1,2023,Winter
2023-01-30,13.3375,16.5,9.9,24,7.1000000000000005,87.16666666666667,1,2023,Winter
2023-01-31,13.8375,20.5,9.4,24,0.0,84.70833333333333,1,2023,Winter
2023-02-01,13.554166666666667,20.1,9.1,24,0.0,76.5,2,2023,Winter
2023-02-02,14.383333333333333,21.7,8.9,24,0.0,67.29166666666667,2,2023,Winter
2023-02-03,14.595833333333333,22.3,8.9,24,0.0,71.25,2,2023,Winter
2023-02-04,15.5375,22.9,10.1,24,0.0,67.91666666666667,2,2023,Winter
2023-02-05,16.829166666666666,23.3,10.4,24,0.0,64.83333333333333,2,2023,Winter
2023-02-06,17.337500000000002,25.2,9.9,24,0.0,71.95833333333333,2,2023,Winter
2023-02-07,16.679166666666667,23.4,11.9,24,0.0,70.54166666666667,2,2023,Winter
2023-02-08,15.333333333333334,22.6,9.9,24,0.0,59.208333333333336,2,2023,Winter
2023-02-09,17.441666666666666,25.8,9.9,24,0.0,62.0,2,2023,Winter
2023-02-10,18.483333333333334,25.5,12.8,24,0.0,72.95833333333333,2,2023,Winter
2023-02-11,18.495833333333334,25.7,12.9,24,0.0,65.20833333333333,2,2023,Winter
2023-02-12,15.629166666666668,22.0,10.5,24,0.0,47.916666666666664,2,2023,Winter
2023-02-13,14.737499999999999,21.0,9.5,24,0.0,36.208333333333336,2,2023,Winter
2023-02-14,16.379166666666666,23.5,10.5,24,0.0,47.0,2,2023,Winter
2023-02-15,18.129166666666666,25.9,12.8,24,0.0,55.333333333333336,2,2023,Winter
2023-02-16,18.270833333333332,26.1,11.5,24,0.0,70.54166666666667,2,2023,Winter
2023-02-17,19.608333333333334,26.6,13.3,24,0.0,76.45833333333333,2,2023,Winter
2023-02-18,19.041666666666668,26.4,12.5,24,0.0,77.66666666666667,2,2023,Winter
2023-02-19,20.8625,27.9,14.4,24,0.0,70.66666666666667,2,2023,Winter
2023-02-20,22.27916666666667,30.6,15.2,24,0.0,65.20833333333333,2,2023,Winter
2023-02-21,21.537499999999998,28.9,15.1,24,0.0,61.0,2,2023,Winter
2023-02-22,20.366666666666667,28.1,13.4,24,0.0,63.458333333333336,2,2023,Winter
2023-02-23,19.666666666666668,27.4,13.2,24,0.0,54.083333333333336,2,2023,Winter
2023-02-24,19.4375,27.5,11.9,24,0.0,52.916666666666664,2,2023,Winter
2023-02-25,20.416666666666668,28.4,12.1,24,0.0,56.791666666666664,2,2023,Winter
2023-02-26,21.754166666666666,29.5,14.4,24,0.0,54.458333333333336,2,2023,Winter
2023-02-27,22.054166666666664,29.6,14.4,24,0.0,54.0,2,2023,Winter
2023-02-28,21.337500000000002,28.8,14.2,24,0.0,51.041666666666664,2,2023,Winter
2023-03-01,21.45,29.1,15.8,24,0.0,52.041666666666664,3,2023,Summer
2023-03-02,21.666666666666668,29.6,15.4,24,0.0,57.0,3,2023,Summer
2023-03-03,22.254166666666666,30.5,16.2,24,0.0,57.5,3,2023,Summer
2023-03-04,21.912499999999998,29.5,17.3,24,0.0,56.958333333333336,3,2023,Summer
2023-03-05,22.075,29.5,15.6,24,0.0,54.541666666666664,3,2023,Summer
2023-03-06,21.016666666666666,28.5,14.7,24,0.0,53.416666666666664,3,2023,Summer
2023-03-07,21.0,28.4,14.1,24,0.0,54.625,3,2023,Summer
2023-03-08,20.7625,27.5,14.1,24,0.0,58.291666666666664,3,2023,Summer
2023-03-09,20.845833333333335,28.4,14.6,24,0.0,64.58333333333333,3,2023,Summer
2023-03-10,21.525000000000002,29.0,14.1,24,0.0,62.833333333333336,3,2023,Summer
2023-03-11,22.541666666666668,29.5,14.8,24,0.0,55.875,3,2023,Summer
2023-03-12,23.520833333333332,31.1,15.3,24,0.0,53.791666666666664,3,2023,Summer
2023-03-13,23.47083333333333,32.0,16.0,24,0.0,54.416666666666664,3,2023,Summer
2023-03-14,24.245833333333334,31.5,17.2,24,0.0,48.5,3,2023,Summer
2023-03-15,24.77916666666667,32.2,17.2,24,0.0,43.416666666666664,3,2023,Summer
2023-03-16,24.520833333333332,31.9,19.0,24,0.1,42.5,3,2023,Summer
2023-03-17,22.541666666666668,28.4,19.5,24,1.7000000000000002,58.666666666666664,3,2023,Summer
2023-03-18,20.025000000000002,26.0,16.6,24,7.0,79.70833333333333,3,2023,Summer
2023-03-19,20.108333333333334,25.5,15.2,24,0.4,81.0,3,2023,Summer
2023-03-20,18.75,23.5,15.6,24,19.9,86.41666666666667,3,2023,Summer
2023-03-21,18.349999999999998,23.0,14.8,24,1.8000000000000003,83.75,3,2023,Summer
2023-03-22,19.316666666666666,26.1,14.1,24,0.0,77.54166666666667,3,2023,Summer
2023-03-23,21.320833333333333,28.2,15.1,24,0.0,65.5,3,2023,Summer
2023-03-24,21.34583333333333,27.5,17.0,24,24.7,70.04166666666667,3,2023,Summer
2023-03-25,21.212500000000002,26.8,17.1,24,3.7,76.54166666666667,3,2023,Summer
2023-03-26,21.745833333333334,27.8,16.3,24,0.0,61.125,3,2023,Summer
2023-03-27,20.666666666666668,26.9,14.8,24,0.0,62.875,3,2023,Summer
2023-03-28,21.870833333333334,28.6,15.2,24,0.0,59.375,3,2023,Summer
2023-03-29,23.0625,30.8,16.2,24,0.0,57.75,3,2023,Summer
2023-03-30,21.666666666666668,30.9,17.7,24,15.700000000000001,69.625,3,2023,Summer
2023-03-31,19.745833333333334,24.4,16.8,24,5.0,83.08333333333333,3,2023,Summer
2023-04-01,19.845833333333335,25.4,14.9,24,0.5,80.45833333333333,4,2023,Summer
2023-04-02,21.829166666666666,28.5,15.9,24,0.0,69.875,4,2023,Summer
2023-04-03,22.875,30.8,15.3,24,0.0,62.583333333333336,4,2023,Summer
2023-04-04,22.195833333333336,28.0,17.0,24,0.2,60.625,4,2023,Summer
2023-04-05,22.95,30.2,16.2,24,0.0,50.333333333333336,4,2023,Summer
2023-04-06,23.870833333333334,31.3,16.6,24,0.0,40.541666666666664,4,2023,Summer
2023-04-07,24.27916666666667,31.2,17.4,24,0.0,37.041666666666664,4,2023,Summer
2023-04-08,24.383333333333336,31.8,17.1,24,0.0,33.541666666666664,4,2023,Summer
2023-04-09,26.15833333333333,33.1,18.0,24,0.0,29.625,4,2023,Summer
2023-04-10,26.425,33.2,19.7,24,0.0,28.708333333333332,4,2023,Summer
2023-04-11,27.662499999999998,35.9,19.4,24,0.0,27.625,4,2023,Summer
2023-04-12,29.429166666666664,36.3,23.0,24,0.0,26.791666666666668,4,2023,Summer
2023-04-13,29.474999999999998,37.2,22.1,24,0.0,27.583333333333332,4,2023,Summer
2023-04-14,29.55,37.3,21.8,24,0.0,27.083333333333332,4,2023,Summer
2023-04-15,30.95,39.1,22.0,24,0.0,23.083333333333332,4,2023,Summer
2023-04-16,31.266666666666666,39.2,22.7,24,0.0,24.916666666666668,4,2023,Summer
2023-04-17,32.516666666666666,39.0,24.4,24,0.0,24.708333333333332,4,2023,Summer
2023-04-18,32.574999999999996,39.1,25.5,24,0.0,23.375,4,2023,Summer
2023-04-19,29.7625,37.2,25.1,24,0.0,35.541666666666664,4,2023,Summer
2023-04-20,28.087500000000002,34.7,23.3,24,0.0,44.208333333333336,4,2023,Summer
2023-04-21,28.808333333333334,35.2,22.4,24,0.0,34.25,4,2023,Summer
2023-04-22,28.608333333333334,35.1,20.8,24,0.0,25.916666666666668,4,2023,Summer
2023-04-23,26.912499999999998,33.8,20.9,24,0.0,27.0,4,2023,Summer
2023-04-24,26.05,31.9,20.0,24,0.0,34.708333333333336,4,2023,Summer
2023-04-25,27.058333333333334,33.2,20.5,24,0.0,36.583333333333336,4,2023,Summer
2023-04-26,28.920833333333334,35.5,22.1,24,0.0,32.291666666666664,4,2023,Summer
2023-04-27,29.0625,35.8,23.6,24,0.0,30.458333333333332,4,2023,Summer
2023-04-28,27.9375,33.5,22.4,24,0.0,36.041666666666664,4,2023,Summer
2023-04-29,26.445833333333336,33.3,21.8,24,0.6,48.583333333333336,4,2023,Summer
2023-04-30,24.59583333333333,30.4,21.1,24,1.4,61.25,4,2023,Summer
2023-05-01,22.09583333333333,27.8,19.8,24,5.4,80.33333333333333,5,2023,Summer
2023-05-02,22.5125,28.0,19.3,24,5.3999999999999995,80.91666666666667,5,2023,Summer
2023-05-03,22.441666666666666,28.2,19.9,24,6.8,80.66666666666667,5,2023,Summer
2023-05-04,24.2375,29.6,18.7,24,0.0,73.125,5,2023,Summer
2023-05-05,25.929166666666664,30.8,20.6,24,5.3999999999999995,59.0,5,2023,Summer
2023-05-06,27.337500000000002,35.3,20.2,24,0.0,48.208333333333336,5,2023,Summer
2023-05-07,28.933333333333334,36.0,22.0,24,0.0,38.958333333333336,5,2023,Summer
2023-05-08,29.204166666666666,36.6,21.9,24,0.0,40.208333333333336,5,2023,Summer
2023-05-09,29.516666666666666,37.1,21.4,24,0.0,33.708333333333336,5,2023,Summer
2023-05-10,29.6875,36.5,21.9,24,0.0,22.25,5,2023,Summer
2023-05-11,31.0,38.9,22.0,24,0.0,21.583333333333332,5,2023,Summer
2023-05-12,33.25416666666667,41.7,23.0,24,0.0,23.166666666666668,5,2023,Summer
2023-05-13,33.016666666666666,41.5,24.7,24,0.0,26.083333333333332,5,2023,Summer
2023-05-14,32.1875,40.2,25.9,24,0.0,29.541666666666668,5,2023,Summer
2023-05-15,32.80833333333333,40.5,24.1,24,0.0,25.958333333333332,5,2023,Summer
2023-05-16,32.19583333333333,38.5,25.5,24,0.0,26.75,5,2023,Summer
2023-05-17,32.6625,40.9,24.2,24,0.0,27.083333333333332,5,2023,Summer
2023-05-18,30.8,37.7,23.9,24,0.0,38.416666666666664,5,2023,Summer
2023-05-19,31.900000000000002,38.2,26.0,24,0.0,33.791666666666664,5,2023,Summer
2023-05-20,32.916666666666664,40.3,24.8,24,0.0,27.75,5,2023,Summer
2023-05-21,34.81666666666667,42.9,26.5,24,0.0,21.583333333333332,5,2023,Summer
2023-05-22,36.12916666666667,42.4,28.8,24,0.0,20.083333333333332,5,2023,Summer
2023-05-23,35.266666666666666,43.6,30.0,24,1.0,27.583333333333332,5,2023,Summer
2023-05-24,30.833333333333332,37.7,26.2,24,0.2,46.5,5,2023,Summer
2023-05-25,28.09166666666667,34.0,23.4,24,0.1,58.375,5,2023,Summer
2023-05-26,28.520833333333332,34.2,22.5,24,0.0,55.625,5,2023,Summer
2023-05-27,27.333333333333332,33.8,21.4,24,15.100000000000001,62.291666666666664,5,2023,Summer
2023-05-28,27.358333333333334,33.6,24.0,24,0.2,65.54166666666667,5,2023,Summer
2023-05-29,27.066666666666666,33.2,22.5,24,1.8,70.125,5,2023,Summer
2023-05-30,27.229166666666668,34.1,22.7,24,0.5,66.125,5,2023,Summer
2023-05-31,24.5625,30.1,21.5,24,2.2,75.70833333333333,5,2023,Summer
2023-06-01,26.266666666666666,33.6,20.0,24,0.4,66.33333333333333,6,2023,Monsoon
2023-06-02,27.370833333333334,32.5,22.0,24,1.4,57.375,6,2023,Monsoon
2023-06-03,29.0625,34.8,22.7,24,0.0,52.125,6,2023,Monsoon
2023-06-04,29.02916666666667,36.2,23.5,24,1.6,58.666666666666664,6,2023,Monsoon
2023-06-05,30.245833333333334,37.0,25.1,24,0.1,52.458333333333336,6,2023,Monsoon
2023-06-06,31.0,37.8,24.0,24,0.0,44.916666666666664,6,2023,Monsoon
2023-06-07,31.287499999999998,37.7,23.8,24,0.0,40.875,6,2023,Monsoon
2023-06-08,32.30416666666667,38.9,24.8,24,0.0,37.083333333333336,6,2023,Monsoon
2023-06-09,33.88333333333333,40.7,25.0,24,0.0,35.625,6,2023,Monsoon
2023-06-10,34.24583333333333,40.3,27.6,24,0.0,39.5,6,2023,Monsoon
2023-06-11,33.545833333333334,39.1,27.9,24,0.0,46.541666666666664,6,2023,Monsoon
2023-06-12,34.791666666666664,40.7,28.5,24,0.0,44.916666666666664,6,2023,Monsoon
2023-06-13,36.025,41.8,30.2,24,0.0,36.125,6,2023,Monsoon
2023-06-14,35.574999999999996,40.5,30.5,24,0.0,36.583333333333336,6,2023,Monsoon
2023-06-15,33.324999999999996,37.3,30.3,24,0.4,46.208333333333336,6,2023,Monsoon
2023-06-16,32.020833333333336,38.0,25.5,24,1.6,53.333333333333336,6,2023,Monsoon
2023-06-17,32.824999999999996,39.3,28.0,24,0.30000000000000004,54.708333333333336,6,2023,Monsoon
2023-06-18,32.0875,38.7,28.0,24,4.1000000000000005,59.875,6,2023,Monsoon
2023-06-19,29.616666666666664,32.3,27.4,24,6.1,71.16666666666667,6,2023,Monsoon
2023-06-20,30.59166666666667,36.5,26.1,24,16.599999999999998,67.04166666666667,6,2023,Monsoon
2023-06-21,29.337500000000002,35.6,25.6,24,20.3,76.70833333333333,6,2023,Monsoon
2023-06-22,31.370833333333334,36.0,27.1,24,2.7,71.70833333333333,6,2023,Monsoon
2023-06-23,30.816666666666666,35.3,26.1,24,6.1,76.45833333333333,6,2023,Monsoon
2023-06-24,30.891666666666666,34.5,27.6,24,10.7,74.875,6,2023,Monsoon
2023-06-25,27.979166666666668,32.3,25.8,24,13.6,86.41666666666667,6,2023,Monsoon
2023-06-26,27.979166666666668,32.9,25.2,24,13.3,83.70833333333333,6,2023,Monsoon
2023-06-27,28.695833333333336,34.0,25.2,24,6.3,81.91666666666667,6,2023,Monsoon
2023-06-28,28.995833333333334,33.8,25.5,24,12.5,82.375,6,2023,Monsoon
2023-06-29,28.5125,32.4,25.9,24,10.4,82.66666666666667,6,2023,Monsoon
2023-06-30,28.875,33.8,25.3,24,10.5,81.20833333333333,6,2023,Monsoon
2023-07-01,29.079166666666666,33.7,24.6,24,1.9000000000000001,77.83333333333333,7,2023,Monsoon
2023-07-02,30.520833333333332,35.3,25.9,24,0.9,73.16666666666667,7,2023,Monsoon
2023-07-03,31.066666666666666,36.5,27.0,24,4.5,71.66666666666667,7,2023,Monsoon
2023-07-04,30.745833333333334,36.7,26.1,24,2.5,73.66666666666667,7,2023,Monsoon
2023-07-05,29.075,33.5,24.4,24,13.000000000000002,80.54166666666667,7,2023,Monsoon
2023-07-06,29.025000000000002,33.0,25.2,24,4.8,76.5,7,2023,Monsoon
2023-07-07,28.525000000000002,33.2,24.9,24,10.0,82.70833333333333,7,2023,Monsoon
2023-07-08,27.2,29.6,26.0,24,34.4,91.20833333333333,7,2023,Monsoon
2023-07-09,27.016666666666666,30.8,25.1,24,29.7,91.33333333333333,7,2023,Monsoon
2023-07-10,27.604166666666668,31.0,25.8,24,34.1,90.08333333333333,7,2023,Monsoon
2023-07-11,28.679166666666664,33.8,25.0,24,9.700000000000001,83.16666666666667,7,2023,Monsoon
2023-07-12,28.808333333333334,33.8,26.0,24,4.1,85.625,7,2023,Monsoon
2023-07-13,29.445833333333336,34.0,25.8,24,0.8,80.79166666666667,7,2023,Monsoon
2023-07-14,28.620833333333334,33.7,26.1,24,12.400000000000002,84.08333333333333,7,2023,Monsoon
2023-07-15,28.974999999999998,33.7,26.1,24,9.9,84.45833333333333,7,2023,Monsoon
2023-07-16,28.820833333333336,33.2,25.4,24,14.2,85.625,7,2023,Monsoon
2023-07-17,29.108333333333334,33.5,26.5,24,10.3,84.58333333333333,7,2023,Monsoon
2023-07-18,28.28333333333333,32.1,25.7,24,9.1,85.25,7,2023,Monsoon
2023-07-19,28.916666666666668,33.5,26.5,24,8.8,85.16666666666667,7,2023,Monsoon
2023-07-20,29.791666666666668,35.2,26.9,24,47.699999999999996,81.29166666666667,7,2023,Monsoon
2023-07-21,31.108333333333334,35.5,27.0,24,0.9,75.29166666666667,7,2023,Monsoon
2023-07-22,30.6125,34.3,27.0,24,6.0,76.54166666666667,7,2023,Monsoon
2023-07-23,30.950000000000003,34.2,28.3,24,0.6000000000000001,73.25,7,2023,Monsoon
2023-07-24,30.079166666666666,34.3,27.1,24,12.399999999999999,78.66666666666667,7,2023,Monsoon
2023-07-25,29.483333333333334,34.4,25.8,24,13.799999999999999,81.91666666666667,7,2023,Monsoon
2023-07-26,27.058333333333334,30.0,25.5,24,21.6,89.875,7,2023,Monsoon
2023-07-27,28.675,32.0,26.2,24,10.6,86.66666666666667,7,2023,Monsoon
2023-07-28,28.175,32.8,26.4,24,22.5,87.29166666666667,7,2023,Monsoon
2023-07-29,27.90416666666667,31.0,24.6,24,10.600000000000001,84.33333333333333,7,2023,Monsoon
2023-07-30,28.974999999999998,33.3,24.8,24,3.5,79.75,7,2023,Monsoon
2023-07-31,29.670833333333334,33.8,25.1,24,1.0,77.625,7,2023,Monsoon
2023-08-01,30.445833333333336,34.8,26.9,24,0.30000000000000004,75.04166666666667,8,2023,Monsoon
2023-08-02,30.258333333333336,35.0,27.2,24,1.2000000000000002,78.375,8,2023,Monsoon
2023-08-03,29.412499999999998,34.2,26.5,24,12.7,81.75,8,2023,Monsoon
2023-08-04,28.625,31.7,26.0,24,14.4,86.41666666666667,8,2023,Monsoon
2023-08-05,29.670833333333334,33.7,26.4,24,5.3,82.70833333333333,8,2023,Monsoon
2023-08-06,30.125,34.9,26.0,24,1.7,74.41666666666667,8,2023,Monsoon
2023-08-07,30.016666666666666,34.1,27.1,24,0.5,68.45833333333333,8,2023,Monsoon
2023-08-08,30.358333333333334,34.3,27.0,24,0.0,67.16666666666667,8,2023,Monsoon
2023-08-09,30.704166666666666,34.5,27.4,24,0.1,65.29166666666667,8,2023,Monsoon
2023-08-10,30.070833333333336,34.5,27.2,24,1.7,69.375,8,2023,Monsoon
2023-08-11,30.670833333333334,34.5,27.2,24,1.4000000000000001,67.04166666666667,8,2023,Monsoon
2023-08-12,31.424999999999997,35.5,28.2,24,0.0,55.958333333333336,8,2023,Monsoon
2023-08-13,31.25,35.5,27.7,24,0.5,60.666666666666664,8,2023,Monsoon
2023-08-14,29.808333333333334,33.6,27.1,24,0.0,66.70833333333333,8,2023,Monsoon
2023-08-15,29.866666666666664,34.6,25.8,24,0.0,74.625,8,2023,Monsoon
2023-08-16,30.879166666666666,36.0,26.0,24,0.0,69.125,8,2023,Monsoon
2023-08-17,31.849999999999998,36.1,27.6,24,0.0,59.333333333333336,8,2023,Monsoon
2023-08-18,31.78333333333333,36.1,28.0,24,0.0,60.833333333333336,8,2023,Monsoon
2023-08-19,30.366666666666664,34.1,26.1,24,7.3999999999999995,74.95833333333333,8,2023,Monsoon
2023-08-20,31.8,35.8,27.8,24,0.1,68.5,8,2023,Monsoon
2023-08-21,31.96666666666667,36.2,28.0,24,0.8,69.70833333333333,8,2023,Monsoon
2023-08-22,31.120833333333334,36.3,27.4,24,9.7,75.83333333333333,8,2023,Monsoon
2023-08-23,28.195833333333336,30.5,26.0,24,13.1,86.70833333333333,8,2023,Monsoon
2023-08-24,29.383333333333336,33.7,24.9,24,0.0,70.58333333333333,8,2023,Monsoon
2023-08-25,30.354166666666668,34.3,26.0,24,0.0,61.708333333333336,8,2023,Monsoon
2023-08-26,30.6375,34.5,27.5,24,0.1,58.75,8,2023,Monsoon
2023-08-27,30.599999999999998,35.5,27.0,24,0.0,55.541666666666664,8,2023,Monsoon
2023-08-28,29.545833333333334,34.2,26.5,24,0.6000000000000001,63.0,8,2023,Monsoon
2023-08-29,30.575,35.6,25.8,24,0.0,59.166666666666664,8,2023,Monsoon
2023-08-30,30.875,36.5,26.5,24,0.0,58.25,8,2023,Monsoon
2023-08-31,31.0625,36.5,25.1,24,0.0,60.25,8,2023,Monsoon
2023-09-01,31.84166666666667,37.5,26.5,24,0.0,55.625,9,2023,Monsoon
2023-09-02,31.833333333333332,37.2,27.1,24,0.0,51.041666666666664,9,2023,Monsoon
2023-09-03,31.275000000000002,36.7,26.3,24,0.0,52.708333333333336,9,2023,Monsoon
2023-09-04,31.333333333333332,37.3,25.6,24,0.0,51.458333333333336,9,2023,Monsoon
2023-09-05,30.708333333333332,36.2,26.5,24,6.1,66.83333333333333,9,2023,Monsoon
2023-09-06,30.9375,36.2,24.3,24,1.7,64.08333333333333,9,2023,Monsoon
2023-09-07,31.866666666666664,38.3,27.0,24,0.0,59.5,9,2023,Monsoon
2023-09-08,30.254166666666666,36.5,25.5,24,1.3,67.79166666666667,9,2023,Monsoon
2023-09-09,27.791666666666668,32.3,25.4,24,2.5,79.91666666666667,9,2023,Monsoon
2023-09-10,26.087500000000002,30.0,24.1,24,35.300000000000004,88.875,9,2023,Monsoon
2023-09-11,27.53333333333333,32.1,23.9,24,1.0,80.75,9,2023,Monsoon
2023-09-12,28.84166666666667,33.3,24.4,24,0.0,78.0,9,2023,Monsoon
2023-09-13,29.837500000000002,33.8,26.8,24,7.5,78.45833333333333,9,2023,Monsoon
2023-09-14,29.575000000000003,34.8,26.5,24,8.9,79.75,9,2023,Monsoon
2023-09-15,27.712500000000002,31.9,25.6,24,20.0,88.58333333333333,9,2023,Monsoon
2023-09-16,28.6125,32.2,26.3,24,11.5,83.0,9,2023,Monsoon
2023-09-17,27.370833333333334,31.1,25.4,24,6.0,86.25,9,2023,Monsoon
2023-09-18,28.0,31.7,25.0,24,0.5,79.875,9,2023,Monsoon
2023-09-19,28.683333333333334,33.1,24.8,24,0.2,77.79166666666667,9,2023,Monsoon
2023-09-20,29.337500000000002,33.2,25.6,24,1.5999999999999999,76.45833333333333,9,2023,Monsoon
2023-09-21,28.8125,33.3,25.9,24,2.5,82.95833333333333,9,2023,Monsoon
2023-09-22,29.179166666666664,33.2,25.2,24,0.4,79.125,9,2023,Monsoon
2023-09-23,28.462500000000002,32.5,25.7,24,1.2000000000000002,83.375,9,2023,Monsoon
2023-09-24,27.791666666666668,32.8,23.5,24,1.8,80.16666666666667,9,2023,Monsoon
2023-09-25,28.5625,32.9,24.5,24,0.2,76.16666666666667,9,2023,Monsoon
2023-09-26,28.770833333333332,32.9,24.9,24,0.2,72.58333333333333,9,2023,Monsoon
2023-09-27,27.8125,33.3,23.3,24,0.0,65.29166666666667,9,2023,Monsoon
2023-09-28,26.629166666666666,33.0,20.5,24,0.0,61.875,9,2023,Monsoon
2023-09-29,26.791666666666668,33.2,20.4,24,0.0,61.458333333333336,9,2023,Monsoon
2023-09-30,27.958333333333332,34.8,22.8,24,0.0,56.666666666666664,9,2023,Monsoon
2023-10-01,27.379166666666666,34.5,21.3,24,0.0,53.458333333333336,10,2023,Post-monsoon
2023-10-02,26.712500000000002,33.8,20.1,24,0.0,42.625,10,2023,Post-monsoon
2023-10-03,26.354166666666668,33.8,20.0,24,0.0,40.291666666666664,10,2023,Post-monsoon
2023-10-04,26.299999999999997,33.8,18.9,24,0.0,53.375,10,2023,Post-monsoon
2023-10-05,26.391666666666666,34.2,19.9,24,0.0,51.916666666666664,10,2023,Post-monsoon
2023-10-06,27.295833333333334,35.2,19.9,24,0.0,50.958333333333336,10,2023,Post-monsoon
2023-10-07,28.25,35.0,21.5,24,0.0,60.375,10,2023,Post-monsoon
2023-10-08,29.67916666666667,35.2,24.0,24,0.0,58.458333333333336,10,2023,Post-monsoon
2023-10-09,29.320833333333336,35.2,24.5,24,0.0,54.25,10,2023,Post-monsoon
2023-10-10,28.3625,33.5,24.4,24,2.5,54.625,10,2023,Post-monsoon
2023-10-11,26.483333333333334,33.7,21.2,24,0.0,57.083333333333336,10,2023,Post-monsoon
2023-10-12,25.825,33.2,18.9,24,0.0,53.916666666666664,10,2023,Post-monsoon
2023-10-13,27.53333333333333,34.7,20.2,24,0.0,54.791666666666664,10,2023,Post-monsoon
2023-10-14,28.208333333333332,35.0,21.5,24,0.0,52.166666666666664,10,2023,Post-monsoon
2023-10-15,27.295833333333334,33.7,22.3,24,0.1,54.625,10,2023,Post-monsoon
2023-10-16,24.3125,29.0,19.8,24,9.9,65.08333333333333,10,2023,Post-monsoon
2023-10-17,22.291666666666668,28.5,18.5,24,3.3,72.70833333333333,10,2023,Post-monsoon
2023-10-18,22.541666666666668,29.0,17.1,24,0.0,64.95833333333333,10,2023,Post-monsoon
2023-10-19,21.97083333333333,28.5,16.9,24,0.0,62.916666666666664,10,2023,Post-monsoon
2023-10-20,22.09583333333333,29.0,16.5,24,0.0,66.875,10,2023,Post-monsoon
2023-10-21,22.525000000000002,29.6,16.6,24,0.0,64.54166666666667,10,2023,Post-monsoon
2023-10-22,23.099999999999998,30.4,17.0,24,0.0,63.541666666666664,10,2023,Post-monsoon
2023-10-23,23.133333333333336,29.7,17.4,24,0.0,65.41666666666667,10,2023,Post-monsoon
2023-10-24,23.291666666666668,30.5,17.4,24,0.0,61.166666666666664,10,2023,Post-monsoon
2023-10-25,23.087500000000002,30.6,17.0,24,0.0,60.041666666666664,10,2023,Post-monsoon
2023-10-26,22.65833333333333,30.5,16.2,24,0.0,58.541666666666664,10,2023,Post-monsoon
2023-10-27,22.8,30.4,15.8,24,0.0,51.875,10,2023,Post-monsoon
2023-10-28,24.037499999999998,29.9,18.5,24,0.0,50.5,10,2023,Post-monsoon
2023-10-29,23.804166666666664,31.4,16.6,24,0.0,59.083333333333336,10,2023,Post-monsoon
2023-10-30,23.837500000000002,31.3,17.7,24,0.0,67.83333333333333,10,2023,Post-monsoon
2023-10-31,24.099999999999998,30.8,18.7,24,0.0,69.04166666666667,10,2023,Post-monsoon
2023-11-01,23.920833333333334,30.5,18.8,24,0.0,66.79166666666667,11,2023,Post-monsoon
2023-11-02,23.95,30.4,18.1,24,0.0,66.25,11,2023,Post-monsoon
2023-11-03,22.45,28.5,17.4,24,1.1,70.5,11,2023,Post-monsoon
2023-11-04,22.46666666666667,29.5,15.9,24,0.0,66.41666666666667,11,2023,Post-monsoon
2023-11-05,22.708333333333332,29.6,16.0,24,0.0,61.916666666666664,11,2023,Post-monsoon
2023-11-06,22.15416666666667,29.3,15.1,24,0.0,60.0,11,2023,Post-monsoon
2023-11-07,22.266666666666666,30.0,15.4,24,0.0,65.95833333333333,11,2023,Post-monsoon
2023-11-08,22.27916666666667,29.4,16.0,24,0.0,67.375,11,2023,Post-monsoon
2023-11-09,21.995833333333334,29.3,15.9,24,0.0,68.08333333333333,11,2023,Post-monsoon
2023-11-10,20.283333333333335,25.1,16.0,24,10.200000000000001,76.91666666666667,11,2023,Post-monsoon
2023-11-11,19.033333333333335,25.1,14.9,24,0.0,76.70833333333333,11,2023,Post-monsoon
2023-11-12,18.73333333333333,25.1,13.9,24,0.0,74.20833333333333,11,2023,Post-monsoon
2023-11-13,18.845833333333335,25.4,13.1,24,0.0,74.0,11,2023,Post-monsoon
2023-11-14,18.829166666666666,25.2,13.6,24,0.0,71.125,11,2023,Post-monsoon
2023-11-15,18.245833333333334,25.7,12.3,24,0.0,72.375,11,2023,Post-monsoon
2023-11-16,19.5,26.0,12.8,24,0.0,69.625,11,2023,Post-monsoon
2023-11-17,20.329166666666666,26.8,14.3,24,0.0,71.375,11,2023,Post-monsoon
2023-11-18,19.779166666666665,26.2,14.1,24,0.0,71.875,11,2023,Post-monsoon
2023-11-19,19.779166666666665,25.6,13.5,24,0.0,68.04166666666667,11,2023,Post-monsoon
2023-11-20,19.400000000000002,25.5,13.4,24,0.0,66.25,11,2023,Post-monsoon
2023-11-21,18.39166666666667,25.1,12.7,24,0.0,70.83333333333333,11,2023,Post-monsoon
2023-11-22,17.775000000000002,24.9,12.9,24,0.0,67.20833333333333,11,2023,Post-monsoon
2023-11-23,17.070833333333333,24.4,10.4,24,0.0,74.95833333333333,11,2023,Post-monsoon
2023-11-24,17.741666666666667,24.9,12.3,24,0.0,74.375,11,2023,Post-monsoon
2023-11-25,18.125,24.8,11.2,24,0.0,71.25,11,2023,Post-monsoon
2023-11-26,18.579166666666666,25.1,13.1,24,0.0,72.54166666666667,11,2023,Post-monsoon
2023-11-27,18.179166666666667,24.3,15.1,24,3.8000000000000003,77.79166666666667,11,2023,Post-monsoon
2023-11-28,17.320833333333333,21.1,14.6,24,1.3,87.875,11,2023,Post-monsoon
2023-11-29,18.416666666666668,24.5,13.8,24,0.0,82.29166666666667,11,2023,Post-monsoon
2023-11-30,17.029166666666665,20.9,13.9,24,6.300000000000001,88.04166666666667,11,2023,Post-monsoon
2023-12-01,18.241666666666667,24.1,14.3,24,0.7,82.66666666666667,12,2023,Winter
2023-12-02,17.879166666666666,24.2,13.1,24,0.0,79.54166666666667,12,2023,Winter
2023-12-03,17.995833333333334,24.5,11.6,24,0.1,74.54166666666667,12,2023,Winter
2023-12-04,17.770833333333332,22.9,13.7,24,0.0,72.5,12,2023,Winter
2023-12-05,16.545833333333334,23.2,11.4,24,0.0,72.79166666666667,12,2023,Winter
2023-12-06,16.412499999999998,23.5,11.6,24,0.0,75.83333333333333,12,2023,Winter
2023-12-07,16.675,24.1,11.6,24,0.0,76.54166666666667,12,2023,Winter
2023-12-08,16.454166666666666,23.8,11.4,24,0.0,74.20833333333333,12,2023,Winter
2023-12-09,15.883333333333333,23.4,10.7,24,0.0,70.25,12,2023,Winter
2023-12-10,15.416666666666666,22.5,10.8,24,0.0,68.58333333333333,12,2023,Winter
2023-12-11,14.654166666666667,21.8,7.9,24,0.0,72.625,12,2023,Winter
2023-12-12,14.670833333333334,22.4,8.6,24,0.0,75.54166666666667,12,2023,Winter
2023-12-13,15.054166666666667,22.6,9.1,24,0.0,70.25,12,2023,Winter
2023-12-14,14.379166666666668,22.0,9.6,24,0.0,72.29166666666667,12,2023,Winter
2023-12-15,13.379166666666668,21.6,6.7,24,0.0,74.375,12,2023,Winter
2023-12-16,13.783333333333333,22.1,7.2,24,0.0,70.45833333333333,12,2023,Winter
2023-12-17,14.595833333333333,22.5,8.1,24,0.0,69.20833333333333,12,2023,Winter
2023-12-18,13.883333333333333,21.4,8.6,24,0.0,68.45833333333333,12,2023,Winter
2023-12-19,13.879166666666665,21.5,8.2,24,0.0,66.29166666666667,12,2023,Winter
2023-12-20,13.033333333333333,20.5,6.9,24,0.0,73.875,12,2023,Winter
2023-12-21,13.333333333333334,21.4,7.5,24,0.0,76.95833333333333,12,2023,Winter
2023-12-22,12.929166666666667,20.8,6.6,24,0.0,80.83333333333333,12,2023,Winter
2023-12-23,15.35,21.7,9.8,24,0.2,76.875,12,2023,Winter
2023-12-24,14.804166666666667,22.5,9.6,24,0.0,80.95833333333333,12,2023,Winter
2023-12-25,14.895833333333334,22.8,10.3,24,0.0,80.95833333333333,12,2023,Winter
2023-12-26,15.354166666666666,22.7,9.5,24,0.0,75.20833333333333,12,2023,Winter
2023-12-27,14.304166666666667,21.6,8.4,24,0.0,79.66666666666667,12,2023,Winter
2023-12-28,13.954166666666666,20.9,9.7,24,0.0,84.66666666666667,12,2023,Winter
2023-12-29,13.325000000000001,20.2,8.2,24,0.0,87.25,12,2023,Winter
2023-12-30,12.533333333333333,19.0,8.9,24,0.0,90.29166666666667,12,2023,Winter
2023-12-31,12.674999999999999,18.6,7.6,24,0.0,83.75,12,2023,Winter
2024-01-01,10.445833333333333,16.1,5.9,24,0.0,85.125,1,2024,Winter
2024-01-02,9.083333333333334,15.3,4.6,24,0.0,85.91666666666667,1,2024,Winter
2024-01-03,9.5,15.9,4.8,24,0.0,88.625,1,2024,Winter
2024-01-04,11.5375,17.9,5.2,24,0.0,82.04166666666667,1,2024,Winter
2024-01-05,11.637500000000001,17.2,7.3,24,0.1,85.29166666666667,1,2024,Winter
2024-01-06,11.5,17.0,6.3,24,0.0,82.5,1,2024,Winter
2024-01-07,11.35,17.2,5.8,24,0.0,82.16666666666667,1,2024,Winter
2024-01-08,10.783333333333333,18.4,5.5,24,0.0,87.29166666666667,1,2024,Winter
2024-01-09,10.729166666666666,18.0,6.3,24,0.0,86.375,1,2024,Winter
2024-01-10,8.970833333333333,15.8,4.6,24,0.0,85.0,1,2024,Winter
2024-01-11,9.158333333333333,15.4,5.6,24,0.0,88.54166666666667,1,2024,Winter
2024-01-12,9.904166666666667,17.4,5.7,24,0.0,86.625,1,2024,Winter
2024-01-13,10.033333333333333,18.1,5.8,24,0.0,86.29166666666667,1,2024,Winter
2024-01-14,9.387500000000001,18.0,4.2,24,0.0,86.33333333333333,1,2024,Winter
2024-01-15,8.445833333333333,15.6,4.4,24,0.0,88.25,1,2024,Winter
2024-01-16,8.2,16.7,3.2,24,0.0,87.66666666666667,1,2024,Winter
2024-01-17,9.808333333333334,18.0,3.5,24,0.0,83.625,1,2024,Winter
2024-01-18,10.541666666666666,17.5,5.1,24,0.0,87.08333333333333,1,2024,Winter
2024-01-19,9.85,16.8,5.8,24,0.0,89.625,1,2024,Winter
2024-01-20,9.404166666666667,16.0,4.7,24,0.0,88.79166666666667,1,2024,Winter
2024-01-21,8.779166666666667,15.9,4.8,24,0.0,89.75,1,2024,Winter
2024-01-22,8.954166666666667,16.9,4.2,24,0.0,87.41666666666667,1,2024,Winter
2024-01-23,10.308333333333334,17.3,4.8,24,0.0,88.58333333333333,1,2024,Winter
2024-01-24,10.804166666666667,17.9,6.2,24,0.0,86.66666666666667,1,2024,Winter
2024-01-25,9.608333333333333,16.9,5.3,24,0.0,89.29166666666667,1,2024,Winter
2024-01-26,10.9125,18.4,5.2,24,0.0,86.08333333333333,1,2024,Winter
2024-01-27,12.3375,20.5,6.3,24,0.0,76.875,1,2024,Winter
2024-01-28,13.795833333333334,20.2,6.9,24,0.0,79.08333333333333,1,2024,Winter
2024-01-29,14.554166666666667,21.3,9.4,24,0.0,84.95833333333333,1,2024,Winter
2024-01-30,13.708333333333334,20.5,10.0,24,0.0,89.91666666666667,1,2024,Winter
2024-01-31,14.025,20.1,9.9,24,5.5,91.91666666666667,1,2024,Winter
2024-02-01,15.383333333333333,21.2,12.1,24,25.8,86.20833333333333,2,2024,Winter
2024-02-02,12.875,19.3,8.6,24,0.0,84.45833333333333,2,2024,Winter
2024-02-03,13.950000000000001,20.6,7.6,24,0.0,70.79166666666667,2,2024,Winter
2024-02-04,15.820833333333333,21.2,12.4,24,7.0,85.41666666666667,2,2024,Winter
2024-02-05,15.054166666666667,19.6,10.3,24,1.7,82.83333333333333,2,2024,Winter
2024-02-06,12.125,18.6,7.4,24,0.0,75.0,2,2024,Winter
2024-02-07,12.4,18.0,7.2,24,0.0,66.45833333333333,2,2024,Winter
2024-02-08,12.833333333333334,19.0,8.1,24,0.0,65.5,2,2024,Winter
2024-02-09,13.083333333333334,20.4,7.8,24,0.0,68.875,2,2024,Winter
2024-02-10,12.450000000000001,19.7,6.1,24,0.0,82.375,2,2024,Winter
2024-02-11,13.975,21.4,7.6,24,0.0,75.91666666666667,2,2024,Winter
2024-02-12,14.283333333333333,21.5,7.3,24,0.0,76.41666666666667,2,2024,Winter
2024-02-13,14.725,21.0,9.4,24,0.0,77.125,2,2024,Winter
2024-02-14,15.579166666666666,22.5,9.1,24,0.0,75.25,2,2024,Winter
2024-02-15,15.329166666666666,23.4,9.1,24,0.0,70.66666666666667,2,2024,Winter
2024-02-16,15.120833333333332,24.1,7.6,24,0.0,67.08333333333333,2,2024,Winter
2024-02-17,15.941666666666668,24.5,8.6,24,0.0,62.875,2,2024,Winter
2024-02-18,18.6125,27.1,9.9,24,0.0,58.708333333333336,2,2024,Winter
2024-02-19,20.341666666666665,26.8,14.7,24,0.0,60.958333333333336,2,2024,Winter
2024-02-20,20.1875,27.3,15.2,24,0.2,66.16666666666667,2,2024,Winter
2024-02-21,18.45,25.9,12.1,24,0.0,57.958333333333336,2,2024,Winter
2024-02-22,17.400000000000002,24.0,10.9,24,0.0,51.375,2,2024,Winter
2024-02-23,15.612499999999999,22.8,8.5,24,0.0,47.75,2,2024,Winter
2024-02-24,16.191666666666666,23.4,9.3,24,0.0,45.291666666666664,2,2024,Winter
2024-02-25,17.3,25.0,10.4,24,0.0,38.916666666666664,2,2024,Winter
2024-02-26,17.558333333333334,24.6,11.1,24,0.0,45.708333333333336,2,2024,Winter
2024-02-27,18.033333333333335,24.5,14.1,24,0.9,46.041666666666664,2,2024,Winter
2024-02-28,16.8875,23.6,11.2,24,0.0,59.583333333333336,2,2024,Winter
2024-02-29,17.733333333333334,25.7,11.6,24,0.0,59.875,2,2024,Winter
2024-03-01,19.429166666666667,26.5,12.2,24,0.5,62.333333333333336,3,2024,Summer
2024-03-02,20.008333333333333,25.0,17.8,24,25.4,73.08333333333333,3,2024,Summer
2024-03-03,17.091666666666665,21.9,12.1,24,11.1,68.0,3,2024,Summer
2024-03-04,15.345833333333333,21.1,10.8,24,0.0,63.708333333333336,3,2024,Summer
2024-03-05,14.35,20.6,8.9,24,0.0,56.208333333333336,3,2024,Summer
2024-03-06,14.704166666666666,21.1,8.7,24,0.0,59.708333333333336,3,2024,Summer
2024-03-07,16.641666666666666,23.5,9.8,24,0.0,58.958333333333336,3,2024,Summer
2024-03-08,17.466666666666665,24.9,10.8,24,0.0,55.083333333333336,3,2024,Summer
2024-03-09,17.4875,24.9,11.9,24,0.0,53.208333333333336,3,2024,Summer
2024-03-10,18.816666666666666,25.9,11.5,24,0.0,56.083333333333336,3,2024,Summer
2024-03-11,21.679166666666664,28.5,14.9,24,0.0,51.625,3,2024,Summer
2024-03-12,21.208333333333332,28.5,14.2,24,0.0,51.458333333333336,3,2024,Summer
2024-03-13,20.420833333333334,28.1,12.6,24,0.0,58.625,3,2024,Summer
2024-03-14,21.0625,28.1,14.1,24,0.0,55.291666666666664,3,2024,Summer
2024-03-15,19.587500000000002,26.8,13.3,24,0.0,47.166666666666664,3,2024,Summer
2024-03-16,18.7,26.8,12.2,24,0.0,50.833333333333336,3,2024,Summer
2024-03-17,19.658333333333335,28.0,10.9,24,0.0,51.75,3,2024,Summer
2024-03-18,19.929166666666667,27.8,12.0,24,0.0,52.708333333333336,3,2024,Summer
2024-03-19,20.658333333333335,29.0,12.3,24,0.0,51.583333333333336,3,2024,Summer
2024-03-20,22.675,32.0,13.4,24,0.0,48.541666666666664,3,2024,Summer
2024-03-21,22.708333333333332,29.1,16.9,24,0.0,54.791666666666664,3,2024,Summer
2024-03-22,24.7625,32.4,17.8,24,0.0,51.208333333333336,3,2024,Summer
2024-03-23,25.7,33.8,18.0,24,0.0,45.541666666666664,3,2024,Summer
2024-03-24,24.40416666666667,31.0,18.5,24,0.1,44.75,3,2024,Summer
2024-03-25,24.925,32.8,16.6,24,0.0,47.625,3,2024,Summer
2024-03-26,25.712500000000002,32.9,18.0,24,0.0,43.833333333333336,3,2024,Summer
2024-03-27,28.150000000000002,35.4,20.1,24,0.0,42.583333333333336,3,2024,Summer
2024-03-28,28.412499999999998,37.0,20.9,24,0.0,44.458333333333336,3,2024,Summer
2024-03-29,27.849999999999998,35.2,20.9,24,0.7,47.083333333333336,3,2024,Summer
2024-03-30,28.25,35.2,23.1,24,0.0,39.916666666666664,3,2024,Summer
2024-03-31,27.083333333333332,34.3,20.0,24,0.0,37.833333333333336,3,2024,Summer
2024-04-01,24.666666666666668,31.3,18.2,24,0.0,39.458333333333336,4,2024,Summer
2024-04-02,25.233333333333334,32.8,17.0,24,0.0,33.458333333333336,4,2024,Summer
2024-04-03,27.90833333333333,35.0,20.6,24,0.0,25.791666666666668,4,2024,Summer
2024-04-04,29.162499999999998,36.4,20.5,24,0.0,25.75,4,2024,Summer
2024-04-05,28.237499999999997,35.6,21.2,24,0.0,24.375,4,2024,Summer
2024-04-06,27.224999999999998,35.0,19.9,24,0.0,21.5,4,2024,Summer
2024-04-07,26.90416666666667,35.4,17.2,24,0.0,20.833333333333332,4,2024,Summer
2024-04-08,27.175,36.2,17.1,24,0.0,22.958333333333332,4,2024,Summer
2024-04-09,28.712500000000002,37.8,18.0,24,0.0,19.25,4,2024,Summer
2024-04-10,28.895833333333332,38.5,19.8,24,0.0,21.0,4,2024,Summer
2024-04-11,29.95,38.0,22.1,24,0.0,21.25,4,2024,Summer
2024-04-12,30.508333333333336,38.8,21.8,24,0.0,20.916666666666668,4,2024,Summer
2024-04-13,30.84583333333333,38.5,25.3,24,1.2,26.958333333333332,4,2024,Summer
2024-04-14,27.15833333333333,33.5,22.9,24,0.5,46.541666666666664,4,2024,Summer
2024-04-15,28.558333333333334,36.7,21.8,24,0.0,47.5,4,2024,Summer
2024-04-16,29.445833333333336,35.5,23.1,24,0.0,37.5,4,2024,Summer
2024-04-17,28.9875,35.2,21.9,24,0.0,27.875,4,2024,Summer
2024-04-18,30.579166666666666,37.7,23.2,24,0.0,25.5,4,2024,Summer
2024-04-19,31.15833333333333,38.0,24.2,24,0.0,31.083333333333332,4,2024,Summer
2024-04-20,30.045833333333334,36.7,22.3,24,0.0,28.0,4,2024,Summer
2024-04-21,30.1375,36.6,23.6,24,0.0,26.833333333333332,4,2024,Summer
2024-04-22,30.645833333333332,37.0,24.4,24,0.0,25.708333333333332,4,2024,Summer
2024-04-23,29.454166666666666,37.5,21.7,24,0.0,27.958333333333332,4,2024,Summer
2024-04-24,29.391666666666666,36.8,21.0,24,0.0,29.041666666666668,4,2024,Summer
2024-04-25,29.6875,38.2,21.5,24,0.0,25.625,4,2024,Summer
2024-04-26,31.7,39.2,21.9,24,0.0,24.125,4,2024,Summer
2024-04-27,31.708333333333332,37.8,25.2,24,0.0,28.0,4,2024,Summer
2024-04-28,30.337500000000002,37.1,22.7,24,0.0,28.541666666666668,4,2024,Summer
2024-04-29,30.474999999999998,38.0,23.2,24,0.0,27.666666666666668,4,2024,Summer
2024-04-30,29.28333333333333,36.2,23.2,24,0.0,26.583333333333332,4,2024,Summer
2024-05-01,26.758333333333336,32.7,20.2,24,0.0,22.791666666666668,5,2024,Summer
2024-05-02,27.3875,34.8,18.9,24,0.0,27.083333333333332,5,2024,Summer
2024-05-03,29.912499999999998,38.0,19.6,24,0.0,22.958333333333332,5,2024,Summer
2024-05-04,32.6625,40.5,26.5,24,0.0,19.666666666666668,5,2024,Summer
2024-05-05,32.579166666666666,40.8,24.7,24,0.0,21.625,5,2024,Summer
2024-05-06,33.53333333333333,40.6,26.0,24,0.0,22.25,5,2024,Summer
2024-05-07,33.90833333333333,41.4,26.9,24,0.0,25.083333333333332,5,2024,Summer
2024-05-08,32.6875,39.7,27.0,24,0.0,39.208333333333336,5,2024,Summer
2024-05-09,32.449999999999996,39.2,26.2,24,0.1,37.125,5,2024,Summer
2024-05-10,31.791666666666668,39.5,26.0,24,0.4,43.875,5,2024,Summer
2024-05-11,31.825,38.8,25.9,24,0.30000000000000004,43.0,5,2024,Summer
2024-05-12,32.25833333333333,38.2,26.1,24,0.1,37.458333333333336,5,2024,Summer
2024-05-13,33.0375,40.3,26.0,24,0.0,29.083333333333332,5,2024,Summer
2024-05-14,32.675000000000004,40.7,24.5,24,0.0,20.708333333333332,5,2024,Summer
2024-05-15,33.94583333333333,42.2,24.5,24,0.0,20.25,5,2024,Summer
2024-05-16,34.15416666666667,42.5,25.2,24,0.0,19.375,5,2024,Summer
2024-05-17,36.1125,44.0,27.0,24,0.0,18.458333333333332,5,2024,Summer
2024-05-18,37.041666666666664,44.0,27.0,24,0.0,19.25,5,2024,Summer
2024-05-19,36.77916666666667,44.8,27.6,24,0.0,16.875,5,2024,Summer
2024-05-20,36.4125,43.7,29.1,24,0.0,18.833333333333332,5,2024,Summer
2024-05-21,35.125,43.0,27.9,24,0.0,27.166666666666668,5,2024,Summer
2024-05-22,35.37916666666667,41.1,29.8,24,0.0,35.458333333333336,5,2024,Summer
2024-05-23,35.81666666666667,41.5,30.5,24,0.0,35.083333333333336,5,2024,Summer
2024-05-24,35.75833333333333,40.8,30.4,24,0.0,35.625,5,2024,Summer
2024-05-25,37.52916666666667,44.3,30.5,24,0.0,27.208333333333332,5,2024,Summer
2024-05-26,38.15,45.7,28.5,24,0.0,17.458333333333332,5,2024,Summer
2024-05-27,37.833333333333336,45.7,29.6,24,0.0,17.958333333333332,5,2024,Summer
2024-05-28,37.27916666666667,45.8,28.9,24,0.0,13.708333333333334,5,2024,Summer
2024-05-29,38.6,46.1,31.1,24,0.0,17.333333333333332,5,2024,Summer
2024-05-30,39.166666666666664,45.8,33.0,24,0.0,16.041666666666668,5,2024,Summer
2024-05-31,37.208333333333336,45.8,27.7,24,0.0,12.791666666666666,5,2024,Summer
2024-06-01,37.375,44.0,31.3,24,0.0,17.083333333333332,6,2024,Monsoon
2024-06-02,36.32083333333333,41.4,30.5,24,0.0,25.375,6,2024,Monsoon
2024-06-03,37.108333333333334,44.7,29.4,24,0.0,24.625,6,2024,Monsoon
2024-06-04,36.9,43.8,30.6,24,0.0,18.625,6,2024,Monsoon
2024-06-05,36.71666666666667,41.8,30.9,24,0.0,22.625,6,2024,Monsoon
2024-06-06,34.795833333333334,40.9,27.9,24,0.0,28.541666666666668,6,2024,Monsoon
2024-06-07,35.09583333333333,42.2,28.9,24,0.1,30.333333333333332,6,2024,Monsoon
2024-06-08,34.699999999999996,40.2,28.3,24,0.0,27.458333333333332,6,2024,Monsoon
2024-06-09,35.079166666666666,42.2,28.3,24,0.0,22.625,6,2024,Monsoon
2024-06-10,35.9,43.0,27.9,24,0.0,18.25,6,2024,Monsoon
2024-06-11,36.225,43.2,28.9,24,0.0,19.125,6,2024,Monsoon
2024-06-12,36.833333333333336,44.4,27.9,24,0.0,17.708333333333332,6,2024,Monsoon
2024-06-13,37.65416666666667,44.8,29.6,24,0.0,19.625,6,2024,Monsoon
2024-06-14,37.55416666666667,43.5,33.1,24,0.0,27.041666666666668,6,2024,Monsoon
2024-06-15,37.737500000000004,43.3,32.2,24,0.0,26.75,6,2024,Monsoon
2024-06-16,38.395833333333336,44.0,32.8,24,0.0,25.375,6,2024,Monsoon
2024-06-17,39.050000000000004,44.2,34.0,24,0.0,24.375,6,2024,Monsoon
2024-06-18,38.891666666666666,44.2,34.5,24,0.0,24.5,6,2024,Monsoon
2024-06-19,37.2875,41.5,33.7,24,1.0,33.791666666666664,6,2024,Monsoon
2024-06-20,33.92916666666667,39.0,25.4,24,2.1999999999999997,44.541666666666664,6,2024,Monsoon
2024-06-21,32.65,38.8,25.4,24,2.0,51.833333333333336,6,2024,Monsoon
2024-06-22,33.545833333333334,38.4,30.0,24,0.0,50.75,6,2024,Monsoon
2024-06-23,34.637499999999996,39.5,30.1,24,0.30000000000000004,50.625,6,2024,Monsoon
2024-06-24,34.391666666666666,39.4,31.4,24,0.3,53.041666666666664,6,2024,Monsoon
2024-06-25,33.237500000000004,36.6,29.9,24,1.2,60.75,6,2024,Monsoon
2024-06-26,31.116666666666664,34.7,27.6,24,12.8,72.83333333333333,6,2024,Monsoon
2024-06-27,28.608333333333334,30.5,25.4,24,10.200000000000001,82.125,6,2024,Monsoon
2024-06-28,28.0125,31.2,25.6,24,12.8,84.41666666666667,6,2024,Monsoon
2024-06-29,29.354166666666668,32.9,26.3,24,21.9,79.79166666666667,6,2024,Monsoon
2024-06-30,30.804166666666664,35.0,26.8,24,13.5,74.33333333333333,6,2024,Monsoon
2024-07-01,30.295833333333334,34.8,26.1,24,11.6,78.29166666666667,7,2024,Monsoon
2024-07-02,29.433333333333334,33.7,26.3,24,17.5,82.66666666666667,7,2024,Monsoon
2024-07-03,29.633333333333336,34.3,26.0,24,4.4,81.875,7,2024,Monsoon
2024-07-04,28.291666666666668,32.0,25.4,24,13.1,82.875,7,2024,Monsoon
2024-07-05,27.962500000000002,30.8,26.5,24,1.6,84.16666666666667,7,2024,Monsoon
2024-07-06,28.84583333333333,33.2,26.0,24,1.1,79.375,7,2024,Monsoon
2024-07-07,28.691666666666666,33.2,25.7,24,0.0,76.70833333333333,7,2024,Monsoon
2024-07-08,28.96666666666667,33.3,25.4,24,0.30000000000000004,75.70833333333333,7,2024,Monsoon
2024-07-09,29.5,32.4,26.1,24,4.9,79.95833333333333,7,2024,Monsoon
2024-07-10,30.383333333333336,34.1,26.5,24,11.1,78.91666666666667,7,2024,Monsoon
2024-07-11,31.320833333333336,36.8,26.8,24,3.9000000000000004,75.41666666666667,7,2024,Monsoon
2024-07-12,30.27916666666667,35.2,27.0,24,0.5,74.375,7,2024,Monsoon
2024-07-13,30.004166666666666,34.2,25.1,24,12.2,76.45833333333333,7,2024,Monsoon
2024-07-14,31.245833333333334,35.1,27.0,24,0.1,71.95833333333333,7,2024,Monsoon
2024-07-15,30.224999999999998,33.3,25.2,24,2.1,75.54166666666667,7,2024,Monsoon
2024-07-16,30.741666666666664,34.2,25.6,24,17.0,77.125,7,2024,Monsoon
2024-07-17,31.241666666666664,34.7,28.1,24,0.2,75.29166666666667,7,2024,Monsoon
2024-07-18,31.21666666666667,34.7,27.6,24,2.0,75.95833333333333,7,2024,Monsoon
2024-07-19,30.895833333333332,34.8,27.5,24,0.6000000000000001,76.375,7,2024,Monsoon
2024-07-20,31.162499999999998,35.0,27.3,24,0.2,74.625,7,2024,Monsoon
2024-07-21,31.170833333333334,35.1,27.2,24,2.5,77.66666666666667,7,2024,Monsoon
2024-07-22,30.929166666666664,34.6,28.1,24,1.8,78.25,7,2024,Monsoon
2024-07-23,30.508333333333336,35.1,27.7,24,5.5,79.66666666666667,7,2024,Monsoon
2024-07-24,29.837500000000002,34.0,26.5,24,11.8,80.83333333333333,7,2024,Monsoon
2024-07-25,30.974999999999998,34.8,27.2,24,0.8,75.16666666666667,7,2024,Monsoon
2024-07-26,29.979166666666668,33.0,27.5,24,10.2,80.75,7,2024,Monsoon
2024-07-27,30.549999999999997,34.0,28.0,24,4.6,80.25,7,2024,Monsoon
2024-07-28,31.99166666666667,35.5,29.0,24,2.0,74.08333333333333,7,2024,Monsoon
2024-07-29,32.479166666666664,36.3,28.6,24,0.30000000000000004,69.08333333333333,7,2024,Monsoon
2024-07-30,33.050000000000004,36.4,29.5,24,0.0,68.29166666666667,7,2024,Monsoon
2024-07-31,31.0125,37.0,26.5,24,116.0,78.25,7,2024,Monsoon
2024-08-01,28.15833333333333,31.2,25.5,24,34.7,85.16666666666667,8,2024,Monsoon
2024-08-02,28.6125,32.9,25.5,24,2.5,82.54166666666667,8,2024,Monsoon
2024-08-03,28.962500000000002,32.4,26.0,24,1.9000000000000001,82.16666666666667,8,2024,Monsoon
2024-08-04,29.866666666666664,33.9,26.9,24,0.30000000000000004,73.66666666666667,8,2024,Monsoon
2024-08-05,29.09583333333333,32.6,26.4,24,1.1,76.33333333333333,8,2024,Monsoon
2024-08-06,29.025000000000002,31.8,26.4,24,0.1,76.16666666666667,8,2024,Monsoon
2024-08-07,27.479166666666668,30.5,25.5,24,15.4,85.125,8,2024,Monsoon
2024-08-08,27.741666666666664,31.5,25.5,24,10.9,86.04166666666667,8,2024,Monsoon
2024-08-09,27.770833333333332,31.9,25.2,24,30.2,86.625,8,2024,Monsoon
2024-08-10,27.662499999999998,31.2,24.9,24,17.1,87.25,8,2024,Monsoon
2024-08-11,27.429166666666664,31.8,25.6,24,21.599999999999998,88.08333333333333,8,2024,Monsoon
2024-08-12,26.90833333333333,29.8,25.7,24,15.2,90.25,8,2024,Monsoon
2024-08-13,27.400000000000002,30.8,25.5,24,9.7,89.20833333333333,8,2024,Monsoon
2024-08-14,28.008333333333336,30.6,25.9,24,7.800000000000001,89.04166666666667,8,2024,Monsoon
2024-08-15,28.620833333333334,32.7,26.0,24,8.6,86.20833333333333,8,2024,Monsoon
2024-08-16,27.991666666666664,32.7,25.6,24,16.9,87.29166666666667,8,2024,Monsoon
2024-08-17,28.47083333333333,31.9,25.7,24,7.7,85.83333333333333,8,2024,Monsoon
2024-08-18,29.0625,32.7,26.0,24,2.3,82.58333333333333,8,2024,Monsoon
2024-08-19,29.054166666666664,32.7,26.1,24,1.7,81.66666666666667,8,2024,Monsoon
2024-08-20,28.1875,32.1,26.4,24,24.7,85.5,8,2024,Monsoon
2024-08-21,28.47083333333333,32.3,25.1,24,2.3,85.04166666666667,8,2024,Monsoon
2024-08-22,28.462500000000002,33.0,24.6,24,5.4,84.45833333333333,8,2024,Monsoon
2024-08-23,27.645833333333332,30.7,24.9,24,0.4,85.29166666666667,8,2024,Monsoon
2024-08-24,28.516666666666666,31.5,25.8,24,7.2,83.45833333333333,8,2024,Monsoon
2024-08-25,28.875,33.2,24.9,24,12.7,79.125,8,2024,Monsoon
2024-08-26,28.425,31.8,26.5,24,3.4,81.20833333333333,8,2024,Monsoon
2024-08-27,27.40416666666667,31.1,24.6,24,11.1,84.45833333333333,8,2024,Monsoon
2024-08-28,26.958333333333332,31.0,24.4,24,10.2,86.70833333333333,8,2024,Monsoon
2024-08-29,27.004166666666666,31.4,24.3,24,29.8,86.75,8,2024,Monsoon
2024-08-30,27.691666666666666,31.5,25.0,24,7.5,86.91666666666667,8,2024,Monsoon
2024-08-31,29.28333333333333,33.5,25.6,24,0.0,78.79166666666667,8,2024,Monsoon
2024-09-01,29.641666666666666,33.7,25.6,24,0.0,76.91666666666667,9,2024,Monsoon
2024-09-02,27.8875,31.5,25.0,24,10.4,84.375,9,2024,Monsoon
2024-09-03,27.454166666666666,31.6,25.1,24,24.900000000000002,85.5,9,2024,Monsoon
2024-09-04,27.22083333333333,30.9,24.5,24,0.1,86.16666666666667,9,2024,Monsoon
2024-09-05,27.579166666666666,31.6,24.8,24,1.1,84.0,9,2024,Monsoon
2024-09-06,26.587500000000002,30.9,24.5,24,8.8,88.625,9,2024,Monsoon
2024-09-07,26.974999999999998,30.6,24.5,24,20.0,87.75,9,2024,Monsoon
2024-09-08,27.724999999999998,31.5,24.6,24,11.4,87.20833333333333,9,2024,Monsoon
2024-09-09,28.450000000000003,32.7,25.5,24,3.4,81.66666666666667,9,2024,Monsoon
2024-09-10,27.229166666666668,30.6,24.9,24,11.8,88.91666666666667,9,2024,Monsoon
2024-09-11,27.479166666666668,31.6,25.0,24,26.7,89.41666666666667,9,2024,Monsoon
2024-09-12,25.3875,27.2,23.9,24,100.8,91.5,9,2024,Monsoon
2024-09-13,25.400000000000002,30.0,23.3,24,54.7,89.375,9,2024,Monsoon
2024-09-14,25.974999999999998,29.9,22.5,24,4.7,83.83333333333333,9,2024,Monsoon
2024-09-15,26.4375,31.5,22.5,24,0.1,79.41666666666667,9,2024,Monsoon
2024-09-16,27.179166666666664,32.3,23.7,24,0.0,73.54166666666667,9,2024,Monsoon
2024-09-17,27.633333333333336,31.5,23.3,24,0.0,75.29166666666667,9,2024,Monsoon
2024-09-18,25.191666666666666,28.5,22.8,24,49.2,84.875,9,2024,Monsoon
2024-09-19,26.34583333333333,30.0,22.8,24,3.4000000000000004,84.79166666666667,9,2024,Monsoon
2024-09-20,27.554166666666664,31.5,24.0,24,0.0,79.875,9,2024,Monsoon
2024-09-21,28.375,31.7,24.9,24,0.2,77.83333333333333,9,2024,Monsoon
2024-09-22,29.020833333333332,33.2,25.3,24,0.0,77.33333333333333,9,2024,Monsoon
2024-09-23,28.9875,33.5,24.8,24,0.0,77.95833333333333,9,2024,Monsoon
2024-09-24,29.295833333333334,33.5,24.9,24,0.0,78.20833333333333,9,2024,Monsoon
2024-09-25,29.0,33.0,26.4,24,0.7000000000000001,81.625,9,2024,Monsoon
2024-09-26,27.991666666666664,31.2,25.4,24,0.7,81.58333333333333,9,2024,Monsoon
2024-09-27,27.454166666666666,31.0,24.8,24,0.2,79.375,9,2024,Monsoon
2024-09-28,26.379166666666666,30.5,23.0,24,0.0,80.79166666666667,9,2024,Monsoon
2024-09-29,26.441666666666666,31.1,22.6,24,0.30000000000000004,82.875,9,2024,Monsoon
2024-09-30,27.695833333333336,32.7,23.5,24,0.0,77.79166666666667,9,2024,Monsoon
2024-10-01,28.304166666666664,33.2,24.0,24,0.0,76.33333333333333,10,2024,Post-monsoon
2024-10-02,28.916666666666668,34.6,24.6,24,0.0,72.58333333333333,10,2024,Post-monsoon
2024-10-03,28.49166666666667,34.0,24.3,24,0.0,66.875,10,2024,Post-monsoon
2024-10-04,28.087500000000002,33.8,23.1,24,0.0,70.45833333333333,10,2024,Post-monsoon
2024-10-05,28.245833333333334,33.8,23.5,24,0.0,69.16666666666667,10,2024,Post-monsoon
2024-10-06,27.675,33.5,23.5,24,0.0,65.79166666666667,10,2024,Post-monsoon
2024-10-07,26.6875,32.3,21.9,24,0.0,71.04166666666667,10,2024,Post-monsoon
2024-10-08,26.941666666666666,32.5,22.2,24,0.0,69.83333333333333,10,2024,Post-monsoon
2024-10-09,26.320833333333336,32.2,20.4,24,0.0,66.04166666666667,10,2024,Post-monsoon
2024-10-10,26.212500000000002,32.3,21.8,24,0.0,59.666666666666664,10,2024,Post-monsoon
2024-10-11,24.71666666666667,31.5,18.4,24,0.0,58.5,10,2024,Post-monsoon
2024-10-12,24.979166666666668,32.0,18.0,24,0.0,63.166666666666664,10,2024,Post-monsoon
2024-10-13,25.8,32.1,19.3,24,0.0,58.208333333333336,10,2024,Post-monsoon
2024-10-14,25.554166666666664,31.8,20.0,24,0.0,57.166666666666664,10,2024,Post-monsoon
2024-10-15,24.991666666666664,31.9,18.2,24,0.0,58.833333333333336,10,2024,Post-monsoon
2024-10-16,25.4875,32.3,18.5,24,0.0,58.625,10,2024,Post-monsoon
2024-10-17,26.375,32.9,20.0,24,0.0,62.958333333333336,10,2024,Post-monsoon
2024-10-18,26.2625,33.4,20.0,24,0.0,64.66666666666667,10,2024,Post-monsoon
2024-10-19,26.679166666666664,33.5,20.9,24,0.0,64.375,10,2024,Post-monsoon
2024-10-20,26.349999999999998,33.0,20.6,24,0.0,68.16666666666667,10,2024,Post-monsoon
2024-10-21,25.620833333333334,32.3,20.0,24,0.0,70.5,10,2024,Post-monsoon
2024-10-22,25.3125,31.5,20.0,24,0.0,69.79166666666667,10,2024,Post-monsoon
2024-10-23,25.8625,32.1,19.9,24,0.0,62.166666666666664,10,2024,Post-monsoon
2024-10-24,25.429166666666664,32.6,20.2,24,0.0,60.125,10,2024,Post-monsoon
2024-10-25,24.804166666666664,32.0,19.0,24,0.0,61.291666666666664,10,2024,Post-monsoon
2024-10-26,24.520833333333332,31.5,18.7,24,0.0,67.08333333333333,10,2024,Post-monsoon
2024-10-27,25.320833333333336,31.3,19.5,24,0.0,72.95833333333333,10,2024,Post-monsoon
2024-10-28,25.837500000000002,31.9,20.6,24,0.0,70.70833333333333,10,2024,Post-monsoon
2024-10-29,26.358333333333334,33.2,20.2,24,0.0,70.41666666666667,10,2024,Post-monsoon
2024-10-30,26.804166666666664,34.0,21.1,24,0.0,67.75,10,2024,Post-monsoon
2024-10-31,25.666666666666668,32.7,20.5,24,0.0,63.875,10,2024,Post-monsoon
2024-11-01,24.675,32.0,19.1,24,0.0,53.625,11,2024,Post-monsoon
2024-11-02,23.945833333333336,31.5,17.2,24,0.0,58.583333333333336,11,2024,Post-monsoon
2024-11-03,23.8125,30.9,17.4,24,0.0,58.125,11,2024,Post-monsoon
2024-11-04,22.708333333333332,30.4,16.2,24,0.0,68.0,11,2024,Post-monsoon
2024-11-05,23.108333333333334,29.5,18.2,24,0.0,73.875,11,2024,Post-monsoon
2024-11-06,23.816666666666666,30.0,17.6,24,0.0,69.33333333333333,11,2024,Post-monsoon
2024-11-07,24.116666666666664,30.0,18.7,24,0.0,68.79166666666667,11,2024,Post-monsoon
2024-11-08,24.391666666666666,30.5,18.3,24,0.0,68.79166666666667,11,2024,Post-monsoon
2024-11-09,24.670833333333334,31.0,19.0,24,0.0,67.54166666666667,11,2024,Post-monsoon
2024-11-10,24.0125,30.4,19.3,24,0.0,72.95833333333333,11,2024,Post-monsoon
2024-11-11,23.933333333333334,29.9,18.9,24,0.0,74.29166666666667,11,2024,Post-monsoon
2024-11-12,24.870833333333334,31.1,19.0,24,0.0,60.666666666666664,11,2024,Post-monsoon
2024-11-13,24.0,30.0,18.8,24,0.0,56.416666666666664,11,2024,Post-monsoon
2024-11-14,24.070833333333336,30.0,19.0,24,0.0,55.416666666666664,11,2024,Post-monsoon
2024-11-15,23.75,29.0,18.6,24,0.0,51.166666666666664,11,2024,Post-monsoon
2024-11-16,23.28333333333333,28.8,17.5,24,0.0,55.541666666666664,11,2024,Post-monsoon
2024-11-17,22.933333333333334,28.5,18.0,24,0.0,57.916666666666664,11,2024,Post-monsoon
2024-11-18,20.791666666666668,26.4,15.9,24,0.0,59.625,11,2024,Post-monsoon
2024-11-19,20.079166666666666,25.9,14.2,24,0.0,51.291666666666664,11,2024,Post-monsoon
2024-11-20,19.770833333333332,25.9,13.6,24,0.0,49.541666666666664,11,2024,Post-monsoon
2024-11-21,19.741666666666667,25.8,13.6,24,0.0,50.5,11,2024,Post-monsoon
2024-11-22,20.304166666666667,26.2,13.9,24,0.0,53.875,11,2024,Post-monsoon
2024-11-23,20.879166666666666,27.5,14.1,24,0.0,51.333333333333336,11,2024,Post-monsoon
2024-11-24,21.441666666666666,27.6,15.6,24,0.0,48.166666666666664,11,2024,Post-monsoon
2024-11-25,20.579166666666666,25.9,15.1,24,0.0,57.291666666666664,11,2024,Post-monsoon
2024-11-26,19.658333333333335,25.5,13.9,24,0.0,55.75,11,2024,Post-monsoon
2024-11-27,18.558333333333334,25.4,12.1,24,0.0,55.958333333333336,11,2024,Post-monsoon
2024-11-28,17.7625,24.7,11.1,24,0.0,60.583333333333336,11,2024,Post-monsoon
2024-11-29,17.25,24.0,10.9,24,0.0,68.20833333333333,11,2024,Post-monsoon
2024-11-30,17.5125,24.4,11.1,24,0.0,68.75,11,2024,Post-monsoon
2024-12-01,18.170833333333334,24.1,12.7,24,0.0,67.95833333333333,12,2024,Winter
2024-12-02,18.220833333333335,25.1,12.3,24,0.0,65.83333333333333,12,2024,Winter
2024-12-03,19.020833333333332,25.9,12.8,24,0.0,62.458333333333336,12,2024,Winter
2024-12-04,19.104166666666668,25.2,14.4,24,0.0,54.125,12,2024,Winter
2024-12-05,16.816666666666666,23.1,11.1,24,0.0,50.541666666666664,12,2024,Winter
2024-12-06,16.679166666666667,23.2,10.1,24,0.0,50.875,12,2024,Winter
2024-12-07,15.7125,22.4,8.4,24,0.0,51.708333333333336,12,2024,Winter
2024-12-08,16.595833333333335,22.5,11.6,24,1.2,51.791666666666664,12,2024,Winter
2024-12-09,14.725,20.0,10.1,24,0.0,68.25,12,2024,Winter
2024-12-10,13.75,19.8,9.1,24,0.0,56.958333333333336,12,2024,Winter
2024-12-11,13.275,20.0,7.3,24,0.0,51.0,12,2024,Winter
2024-12-12,13.787500000000001,20.5,6.8,24,0.0,55.458333333333336,12,2024,Winter
2024-12-13,14.233333333333334,20.6,8.3,24,0.0,51.208333333333336,12,2024,Winter
2024-12-14,14.316666666666668,20.6,8.6,24,0.0,46.0,12,2024,Winter
2024-12-15,13.470833333333333,19.9,5.8,24,0.0,57.375,12,2024,Winter
2024-12-16,13.341666666666667,20.1,5.4,24,0.0,72.375,12,2024,Winter
2024-12-17,14.079166666666666,20.6,7.7,24,0.0,74.29166666666667,12,2024,Winter
2024-12-18,13.7875,20.9,6.2,24,0.0,70.375,12,2024,Winter
2024-12-19,14.466666666666667,20.8,8.0,24,0.0,62.708333333333336,12,2024,Winter
2024-12-20,16.1625,23.2,10.2,24,0.0,62.916666666666664,12,2024,Winter
2024-12-21,15.424999999999999,22.1,9.2,24,0.0,64.79166666666667,12,2024,Winter
2024-12-22,16.216666666666665,22.5,10.4,24,0.0,59.75,12,2024,Winter
2024-12-23,14.433333333333332,17.6,11.6,24,1.4,68.625,12,2024,Winter
2024-12-24,14.558333333333332,18.9,11.0,24,4.7,78.20833333333333,12,2024,Winter
2024-12-25,14.970833333333333,20.6,10.8,24,0.0,78.70833333333333,12,2024,Winter
2024-12-26,15.891666666666666,22.5,9.9,24,0.0,68.66666666666667,12,2024,Winter
2024-12-27,15.033333333333333,17.0,13.8,24,33.3,84.875,12,2024,Winter
2024-12-28,14.941666666666668,18.4,12.2,24,4.7,88.79166666666667,12,2024,Winter
2024-12-29,13.620833333333332,18.2,10.6,24,0.0,86.25,12,2024,Winter
2024-12-30,12.575000000000001,18.0,9.0,24,0.0,87.625,12,2024,Winter
2024-12-31,11.020833333333334,16.2,7.5,24,0.0,89.79166666666667,12,2024,Winter
2025-01-01,10.575000000000001,17.0,6.9,24,0.0,89.95833333333333,1,2025,Winter
2025-01-02,12.0625,18.5,7.3,24,0.0,86.04166666666667,1,2025,Winter
2025-01-03,12.354166666666666,19.6,7.4,24,0.0,88.08333333333333,1,2025,Winter
2025-01-04,13.225,21.1,7.2,24,0.0,88.83333333333333,1,2025,Winter
2025-01-05,12.433333333333332,18.1,8.5,24,0.0,89.41666666666667,1,2025,Winter
2025-01-06,13.0375,18.0,9.0,24,4.9,88.79166666666667,1,2025,Winter
2025-01-07,12.920833333333334,17.5,10.1,24,0.0,88.33333333333333,1,2025,Winter
2025-01-08,12.429166666666667,18.4,8.3,24,0.0,76.58333333333333,1,2025,Winter
2025-01-09,12.079166666666666,18.6,6.2,24,0.0,80.20833333333333,1,2025,Winter
2025-01-10,11.966666666666667,17.9,7.3,24,0.0,85.25,1,2025,Winter
2025-01-11,12.070833333333333,16.4,8.4,24,4.8999999999999995,88.29166666666667,1,2025,Winter
2025-01-12,13.008333333333333,17.9,9.9,24,1.4,87.625,1,2025,Winter
2025-01-13,12.883333333333333,19.1,7.7,24,0.0,86.83333333333333,1,2025,Winter
2025-01-14,12.633333333333333,18.5,7.5,24,0.0,85.04166666666667,1,2025,Winter
2025-01-15,12.458333333333334,18.4,7.5,24,2.9,88.0,1,2025,Winter
2025-01-16,13.854166666666666,18.0,11.1,24,1.1,83.70833333333333,1,2025,Winter
2025-01-17,13.137500000000001,18.9,9.2,24,0.0,80.75,1,2025,Winter
2025-01-18,11.875,17.8,7.8,24,0.0,88.5,1,2025,Winter
2025-01-19,13.654166666666667,21.2,8.1,24,0.0,88.83333333333333,1,2025,Winter
2025-01-20,15.9125,22.0,10.6,24,0.0,83.70833333333333,1,2025,Winter
2025-01-21,15.4375,21.6,10.1,24,0.0,80.625,1,2025,Winter
2025-01-22,15.479166666666666,22.4,8.4,24,0.0,80.41666666666667,1,2025,Winter
2025-01-23,15.966666666666667,21.9,10.4,24,0.2,72.125,1,2025,Winter
2025-01-24,14.5375,20.6,9.5,24,0.0,69.29166666666667,1,2025,Winter
2025-01-25,13.625,20.0,8.5,24,0.0,67.91666666666667,1,2025,Winter
2025-01-26,13.579166666666666,21.0,7.2,24,0.0,67.04166666666667,1,2025,Winter
2025-01-27,13.654166666666667,21.5,6.2,24,0.0,67.75,1,2025,Winter
2025-01-28,14.516666666666666,22.9,6.7,24,0.0,64.04166666666667,1,2025,Winter
2025-01-29,16.366666666666667,23.8,8.9,24,0.0,64.91666666666667,1,2025,Winter
2025-01-30,17.583333333333332,24.8,11.3,24,0.0,67.91666666666667,1,2025,Winter
2025-01-31,18.445833333333333,26.2,11.4,24,0.0,67.16666666666667,1,2025,Winter
2025-02-01,18.616666666666667,25.2,12.7,24,0.0,66.70833333333333,2,2025,Winter
2025-02-02,17.391666666666666,23.5,12.6,24,0.0,73.20833333333333,2,2025,Winter
2025-02-03,15.483333333333334,21.6,9.9,24,0.1,72.29166666666667,2,2025,Winter
2025-02-04,16.895833333333332,21.5,12.6,24,3.9,74.20833333333333,2,2025,Winter
2025-02-05,15.25,20.6,9.9,24,1.1,73.95833333333333,2,2025,Winter
2025-02-06,15.054166666666667,20.6,10.2,24,0.0,57.583333333333336,2,2025,Winter
2025-02-07,15.279166666666667,20.8,10.6,24,0.0,52.541666666666664,2,2025,Winter
2025-02-08,16.220833333333335,23.3,11.1,24,0.0,55.25,2,2025,Winter
2025-02-09,16.395833333333332,24.8,9.3,24,0.0,68.5,2,2025,Winter
2025-02-10,17.3875,26.8,9.6,24,0.0,69.70833333333333,2,2025,Winter
2025-02-11,18.158333333333335,25.9,10.2,24,0.0,73.33333333333333,2,2025,Winter
2025-02-12,18.020833333333332,25.2,12.6,24,0.0,59.041666666666664,2,2025,Winter
2025-02-13,17.004166666666666,23.1,12.2,24,0.0,55.083333333333336,2,2025,Winter
2025-02-14,17.104166666666668,23.3,11.0,24,0.0,52.0,2,2025,Winter
2025-02-15,18.566666666666666,25.6,11.3,24,0.0,55.25,2,2025,Winter
2025-02-16,20.075,26.6,12.0,24,0.0,54.166666666666664,2,2025,Winter
2025-02-17,21.5625,28.6,16.2,24,0.0,52.125,2,2025,Winter
2025-02-18,20.849999999999998,26.4,14.4,24,0.0,53.916666666666664,2,2025,Winter
2025-02-19,19.733333333333334,25.8,14.1,24,0.0,57.541666666666664,2,2025,Winter
2025-02-20,18.533333333333335,23.5,14.7,24,6.7,73.79166666666667,2,2025,Winter
2025-02-21,18.254166666666666,24.0,13.6,24,0.2,76.45833333333333,2,2025,Winter
2025-02-22,18.070833333333333,23.9,12.6,24,0.0,67.08333333333333,2,2025,Winter
2025-02-23,18.929166666666667,25.0,13.2,24,0.0,61.666666666666664,2,2025,Winter
2025-02-24,19.45,26.9,13.3,24,0.0,60.833333333333336,2,2025,Winter
2025-02-25,19.558333333333334,27.5,12.4,24,0.0,63.625,2,2025,Winter
2025-02-26,23.724999999999998,30.0,17.9,24,0.0,54.708333333333336,2,2025,Winter
2025-02-27,20.583333333333332,22.3,18.5,24,0.9,73.08333333333333,2,2025,Winter
2025-02-28,19.745833333333334,23.4,17.5,24,12.5,74.29166666666667,2,2025,Winter
2025-03-01,19.441666666666666,24.0,15.5,24,7.7,81.5,3,2025,Summer
2025-03-02,18.916666666666668,24.5,15.1,24,0.0,67.91666666666667,3,2025,Summer
2025-03-03,19.75,26.9,12.3,24,0.0,58.875,3,2025,Summer
2025-03-04,19.391666666666666,24.1,14.1,24,0.5,62.958333333333336,3,2025,Summer
2025-03-05,17.304166666666667,22.8,11.9,24,0.0,47.416666666666664,3,2025,Summer
2025-03-06,19.1125,26.2,12.2,24,0.0,44.541666666666664,3,2025,Summer
2025-03-07,20.120833333333334,28.4,11.8,24,0.0,48.208333333333336,3,2025,Summer
2025-03-08,21.745833333333334,30.1,13.1,24,0.0,46.958333333333336,3,2025,Summer
2025-03-09,24.27916666666667,31.8,16.2,24,0.0,46.041666666666664,3,2025,Summer
2025-03-10,25.2,32.2,19.0,24,0.0,45.875,3,2025,Summer
2025-03-11,26.883333333333336,34.3,19.5,24,0.0,45.708333333333336,3,2025,Summer
2025-03-12,26.40416666666667,32.9,19.8,24,0.0,49.791666666666664,3,2025,Summer
2025-03-13,25.045833333333334,32.0,20.6,24,5.6,53.708333333333336,3,2025,Summer
2025-03-14,25.55,33.2,18.9,24,0.3,51.833333333333336,3,2025,Summer
2025-03-15,23.870833333333334,31.2,18.4,24,0.1,54.333333333333336,3,2025,Summer
2025-03-16,23.212500000000002,29.7,17.5,24,0.0,50.125,3,2025,Summer
2025-03-17,23.120833333333334,28.2,17.5,24,0.0,44.375,3,2025,Summer
2025-03-18,23.541666666666668,29.9,17.0,24,0.0,43.333333333333336,3,2025,Summer
2025-03-19,25.195833333333336,32.3,17.7,24,0.0,37.375,3,2025,Summer
2025-03-20,26.204166666666666,33.0,19.0,24,0.0,32.375,3,2025,Summer
2025-03-21,24.804166666666664,31.5,19.4,24,0.0,35.25,3,2025,Summer
2025-03-22,24.05,31.0,16.4,24,0.1,38.958333333333336,3,2025,Summer
2025-03-23,24.8875,32.0,17.1,24,0.0,39.208333333333336,3,2025,Summer
2025-03-24,26.28333333333333,33.6,17.4,24,0.0,35.666666666666664,3,2025,Summer
2025-03-25,28.266666666666666,35.8,20.9,24,0.0,34.0,3,2025,Summer
2025-03-26,29.34166666666667,38.0,20.0,24,0.0,32.75,3,2025,Summer
2025-03-27,29.900000000000002,36.2,22.4,24,0.0,28.5,3,2025,Summer
2025-03-28,25.75,30.6,21.8,24,0.0,26.208333333333332,3,2025,Summer
2025-03-29,22.770833333333332,28.9,15.1,24,0.0,22.333333333333332,3,2025,Summer
2025-03-30,24.21666666666667,31.4,17.2,24,0.0,22.833333333333332,3,2025,Summer
2025-03-31,25.583333333333332,33.8,16.1,24,0.0,22.583333333333332,3,2025,Summer
2025-04-01,26.083333333333332,33.3,18.7,24,0.0,21.541666666666668,4,2025,Summer
2025-04-02,27.333333333333332,35.7,16.8,24,0.0,22.666666666666668,4,2025,Summer
2025-04-03,28.916666666666668,37.4,20.0,24,0.0,20.416666666666668,4,2025,Summer
2025-04-04,29.633333333333336,37.0,20.5,24,0.0,18.541666666666668,4,2025,Summer
2025-04-05,28.579166666666666,35.0,21.5,24,0.0,22.625,4,2025,Summer
2025-04-06,29.916666666666668,38.0,20.2,24,0.0,22.5,4,2025,Summer
2025-04-07,32.425000000000004,39.9,24.4,24,0.0,22.458333333333332,4,2025,Summer
2025-04-08,32.90833333333333,40.2,25.2,24,0.0,21.791666666666668,4,2025,Summer
2025-04-09,33.375,40.7,26.0,24,0.0,25.583333333333332,4,2025,Summer
2025-04-10,31.483333333333334,39.3,25.6,24,1.4000000000000001,32.666666666666664,4,2025,Summer
2025-04-11,26.7375,34.2,21.9,24,12.7,59.5,4,2025,Summer
2025-04-12,26.520833333333332,34.8,20.5,24,0.3,54.833333333333336,4,2025,Summer
2025-04-13,28.6375,36.1,21.0,24,0.0,44.416666666666664,4,2025,Summer
2025-04-14,29.608333333333334,35.9,22.2,24,0.0,40.041666666666664,4,2025,Summer
2025-04-15,31.041666666666668,36.9,24.6,24,0.0,36.416666666666664,4,2025,Summer
2025-04-16,32.520833333333336,38.2,25.5,24,0.0,32.875,4,2025,Summer
2025-04-17,33.541666666666664,40.5,26.2,24,0.0,31.25,4,2025,Summer
2025-04-18,32.86666666666667,41.1,25.7,24,0.0,39.958333333333336,4,2025,Summer
2025-04-19,32.69583333333333,40.2,27.4,24,0.0,41.166666666666664,4,2025,Summer
2025-04-20,33.1,40.0,27.2,24,0.0,37.25,4,2025,Summer
2025-04-21,33.44583333333333,40.2,26.3,24,0.0,24.541666666666668,4,2025,Summer
2025-04-22,31.920833333333334,39.2,23.9,24,0.0,11.25,4,2025,Summer
2025-04-23,32.02916666666667,39.1,23.0,24,0.0,12.083333333333334,4,2025,Summer
2025-04-24,32.275,40.3,22.2,24,0.0,12.083333333333334,4,2025,Summer
2025-04-25,33.637499999999996,41.5,25.2,24,0.0,13.083333333333334,4,2025,Summer
2025-04-26,34.104166666666664,41.5,25.8,24,0.0,13.166666666666666,4,2025,Summer
2025-04-27,34.32083333333333,40.9,27.9,24,0.0,14.166666666666666,4,2025,Summer
2025-04-28,32.949999999999996,41.2,25.5,24,0.0,19.75,4,2025,Summer
2025-04-29,31.587500000000002,38.1,25.1,24,0.0,33.958333333333336,4,2025,Summer
2025-04-30,31.816666666666666,37.9,26.2,24,0.0,35.875,4,2025,Summer
2025-05-01,31.666666666666668,37.5,25.9,24,0.0,37.833333333333336,5,2025,Summer
2025-05-02,26.291666666666668,28.9,21.7,24,12.3,65.125,5,2025,Summer
2025-05-03,28.2625,35.3,23.6,24,4.3,54.458333333333336,5,2025,Summer
2025-05-04,29.795833333333334,34.8,24.4,24,3.0,49.375,5,2025,Summer
2025-05-05,28.525000000000002,35.6,24.1,24,0.1,57.875,5,2025,Summer
2025-05-06,27.495833333333334,34.4,22.2,24,0.4,61.916666666666664,5,2025,Summer
2025-05-07,27.804166666666664,33.2,23.6,24,1.2,62.375,5,2025,Summer
2025-05-08,28.233333333333334,32.3,23.8,24,2.5,61.666666666666664,5,2025,Summer
2025-05-09,30.620833333333334,37.0,25.0,24,0.0,51.375,5,2025,Summer
2025-05-10,29.829166666666666,37.2,25.5,24,9.8,56.916666666666664,5,2025,Summer
2025-05-11,31.537499999999998,38.2,24.9,24,0.0,50.0,5,2025,Summer
2025-05-12,32.958333333333336,39.5,25.5,24,0.0,34.416666666666664,5,2025,Summer
2025-05-13,34.1625,40.9,28.1,24,0.0,26.5,5,2025,Summer
2025-05-14,34.266666666666666,41.2,26.9,24,0.0,24.375,5,2025,Summer
2025-05-15,35.36666666666667,41.8,26.5,24,0.0,23.041666666666668,5,2025,Summer
2025-05-16,35.025,42.7,26.2,24,0.0,26.458333333333332,5,2025,Summer
2025-05-17,35.6875,42.3,29.2,24,0.0,28.25,5,2025,Summer
2025-05-18,35.145833333333336,42.2,29.0,24,0.0,31.458333333333332,5,2025,Summer
2025-05-19,34.520833333333336,41.7,28.1,24,0.0,45.333333333333336,5,2025,Summer
2025-05-20,35.24583333333333,42.5,28.0,24,0.0,43.875,5,2025,Summer
2025-05-21,35.15416666666667,43.0,30.2,24,0.0,43.958333333333336,5,2025,Summer
2025-05-22,31.8125,37.7,25.7,24,0.0,53.541666666666664,5,2025,Summer
2025-05-23,32.6625,38.8,26.4,24,0.0,50.333333333333336,5,2025,Summer
2025-05-24,33.9,38.2,28.9,24,0.0,46.5,5,2025,Summer
2025-05-25,28.46666666666667,32.1,23.0,24,0.0,65.25,5,2025,Summer
2025-05-26,29.958333333333332,35.8,24.1,24,0.4,64.83333333333333,5,2025,Summer
2025-05-27,31.25,36.0,26.2,24,0.0,61.25,5,2025,Summer
2025-05-28,32.975,38.3,27.4,24,0.0,55.875,5,2025,Summer
2025-05-29,33.854166666666664,40.0,27.8,24,0.3,51.666666666666664,5,2025,Summer
2025-05-30,31.570833333333336,36.1,27.0,24,0.0,49.291666666666664,5,2025,Summer
2025-05-31,32.03333333333333,39.7,26.1,24,1.0,46.5,5,2025,Summer
2025-06-01,30.96666666666667,36.2,26.9,24,2.4000000000000004,47.833333333333336,6,2025,Monsoon
2025-06-02,30.808333333333334,37.0,24.1,24,0.0,47.791666666666664,6,2025,Monsoon
2025-06-03,29.870833333333334,34.3,25.2,24,0.0,47.5,6,2025,Monsoon
2025-06-04,28.829166666666666,36.4,24.5,24,0.3,55.208333333333336,6,2025,Monsoon
2025-06-05,30.84166666666667,37.2,24.5,24,0.1,46.541666666666664,6,2025,Monsoon
2025-06-06,32.725,37.7,25.9,24,0.0,40.541666666666664,6,2025,Monsoon
2025-06-07,34.550000000000004,40.0,28.0,24,0.0,37.208333333333336,6,2025,Monsoon
2025-06-08,36.37916666666667,42.8,29.5,24,0.0,36.041666666666664,6,2025,Monsoon
2025-06-09,36.824999999999996,43.7,29.5,24,0.0,30.333333333333332,6,2025,Monsoon
2025-06-10,37.012499999999996,43.0,29.1,24,0.0,22.958333333333332,6,2025,Monsoon
2025-06-11,36.7125,42.5,29.3,24,0.0,33.708333333333336,6,2025,Monsoon
2025-06-12,37.11666666666667,43.1,31.5,24,0.8,44.625,6,2025,Monsoon
2025-06-13,36.358333333333334,41.6,32.3,24,0.2,46.541666666666664,6,2025,Monsoon
2025-06-14,36.34583333333333,42.8,30.5,24,0.3,45.75,6,2025,Monsoon
2025-06-15,34.229166666666664,39.2,29.6,24,1.2999999999999998,51.0,6,2025,Monsoon
2025-06-16,29.525000000000002,32.8,24.8,24,28.7,79.625,6,2025,Monsoon
2025-06-17,29.6125,34.8,25.5,24,12.6,79.41666666666667,6,2025,Monsoon
2025-06-18,29.125,33.5,23.9,24,5.1,77.0,6,2025,Monsoon
2025-06-19,30.1375,33.7,27.2,24,0.1,74.70833333333333,6,2025,Monsoon
2025-06-20,29.1375,32.0,25.9,24,1.0,81.70833333333333,6,2025,Monsoon
2025-06-21,30.704166666666666,35.8,26.2,24,1.6,75.625,6,2025,Monsoon
2025-06-22,31.650000000000002,37.0,28.0,24,1.1,70.375,6,2025,Monsoon
2025-06-23,32.12916666666667,36.2,27.8,24,0.5,69.45833333333333,6,2025,Monsoon
2025-06-24,31.787499999999998,37.2,27.2,24,0.8,72.79166666666667,6,2025,Monsoon
2025-06-25,29.575,32.1,26.9,24,29.0,81.95833333333333,6,2025,Monsoon
2025-06-26,30.770833333333332,35.0,26.0,24,8.1,75.375,6,2025,Monsoon
2025-06-27,31.320833333333336,34.8,28.1,24,1.0,71.58333333333333,6,2025,Monsoon
2025-06-28,31.554166666666664,37.7,25.6,24,1.1,69.875,6,2025,Monsoon
2025-06-29,29.59166666666667,33.3,26.1,24,16.2,78.54166666666667,6,2025,Monsoon
2025-06-30,28.333333333333332,32.9,25.0,24,18.3,84.66666666666667,6,2025,Monsoon
2025-07-01,28.708333333333332,33.6,25.1,24,8.0,83.08333333333333,7,2025,Monsoon
2025-07-02,30.108333333333334,33.2,26.9,24,3.9000000000000004,79.375,7,2025,Monsoon
2025-07-03,30.15416666666667,33.5,26.9,24,0.8,77.95833333333333,7,2025,Monsoon
2025-07-04,30.587500000000002,34.6,27.1,24,0.4,76.625,7,2025,Monsoon
2025-07-05,30.941666666666666,35.2,26.2,24,3.2,75.91666666666667,7,2025,Monsoon
2025-07-06,30.979166666666668,35.9,26.1,24,10.299999999999999,74.625,7,2025,Monsoon
2025-07-07,29.016666666666666,33.5,25.9,24,11.7,82.875,7,2025,Monsoon
2025-07-08,30.78333333333333,34.0,27.0,24,0.0,76.25,7,2025,Monsoon
2025-07-09,29.295833333333334,32.3,27.0,24,9.2,80.91666666666667,7,2025,Monsoon
2025-07-10,27.52916666666667,29.9,25.5,24,4.0,84.91666666666667,7,2025,Monsoon
2025-07-11,28.416666666666668,32.2,25.5,24,0.4,81.875,7,2025,Monsoon
2025-07-12,29.629166666666666,34.0,26.1,24,0.2,77.58333333333333,7,2025,Monsoon
2025-07-13,28.233333333333334,32.5,26.2,24,18.5,86.66666666666667,7,2025,Monsoon
2025-07-14,28.120833333333334,31.0,25.8,24,20.5,85.0,7,2025,Monsoon
2025-07-15,28.291666666666668,32.2,25.5,24,3.9000000000000004,82.45833333333333,7,2025,Monsoon
2025-07-16,28.84166666666667,32.5,25.5,24,3.6,82.79166666666667,7,2025,Monsoon
2025-07-17,28.537499999999998,31.0,26.8,24,0.8999999999999999,81.83333333333333,7,2025,Monsoon
2025-07-18,28.508333333333336,31.6,26.2,24,4.6,80.66666666666667,7,2025,Monsoon
2025-07-19,29.195833333333336,33.0,25.8,24,0.0,75.45833333333333,7,2025,Monsoon
2025-07-20,30.287499999999998,34.2,26.1,24,0.0,71.875,7,2025,Monsoon
2025-07-21,29.120833333333334,31.3,26.5,24,0.9,77.41666666666667,7,2025,Monsoon
2025-07-22,30.2375,34.7,26.0,24,0.2,75.25,7,2025,Monsoon
2025-07-23,30.120833333333334,33.4,27.4,24,0.9,77.5,7,2025,Monsoon
2025-07-24,30.933333333333334,35.5,26.5,24,0.2,71.66666666666667,7,2025,Monsoon
2025-07-25,31.829166666666666,36.3,26.4,24,0.5,67.91666666666667,7,2025,Monsoon
2025-07-26,31.46666666666667,36.0,26.9,24,2.3,71.625,7,2025,Monsoon
2025-07-27,32.479166666666664,37.3,28.9,24,1.5,65.75,7,2025,Monsoon
2025-07-28,32.670833333333334,36.5,28.1,24,1.6,64.16666666666667,7,2025,Monsoon
2025-07-29,29.47083333333333,32.1,27.2,24,3.9000000000000004,80.375,7,2025,Monsoon
2025-07-30,27.979166666666668,31.5,26.1,24,15.4,87.625,7,2025,Monsoon
2025-07-31,27.641666666666666,31.1,25.4,24,33.1,87.95833333333333,7,2025,Monsoon
2025-08-01,28.383333333333336,32.0,25.8,24,6.2,84.70833333333333,8,2025,Monsoon
2025-08-02,29.25,33.0,26.0,24,0.39999999999999997,77.91666666666667,8,2025,Monsoon
2025-08-03,29.820833333333336,33.2,27.0,24,1.1,76.95833333333333,8,2025,Monsoon
2025-08-04,29.045833333333334,31.5,26.1,24,0.2,80.20833333333333,8,2025,Monsoon
2025-08-05,27.849999999999998,29.6,25.8,24,12.3,85.33333333333333,8,2025,Monsoon
2025-08-06,28.75,32.4,26.2,24,2.0,80.16666666666667,8,2025,Monsoon
2025-08-07,30.025000000000002,34.0,26.0,24,0.0,72.0,8,2025,Monsoon
2025-08-08,30.09583333333333,33.4,26.5,24,0.0,69.70833333333333,8,2025,Monsoon
2025-08-09,28.054166666666664,31.1,26.0,24,4.8,83.75,8,2025,Monsoon
2025-08-10,29.054166666666664,32.5,25.9,24,1.6,82.20833333333333,8,2025,Monsoon
2025-08-11,29.912499999999998,33.8,26.6,24,0.5,76.5,8,2025,Monsoon
2025-08-12,29.416666666666668,33.2,26.7,24,2.5,78.95833333333333,8,2025,Monsoon
2025-08-13,30.308333333333334,33.3,26.9,24,0.0,74.5,8,2025,Monsoon
2025-08-14,27.8125,29.5,26.3,24,7.9,87.54166666666667,8,2025,Monsoon
2025-08-15,28.587500000000002,32.1,25.5,24,2.5,85.41666666666667,8,2025,Monsoon
2025-08-16,28.650000000000002,31.1,26.4,24,8.200000000000001,86.5,8,2025,Monsoon
2025-08-17,29.104166666666668,32.4,27.4,24,1.0,85.16666666666667,8,2025,Monsoon
2025-08-18,29.233333333333334,32.0,27.1,24,8.6,82.66666666666667,8,2025,Monsoon
2025-08-19,29.21666666666667,31.9,26.8,24,7.6,81.79166666666667,8,2025,Monsoon
2025-08-20,29.3,32.7,25.9,24,6.1,78.83333333333333,8,2025,Monsoon
2025-08-21,29.941666666666666,34.1,25.2,24,20.0,76.08333333333333,8,2025,Monsoon
2025-08-22,30.287499999999998,34.4,25.2,24,4.8,75.91666666666667,8,2025,Monsoon
2025-08-23,28.366666666666664,32.5,25.3,24,13.299999999999999,84.33333333333333,8,2025,Monsoon
2025-08-24,27.795833333333334,31.5,25.6,24,10.7,86.125,8,2025,Monsoon
2025-08-25,26.820833333333336,29.6,24.4,24,16.7,88.0,8,2025,Monsoon
2025-08-26,27.337500000000002,30.0,25.0,24,6.5,88.04166666666667,8,2025,Monsoon
2025-08-27,28.516666666666666,32.5,25.1,24,1.0,85.79166666666667,8,2025,Monsoon
2025-08-28,28.662499999999998,32.4,25.5,24,13.0,85.875,8,2025,Monsoon
2025-08-29,27.90833333333333,31.2,25.0,24,13.4,87.5,8,2025,Monsoon
2025-08-30,28.583333333333332,31.8,26.2,24,0.9,82.91666666666667,8,2025,Monsoon
2025-08-31,26.724999999999998,30.0,24.5,24,13.2,90.54166666666667,8,2025,Monsoon
2025-09-01,25.46666666666667,29.2,24.0,24,32.9,92.04166666666667,9,2025,Monsoon
2025-09-02,25.045833333333334,27.0,23.8,24,24.7,92.75,9,2025,Monsoon
2025-09-03,26.291666666666668,29.8,24.0,24,17.9,88.125,9,2025,Monsoon
2025-09-04,27.337500000000002,31.8,24.0,24,9.5,85.58333333333333,9,2025,Monsoon
2025-09-05,27.59583333333333,31.0,25.5,24,4.4,85.04166666666667,9,2025,Monsoon
2025-09-06,27.65416666666667,31.2,24.5,24,13.3,85.33333333333333,9,2025,Monsoon
2025-09-07,27.979166666666668,31.9,24.8,24,2.3,85.16666666666667,9,2025,Monsoon
2025-09-08,28.5125,32.0,25.1,24,0.7000000000000001,82.5,9,2025,Monsoon
2025-09-09,29.045833333333334,32.3,25.8,24,0.7,77.29166666666667,9,2025,Monsoon
2025-09-10,29.03333333333333,33.0,25.5,24,0.0,73.95833333333333,9,2025,Monsoon
2025-09-11,28.420833333333334,32.3,24.6,24,0.0,72.58333333333333,9,2025,Monsoon
2025-09-12,28.570833333333336,32.6,24.4,24,0.2,73.83333333333333,9,2025,Monsoon
2025-09-13,29.4375,33.2,25.5,24,0.30000000000000004,72.625,9,2025,Monsoon
2025-09-14,31.28333333333333,36.2,26.1,24,0.2,63.416666666666664,9,2025,Monsoon
2025-09-15,31.654166666666665,36.4,26.2,24,0.0,58.625,9,2025,Monsoon
2025-09-16,31.479166666666668,36.8,27.0,24,0.0,57.458333333333336,9,2025,Monsoon
2025-09-17,31.058333333333334,35.2,26.6,24,0.0,62.041666666666664,9,2025,Monsoon
2025-09-18,30.075,33.6,25.0,24,2.4,68.16666666666667,9,2025,Monsoon
2025-09-19,30.8125,34.6,26.8,24,0.5,63.75,9,2025,Monsoon
2025-09-20,30.96666666666667,36.2,26.0,24,0.0,59.375,9,2025,Monsoon
2025-09-21,30.791666666666668,36.3,25.4,24,0.0,55.833333333333336,9,2025,Monsoon
2025-09-22,30.900000000000002,36.8,25.3,24,0.0,54.666666666666664,9,2025,Monsoon
2025-09-23,31.025000000000002,36.0,26.1,24,0.0,49.75,9,2025,Monsoon
2025-09-24,30.599999999999998,36.0,25.5,24,0.0,52.166666666666664,9,2025,Monsoon
2025-09-25,30.708333333333332,36.2,24.4,24,0.0,54.208333333333336,9,2025,Monsoon
2025-09-26,30.691666666666666,35.8,24.3,24,0.0,58.25,9,2025,Monsoon
2025-09-27,32.07083333333333,38.7,25.6,24,0.0,56.541666666666664,9,2025,Monsoon
2025-09-28,32.541666666666664,36.5,28.5,24,0.0,58.375,9,2025,Monsoon
2025-09-29,32.34583333333333,36.8,27.8,24,0.2,56.5,9,2025,Monsoon
2025-09-30,30.441666666666666,34.8,24.4,24,3.7,66.04166666666667,9,2025,Monsoon
2025-10-01,28.125,33.5,24.5,24,2.8000000000000003,76.04166666666667,10,2025,Post-monsoon
2025-10-02,28.458333333333332,32.6,24.4,24,1.0,71.79166666666667,10,2025,Post-monsoon
2025-10-03,29.0625,33.5,24.5,24,0.1,70.70833333333333,10,2025,Post-monsoon
2025-10-04,29.766666666666666,34.5,26.2,24,0.0,63.666666666666664,10,2025,Post-monsoon
2025-10-05,29.020833333333332,33.9,24.0,24,0.7,61.75,10,2025,Post-monsoon
2025-10-06,23.895833333333332,29.1,22.2,24,16.6,86.08333333333333,10,2025,Post-monsoon
2025-10-07,23.433333333333334,28.6,20.6,24,5.6,86.08333333333333,10,2025,Post-monsoon
2025-10-08,22.666666666666668,25.7,20.4,24,0.2,85.5,10,2025,Post-monsoon
2025-10-09,23.72083333333333,28.4,20.2,24,0.30000000000000004,74.66666666666667,10,2025,Post-monsoon
2025-10-10,23.479166666666668,28.6,19.1,24,0.0,68.79166666666667,10,2025,Post-monsoon
2025-10-11,23.820833333333336,29.0,19.1,24,0.0,68.83333333333333,10,2025,Post-monsoon
2025-10-12,24.974999999999998,30.6,20.5,24,0.0,64.625,10,2025,Post-monsoon
2025-10-13,25.495833333333334,31.7,19.7,24,0.0,60.416666666666664,10,2025,Post-monsoon
2025-10-14,25.620833333333334,32.0,20.3,24,0.0,55.25,10,2025,Post-monsoon
2025-10-15,25.52916666666667,31.8,19.0,24,0.0,53.75,10,2025,Post-monsoon
2025-10-16,25.291666666666668,31.5,18.8,24,0.0,56.708333333333336,10,2025,Post-monsoon
2025-10-17,25.733333333333334,32.2,18.5,24,0.0,58.166666666666664,10,2025,Post-monsoon
2025-10-18,26.258333333333336,33.2,20.1,24,0.0,59.125,10,2025,Post-monsoon
2025-10-19,26.820833333333336,33.5,20.0,24,0.0,56.25,10,2025,Post-monsoon
2025-10-20,27.558333333333334,33.1,20.1,24,0.0,51.083333333333336,10,2025,Post-monsoon
2025-10-21,26.72083333333333,31.2,22.7,24,0.1,58.958333333333336,10,2025,Post-monsoon
2025-10-22,26.625,31.7,21.1,24,0.0,59.291666666666664,10,2025,Post-monsoon
2025-10-23,26.066666666666666,31.8,21.1,24,0.0,45.416666666666664,10,2025,Post-monsoon
2025-10-24,25.087500000000002,32.2,18.2,24,0.0,52.083333333333336,10,2025,Post-monsoon
2025-10-25,25.03333333333333,31.5,18.5,24,0.0,49.208333333333336,10,2025,Post-monsoon
2025-10-26,25.175,31.4,18.6,24,0.0,47.208333333333336,10,2025,Post-monsoon
2025-10-27,24.370833333333334,30.1,18.6,24,0.0,55.541666666666664,10,2025,Post-monsoon
2025-10-28,23.520833333333332,27.6,20.5,24,0.0,70.5,10,2025,Post-monsoon
2025-10-29,24.52916666666667,29.2,18.9,24,0.0,68.20833333333333,10,2025,Post-monsoon
2025-10-30,23.933333333333334,27.2,21.5,24,0.2,77.29166666666667,10,2025,Post-monsoon
2025-10-31,25.233333333333334,30.3,21.5,24,0.1,75.625,10,2025,Post-monsoon
2025-11-01,24.554166666666664,30.9,19.3,24,0.0,62.791666666666664,11,2025,Post-monsoon
2025-11-02,23.525000000000002,29.4,18.7,24,0.0,59.208333333333336,11,2025,Post-monsoon
2025-11-03,22.916666666666668,30.2,17.2,24,0.0,55.833333333333336,11,2025,Post-monsoon
2025-11-04,23.316666666666666,28.6,17.7,24,0.0,60.708333333333336,11,2025,Post-monsoon
2025-11-05,23.604166666666668,29.4,18.8,24,0.0,63.375,11,2025,Post-monsoon
2025-11-06,20.525000000000002,26.0,15.7,24,0.0,49.291666666666664,11,2025,Post-monsoon
2025-11-07,19.912499999999998,27.2,14.8,24,0.0,48.375,11,2025,Post-monsoon
2025-11-08,19.691666666666666,26.8,12.9,24,0.0,46.25,11,2025,Post-monsoon
2025-11-09,19.5125,26.6,13.2,24,0.0,48.791666666666664,11,2025,Post-monsoon
2025-11-10,19.554166666666667,27.0,12.6,24,0.0,49.083333333333336,11,2025,Post-monsoon
2025-11-11,19.670833333333334,27.1,12.9,24,0.0,49.083333333333336,11,2025,Post-monsoon
2025-11-12,19.958333333333332,27.5,12.8,24,0.0,49.791666666666664,11,2025,Post-monsoon
2025-11-13,18.691666666666666,26.0,12.2,24,0.0,55.291666666666664,11,2025,Post-monsoon
2025-11-14,18.708333333333332,25.8,11.9,24,0.0,52.833333333333336,11,2025,Post-monsoon
2025-11-15,19.125,26.5,11.2,24,0.0,51.208333333333336,11,2025,Post-monsoon
2025-11-16,18.849999999999998,26.5,12.2,24,0.0,51.25,11,2025,Post-monsoon
2025-11-17,18.383333333333333,26.0,10.9,24,0.0,54.166666666666664,11,2025,Post-monsoon
2025-11-18,18.400000000000002,25.6,11.1,24,0.0,64.70833333333333,11,2025,Post-monsoon
2025-11-19,19.145833333333332,26.2,11.6,24,0.0,65.79166666666667,11,2025,Post-monsoon
2025-11-20,19.608333333333334,26.0,12.8,24,0.0,66.75,11,2025,Post-monsoon
2025-11-21,19.712500000000002,26.0,13.2,24,0.0,63.541666666666664,11,2025,Post-monsoon
2025-11-22,19.529166666666665,25.8,12.9,24,0.0,60.791666666666664,11,2025,Post-monsoon
2025-11-23,18.683333333333334,25.9,12.1,24,0.0,59.166666666666664,11,2025,Post-monsoon
2025-11-24,17.783333333333335,24.8,11.1,24,0.0,60.666666666666664,11,2025,Post-monsoon
2025-11-25,16.491666666666667,23.6,9.9,24,0.0,62.458333333333336,11,2025,Post-monsoon
2025-11-26,16.745833333333334,23.7,10.0,24,0.0,60.208333333333336,11,2025,Post-monsoon
2025-11-27,16.758333333333333,24.2,9.6,24,0.0,62.083333333333336,11,2025,Post-monsoon
2025-11-28,17.254166666666666,24.8,10.3,24,0.0,64.95833333333333,11,2025,Post-monsoon
2025-11-29,18.454166666666666,25.9,13.1,24,0.0,56.083333333333336,11,2025,Post-monsoon
2025-11-30,16.754166666666666,23.5,11.1,24,0.0,51.75,11,2025,Post-monsoon
2025-12-01,16.129166666666666,24.3,8.3,24,0.0,53.5,12,2025,Winter
2025-12-02,17.849999999999998,25.2,11.8,24,0.0,58.166666666666664,12,2025,Winter
2025-12-03,15.508333333333333,22.5,9.1,24,0.0,57.583333333333336,12,2025,Winter
2025-12-04,14.708333333333334,21.9,8.6,24,0.0,57.875,12,2025,Winter
2025-12-05,14.545833333333334,21.8,7.0,24,0.0,58.708333333333336,12,2025,Winter
2025-12-06,15.825000000000001,23.5,9.5,24,0.0,55.375,12,2025,Winter
2025-12-07,16.420833333333334,23.6,9.9,24,0.0,60.333333333333336,12,2025,Winter
2025-12-08,17.441666666666666,25.2,12.1,24,0.0,55.833333333333336,12,2025,Winter
2025-12-09,16.966666666666665,24.1,10.7,24,0.0,57.291666666666664,12,2025,Winter
2025-12-10,17.087500000000002,24.0,10.9,24,0.0,59.416666666666664,12,2025,Winter
2025-12-11,16.3625,24.0,9.4,24,0.0,66.20833333333333,12,2025,Winter
2025-12-12,16.179166666666667,23.4,8.9,24,0.0,69.79166666666667,12,2025,Winter
2025-12-13,17.120833333333334,24.4,10.3,24,0.0,69.58333333333333,12,2025,Winter
2025-12-14,17.208333333333332,24.1,11.2,24,0.0,73.0,12,2025,Winter
2025-12-15,15.9625,23.4,9.6,24,0.0,75.54166666666667,12,2025,Winter
2025-12-16,16.587500000000002,22.9,11.1,24,0.0,71.66666666666667,12,2025,Winter
2025-12-17,16.558333333333334,23.4,10.9,24,0.0,73.20833333333333,12,2025,Winter
2025-12-18,15.8375,22.5,9.6,24,0.0,77.125,12,2025,Winter
2025-12-19,15.279166666666667,21.9,9.7,24,0.0,79.45833333333333,12,2025,Winter
2025-12-20,14.512500000000001,21.8,8.2,24,0.0,79.58333333333333,12,2025,Winter
2025-12-21,14.683333333333332,20.8,10.7,24,0.0,82.16666666666667,12,2025,Winter
2025-12-22,15.345833333333333,21.3,11.4,24,0.0,83.33333333333333,12,2025,Winter
2025-12-23,15.9375,22.9,10.9,24,0.0,82.70833333333333,12,2025,Winter
2025-12-24,15.625,21.1,11.6,24,0.0,70.5,12,2025,Winter
2025-12-25,14.216666666666667,20.8,8.2,24,0.0,67.16666666666667,12,2025,Winter
2025-12-26,14.645833333333334,21.0,8.9,24,0.0,70.29166666666667,12,2025,Winter
2025-12-27,14.529166666666667,20.2,8.2,24,0.0,78.625,12,2025,Winter
2025-12-28,13.879166666666668,20.5,8.2,24,0.0,81.83333333333333,12,2025,Winter
2025-12-29,13.516666666666666,19.1,9.5,24,0.0,83.66666666666667,12,2025,Winter
2025-12-30,13.804166666666667,20.4,9.1,24,0.0,80.29166666666667,12,2025,Winter
2025-12-31,13.045833333333334,19.4,8.6,24,0.0,83.5,12,2025,Winter
2026-01-01,13.225,16.9,10.4,24,1.2000000000000002,90.58333333333333,1,2026,Winter
2026-01-02,13.754166666666668,17.4,10.4,24,0.0,80.5,1,2026,Winter
2026-01-03,13.025,17.0,9.6,24,0.0,78.20833333333333,1,2026,Winter
2026-01-04,12.3375,16.7,8.2,24,0.0,79.54166666666667,1,2026,Winter
2026-01-05,12.433333333333332,17.2,8.5,24,0.0,79.83333333333333,1,2026,Winter
2026-01-06,11.870833333333332,17.0,7.7,24,0.0,85.20833333333333,1,2026,Winter
2026-01-07,10.700000000000001,15.4,7.1,24,0.0,89.375,1,2026,Winter
2026-01-08,9.791666666666666,14.4,6.7,24,0.0,89.41666666666667,1,2026,Winter
2026-01-09,11.129166666666668,17.3,6.7,24,0.0,83.83333333333333,1,2026,Winter
2026-01-10,11.137500000000001,17.0,5.4,24,0.0,81.66666666666667,1,2026,Winter
2026-01-11,10.299999999999999,16.4,5.8,24,0.0,76.91666666666667,1,2026,Winter
2026-01-12,10.0875,17.2,4.8,24,0.0,73.16666666666667,1,2026,Winter
2026-01-13,10.525,18.5,4.9,24,0.0,78.95833333333333,1,2026,Winter
2026-01-14,10.174999999999999,17.4,5.0,24,0.0,80.04166666666667,1,2026,Winter
2026-01-15,10.670833333333334,16.9,4.9,24,0.0,79.16666666666667,1,2026,Winter
2026-01-16,12.058333333333332,19.8,4.7,24,0.0,71.75,1,2026,Winter
2026-01-17,13.9,22.6,6.5,24,0.0,72.79166666666667,1,2026,Winter
2026-01-18,14.6875,22.4,8.1,24,0.0,76.0,1,2026,Winter
2026-01-19,16.6875,25.0,10.6,24,0.0,66.29166666666667,1,2026,Winter
2026-01-20,16.395833333333332,24.2,8.5,24,0.0,65.25,1,2026,Winter
2026-01-21,15.479166666666666,22.6,8.2,24,0.0,68.20833333333333,1,2026,Winter
2026-01-22,17.420833333333334,25.0,9.9,24,0.0,60.833333333333336,1,2026,Winter
2026-01-23,15.266666666666666,18.2,12.4,24,23.4,82.79166666666667,1,2026,Winter
2026-01-24,11.566666666666668,16.4,7.6,24,0.0,69.54166666666667,1,2026,Winter
2026-01-25,10.683333333333332,16.5,5.9,24,0.0,74.58333333333333,1,2026,Winter
2026-01-26,12.204166666666666,18.8,6.2,24,0.0,77.375,1,2026,Winter
2026-01-27,14.4125,19.8,11.1,24,19.5,82.29166666666667,1,2026,Winter
2026-01-28,14.325000000000001,18.4,11.6,24,7.5,84.79166666666667,1,2026,Winter
2026-01-29,13.304166666666667,18.4,9.8,24,0.0,86.79166666666667,1,2026,Winter
2026-01-30,13.658333333333333,19.5,8.7,24,0.0,83.25,1,2026,Winter
2026-01-31,13.979166666666666,19.9,8.1,24,1.0,86.25,1,2026,Winter
2026-02-01,16.191666666666666,21.5,12.1,24,4.1000000000000005,83.04166666666667,2,2026,Winter
2026-02-02,15.108333333333334,19.7,12.4,24,0.0,88.875,2,2026,Winter
2026-02-03,14.325000000000001,19.6,9.7,24,0.0,83.08333333333333,2,2026,Winter
2026-02-04,14.700000000000001,20.1,10.2,24,0.0,79.41666666666667,2,2026,Winter
2026-02-05,14.983333333333334,21.2,9.9,24,0.0,73.625,2,2026,Winter
2026-02-06,15.9625,22.6,10.2,24,0.0,69.66666666666667,2,2026,Winter
2026-02-07,17.337500000000002,23.4,12.0,24,0.0,70.16666666666667,2,2026,Winter
2026-02-08,16.287499999999998,22.8,10.4,24,0.0,64.83333333333333,2,2026,Winter
2026-02-09,16.6125,24.0,9.6,24,0.0,64.0,2,2026,Winter
2026-02-10,18.8625,26.9,11.6,24,0.0,59.666666666666664,2,2026,Winter
2026-02-11,19.854166666666668,27.0,12.9,24,0.0,61.166666666666664,2,2026,Winter
2026-02-12,18.320833333333333,24.8,12.2,24,0.0,57.666666666666664,2,2026,Winter
2026-02-13,18.395833333333332,25.5,10.9,24,0.0,55.416666666666664,2,2026,Winter
2026-02-14,19.2375,26.5,10.9,24,0.0,56.291666666666664,2,2026,Winter
2026-02-15,20.408333333333335,28.1,12.8,24,0.0,55.708333333333336,2,2026,Winter
2026-02-16,20.883333333333333,29.5,11.7,24,0.0,54.875,2,2026,Winter
2026-02-17,22.2625,29.7,16.2,24,0.0,51.083333333333336,2,2026,Winter
2026-02-18,18.629166666666666,23.3,16.1,24,1.2999999999999998,75.25,2,2026,Winter
2026-02-19,19.599999999999998,26.3,13.9,24,0.1,69.125,2,2026,Winter
2026-02-20,20.520833333333332,27.9,15.0,24,0.0,66.20833333333333,2,2026,Winter
2026-02-21,20.170833333333334,27.2,13.7,24,0.0,66.16666666666667,2,2026,Winter
2026-02-22,20.379166666666666,28.1,13.0,24,0.0,63.833333333333336,2,2026,Winter
2026-02-23,21.52916666666667,29.4,13.4,24,0.0,58.166666666666664,2,2026,Winter
2026-02-24,21.8875,29.6,14.0,24,0.0,55.541666666666664,2,2026,Winter
2026-02-25,21.004166666666666,28.8,13.3,24,0.0,54.041666666666664,2,2026,Winter
2026-02-26,21.7,29.7,13.7,24,0.0,50.791666666666664,2,2026,Winter
2026-02-27,22.545833333333334,30.8,14.4,24,0.0,49.5,2,2026,Winter
2026-02-28,24.787499999999998,31.9,18.8,24,0.0,47.0,2,2026,Winter
2026-03-01,23.016666666666666,29.7,15.4,24,0.0,50.791666666666664,3,2026,Summer
2026-03-02,23.133333333333336,29.9,16.0,24,0.0,48.083333333333336,3,2026,Summer
2026-03-03,24.129166666666666,31.4,16.5,24,0.0,43.625,3,2026,Summer
2026-03-04,25.462500000000002,32.9,17.4,24,0.0,45.541666666666664,3,2026,Summer
2026-03-05,26.708333333333332,33.8,20.1,24,0.0,49.375,3,2026,Summer
2026-03-06,26.52916666666667,34.1,19.3,24,0.0,48.75,3,2026,Summer
2026-03-07,27.195833333333336,35.2,20.1,24,0.0,55.083333333333336,3,2026,Summer
2026-03-08,27.5,35.7,18.5,24,0.0,48.458333333333336,3,2026,Summer
2026-03-09,27.120833333333334,35.5,18.8,24,0.0,52.833333333333336,3,2026,Summer
2026-03-10,27.795833333333334,35.5,19.4,24,0.0,55.625,3,2026,Summer
2026-03-11,27.9875,36.2,18.5,24,0.0,43.208333333333336,3,2026,Summer
2026-03-12,27.691666666666666,35.9,19.4,24,0.0,36.0,3,2026,Summer
2026-03-13,26.208333333333332,32.5,20.0,24,0.0,48.375,3,2026,Summer
2026-03-14,26.245833333333334,32.8,19.9,24,0.0,37.791666666666664,3,2026,Summer
2026-03-15,23.266666666666666,27.9,18.1,24,2.5,55.041666666666664,3,2026,Summer
2026-03-16,23.3125,30.9,17.1,24,0.3,50.083333333333336,3,2026,Summer
2026-03-17,23.47083333333333,31.2,16.8,24,0.0,53.291666666666664,3,2026,Summer
2026-03-18,23.712500000000002,32.2,17.7,24,7.2,58.791666666666664,3,2026,Summer
